2941771c9a2fa2472d789a07c4c8ebee056c96f0,"ABDERA-284: Updated the Axiom version in the ant build (to match the one used in the Maven build).

git-svn-id: https://svn.apache.org/repos/asf/abdera/java/trunk@1210094 13f79535-47bb-0310-9956-ffa450edef68",2,6,5,ABDERA-284,True
1e510f23a3767381609d824580e78dcaeb32862c,"ABDERA-290: Apply patch from Andreas Veithen and Olve Sæther Hansen to fix using Axiom 1.2.12 breaks Abdera-parser - compile-errors

git-svn-id: https://svn.apache.org/repos/asf/abdera/java/trunk@1184766 13f79535-47bb-0310-9956-ffa450edef68",6,27,129,ABDERA-290,True
48df3ea4e452983119ea63c87596b5efb6e815b1,"ABDERA-279: Apply patch from Antoine Toulme to fix Faulty classloading - unreachable code

git-svn-id: https://svn.apache.org/repos/asf/abdera/java/trunk@1058884 13f79535-47bb-0310-9956-ffa450edef68",1,8,2,ABDERA-279,True
b0efb7119a8c5407f8a8da396a50a4842e1c4e88,"ABDERA-278: Fix to relax the version requirement for commons-codec in OSGi manifests

git-svn-id: https://svn.apache.org/repos/asf/abdera/java/trunk@1056895 13f79535-47bb-0310-9956-ffa450edef68",4,16,0,ABDERA-278,False
6dc510fbed8662129174f5cb35a86a090a877a1f,"ABDERA-277: Correct application of patch to fix Excessive calls to flush() on the Writer responsible for writing JSONStream data

git-svn-id: https://svn.apache.org/repos/asf/abdera/java/trunk@1056350 13f79535-47bb-0310-9956-ffa450edef68",2,2,5,ABDERA-277,True
03cf598c3dc4667ac190df6dcc134e4ef0dcbe25,"ABDERA-277: Apply patch from Olve Sæther Hansen to fix Excessive calls to flush() on the Writer responsible for writing JSONStream data.

git-svn-id: https://svn.apache.org/repos/asf/abdera/java/trunk@1056044 13f79535-47bb-0310-9956-ffa450edef68",3,5,13,ABDERA-277,True
9c0fbce6c54e436324bf10c57715f362069e96f2,"ABDERA-262: Apply patch from Nathan Reese to fix EntryRequestProcessor and MediaRequestProcessor do not support POST

git-svn-id: https://svn.apache.org/repos/asf/abdera/java/trunk@1039944 13f79535-47bb-0310-9956-ffa450edef68",4,224,0,ABDERA-262,True
57db07e2bc01ddd63c5d3f64b42620a96311a85c,"ABDERA-270: Apply patch from Guillaume Nodet for OSGi meta-data is broken

git-svn-id: https://svn.apache.org/repos/asf/abdera/java/trunk@1039664 13f79535-47bb-0310-9956-ffa450edef68",25,165,290,ABDERA-270,True
f811648cb3df6e69ee7809c8f95c3f8d49a5d29d,"ABDERA-267: Apply patch from Andreas Veithen to use latest axiom to get fix for performance issue. This is using the latest axiom snapshot so we can't release abdera till an axiom release is done with the fix, hopefullt that wont be too long

git-svn-id: https://svn.apache.org/repos/asf/abdera/java/trunk@1006114 13f79535-47bb-0310-9956-ffa450edef68",7,91,28,ABDERA-267,True
5e5020962e785b98322f19fc128409faddc622de,"ABDERA-102: Apply patch from Christine Koppelt for Unit tests equality assertions, params in wrong order

git-svn-id: https://svn.apache.org/repos/asf/abdera/java/trunk@940380 13f79535-47bb-0310-9956-ffa450edef68",5,48,74,ABDERA-102,False
3313fe81312c2b044c13c868708b5a2ec57372cb,"ABDERA-233: initBaseUri() in the class ServletRequestContext will append the port 443 to https requests, fixed as suggested in JIRA by J G

git-svn-id: https://svn.apache.org/repos/asf/abdera/java/trunk@940215 13f79535-47bb-0310-9956-ffa450edef68",1,1,1,ABDERA-233,False
630eeb67674719e2a25b61e9b747868b00ad3fc1,"ABDERA-256: take out test for now as its hanging

git-svn-id: https://svn.apache.org/repos/asf/abdera/java/trunk@940193 13f79535-47bb-0310-9956-ffa450edef68",1,2,0,ABDERA-256,True
f37f320d131b77221fe78b5e93a1cfa4a1aa4d5b,"[ABDERA-202]: Add RSS contrib to regular build
I've moved it from the contrib directory to the extensions directory



git-svn-id: https://svn.apache.org/repos/asf/incubator/abdera/java/trunk@718797 13f79535-47bb-0310-9956-ffa450edef68",27,77,27,ABDERA-202,True
5c0a99b6b39becba3f098806a750ba189cff617f,"[ABDERA-194]: FOMXPath selectNodes() accepts a Base argument but requires an Axiom object to work properly.
now FOMXPath class uses the internal element when the base parameter is an ElementWrapper.

I've also fixed some compilation problems due to having a method in two interfaces that accept the same parameters but return different types.




git-svn-id: https://svn.apache.org/repos/asf/incubator/abdera/java/trunk@718752 13f79535-47bb-0310-9956-ffa450edef68",7,28,6,ABDERA-194,True
c34d268b0516acb4558a914b17fe2454b9abd22e,"[ABDERA-203]: Out of line categories incorrectly serialized. Thanks to Adam Constabaris.

we won't write ""fixes"" attribute when it's value is ""no"" nor the ""scheme"" attribute when it's value is null.



git-svn-id: https://svn.apache.org/repos/asf/incubator/abdera/java/trunk@711347 13f79535-47bb-0310-9956-ffa450edef68",1,8,3,ABDERA-203,True
c975b5626830a36b942a4599db46e77016ca37d9,"[ABDERA-139]: routes requirements are never used

now they can be used to check parameter formats  with regular expressions, you can take a look at the test case.


git-svn-id: https://svn.apache.org/repos/asf/incubator/abdera/java/trunk@711278 13f79535-47bb-0310-9956-ffa450edef68",2,35,1,ABDERA-139,False
0b3bebe74e617937eed0190ffd647d7d0bc46697,"[ABDERA-201]: Does not support HTTP header Expires -1 and throw org.apache.commons.httpclient.util.DateParseException: Unable to parse the date -1

If the header is not valid the cache should be expired, fragment from the RFC 2616:

HTTP/1.1 clients and caches MUST treat other invalid date formats,
   especially including the value ""0"", as in the past (i.e., ""already
   expired"").


git-svn-id: https://svn.apache.org/repos/asf/incubator/abdera/java/trunk@711131 13f79535-47bb-0310-9956-ffa450edef68",1,1,1,ABDERA-201,True
595d67876f8c66d59d6bc2851f2b525e82c7092a,"[ABDERA-205]: JSONStream throws a npe when the content element is empty

I've added a simple test


git-svn-id: https://svn.apache.org/repos/asf/incubator/abdera/java/trunk@710193 13f79535-47bb-0310-9956-ffa450edef68",3,84,4,ABDERA-205,True
134e1fb808512d2c3e215100563096cb83d83c30,"[ABDERA-148] Support Java 6 compilation. Added ""java6"" Maven profile which can be invoke with mvn -Pjava6 installl or in settings.xml. Note: I also had to set  MAVEN_OPTS=""-XX:MaxPermSize=128m"" to avoid an out of memory exception when compiling with Java 6.

git-svn-id: https://svn.apache.org/repos/asf/incubator/abdera/java/trunk@687058 13f79535-47bb-0310-9956-ffa450edef68",1,47,7,ABDERA-148,False
c8bad094f8dac5c1de0c075b1da4937269617b07,"[ABDERA-196]: CacheFactory interface is incorrectly referenced in AbderaClient. Thanks to Aaron Evans.

I've also added a test case.

git-svn-id: https://svn.apache.org/repos/asf/incubator/abdera/java/trunk@685463 13f79535-47bb-0310-9956-ffa450edef68",2,9,2,ABDERA-196,True
62fa9c7bfba9f7b3da02d3f610a0260ed892bd17,"[ABDERA-195]: OpenSearchDescription setters don't handle null args gracefully. Thanks to Christopher Elkins.

all the test classes have been added to the test suite class.
OpenSearchTest class is removed due to is not been used.

git-svn-id: https://svn.apache.org/repos/asf/incubator/abdera/java/trunk@684744 13f79535-47bb-0310-9956-ffa450edef68",3,44,3,ABDERA-195,True
a796fdbaead45e66cf7593d2994017f3f7eb57bc,"[ABDERA-193]: AtomDate hardening - clone java.util.Date, make non-null a requirement. Thanks to Nathan Beyer.


git-svn-id: https://svn.apache.org/repos/asf/incubator/abdera/java/trunk@682320 13f79535-47bb-0310-9956-ffa450edef68",2,147,9,ABDERA-193,False
a4ee2d3a096650d5441f8321e9c1732c43d3fea3,"[ABDERA-190]: serialization and concurrency updates to AbstractListParseFilter and AbstractParseFilter. Thanks to Nathan Beyer:

Serialization adjustments
* declare explicit serialVersionUID fields
* make Collection-based fields transient and implement custom read/write methods

Concurrency adjustments
* remove the Collections.synchronizedXXX types
* use synchronized blocks to wrap all access to the fields; this will increase the atomicity to the complete interactions with the fields, instead just each method call

git-svn-id: https://svn.apache.org/repos/asf/incubator/abdera/java/trunk@681083 13f79535-47bb-0310-9956-ffa450edef68",3,147,17,ABDERA-190,False
fa291f9b5d4407422da2af3a69ab36f5098701c3,"[ABDERA-189]: generics/type-variable clean up. Thanks to Nathan Beyer.


git-svn-id: https://svn.apache.org/repos/asf/incubator/abdera/java/trunk@680940 13f79535-47bb-0310-9956-ffa450edef68",4,12,18,ABDERA-189,False
40c064f3e9f6e371f56e83749c29a402494a15d5,"[ABDERA-188]: OpenSearch support improvement. Thanks to Sergio Bossa.

This new implementation cover all openSearch use cases:

* Abdera model elements for both the Atom extension and the Open Search Description document (package org.apache.abdera.ext.opensearch.model).
* Metadata (*Info) classes for representing the Open Search server model (package org.apache.abdera.ext.opensearch.server).
* Adapter interface to implement for actually handling search urls (package org.apache.abdera.ext.opensearch.server).
* Two new target types (package org.apache.abdera.ext.opensearch.server.processors).
* Two new request processors for handling requests to the Open Search description document and the Open Search urls (package org.apache.abdera.ext.opensearch.server.processors).

git-svn-id: https://svn.apache.org/repos/asf/incubator/abdera/java/trunk@680749 13f79535-47bb-0310-9956-ffa450edef68",36,2395,416,ABDERA-188,False
3778d6a69b2f5d4b9b52c7d36df41fc81c06b4c8,"ABDERA-166: Support multipart/related packaging

It allows to decode multipart/related objects that contain the media resource and the media link entry. It follows the Joe Gregorio draft:

http://atompub-mulitpart-spec.googlecode.com/svn/trunk/draft-gregorio-atompub-multipart-02.txt

I've wrotten a little howto into the wiki:

http://cwiki.apache.org/confluence/display/ABDERA/Support+for+AtomPub-multipart



git-svn-id: https://svn.apache.org/repos/asf/incubator/abdera/java/trunk@679302 13f79535-47bb-0310-9956-ffa450edef68",19,1025,97,ABDERA-166,False
d8e3f613267021490b166084d2cadf592005ee4f,"ABDERA-186: Custom Provider request processors get overridden by defaults. Thanks to Christopher Elkins.

Moved requestProcessors initialization to a protected constructor in order to drop trumped requestProcessors.

git-svn-id: https://svn.apache.org/repos/asf/incubator/abdera/java/trunk@676233 13f79535-47bb-0310-9956-ffa450edef68",1,9,6,ABDERA-186,True
b35ac8f26b9ce5ceedd4f39a077fbec516215106,"ABDERA-185: Refactoring AbstractProvider to make it open for extension. Thanks to Sergio Bossa

All the bussiness logic has been moved from AbstractProvider to a specific RequestProccessor implementation. Each implementation serves one type of
requests, for instance, EntryRequestProcessor class serves TargetType.TYPE_ENTRY requests.

I've changed some stuff of the patch. I've moved processors to a specific package and I've deleted the NoOpTransaction class since it's not needed.
Moreover I've renamed the ""setAdditionalRequestProcessors"" method as ""addRequestProcessors"", I think it's more readable and it follows the abdera
names convention(""addFilter"", ""addCollection"" ...).




git-svn-id: https://svn.apache.org/repos/asf/incubator/abdera/java/trunk@674439 13f79535-47bb-0310-9956-ffa450edef68",8,556,313,ABDERA-185,False
865535dc47b350dc1bc756b6abc1b5455aa33c9b,"ABDERA-183: add accessors for RouteTargetType

git-svn-id: https://svn.apache.org/repos/asf/incubator/abdera/java/trunk@673888 13f79535-47bb-0310-9956-ffa450edef68",1,8,0,ABDERA-183,True
1bb2ae57e1d3f7a1af196dd3d9578d726cb97a71,"ABDERA-147: add easymock to dependencies

ABDERA-144: proper logging level for exceptions.

ABDERA-146: bad edit link for entries.



git-svn-id: https://svn.apache.org/repos/asf/incubator/abdera/java/branches/abdera-0.4.0-incubating@649280 13f79535-47bb-0310-9956-ffa450edef68",8,138,83,ABDERA-147,False
8d9548b341a6e20a826f24dbdbf9f3db96c240ce,"ABDERA-101: make non-root context paths work for real now.

git-svn-id: https://svn.apache.org/repos/asf/incubator/abdera/java/trunk@619583 13f79535-47bb-0310-9956-ffa450edef68",2,74,30,ABDERA-101,True
e0835c5dba1bbb5cea2668372ca3ffa6290bb98b,"ABDERA-101 - make URIs work correctly with a non root context path.

git-svn-id: https://svn.apache.org/repos/asf/incubator/abdera/java/trunk@619246 13f79535-47bb-0310-9956-ffa450edef68",4,16,8,ABDERA-101,True
d5dc827b64bdd09f3ff9424966982c76f7ef9cee,"ABDERA-85: Add RequestContext to AbstractCollectionProvider.getId()
ABDERA-86: Use a regex inside ServiceProvider to determine the path

Thanks to Jim Ancona for these patches!!



git-svn-id: https://svn.apache.org/repos/asf/incubator/abdera/java/trunk@612235 13f79535-47bb-0310-9956-ffa450edef68",6,491,483,ABDERA-85,False
e4f862dc4afeb74d1d229a4af21743256acf707d,"[ABDERA-47] Moved testcase to abdera-parser module so it can be run within Eclipse.
Fixed bug by specifying the correct encofing when converting between chars and bytes.


git-svn-id: https://svn.apache.org/repos/asf/incubator/abdera/java/trunk@538598 13f79535-47bb-0310-9956-ffa450edef68",3,41,22,ABDERA-47,True
