ABDERA-284,True
ABDERA-290,True
ABDERA-279,True
ABDERA-278,False
ABDERA-277,True
ABDERA-262,True
ABDERA-270,True
ABDERA-267,True
ABDERA-102,False
ABDERA-233,False
ABDERA-256,True
ABDERA-166,False
ABDERA-186,True
ABDERA-185,False
ABDERA-183,True
ABDERA-147,False
ABDERA-101,True
ABDERA-85,False
ABDERA-202,True
ABDERA-194,True
ABDERA-203,True
ABDERA-139,False
ABDERA-201,True
ABDERA-205,True
ABDERA-148,False
ABDERA-196,True
ABDERA-195,True
ABDERA-193,False
ABDERA-190,False
ABDERA-189,False
ABDERA-188,False
ABDERA-47,True
