AMQ-7465,True
AMQ-7291,True
AMQ-7480,True
AMQ-7394,True
AMQ-7008,False
AMQ-7488,True
AMQ-7483,True
AMQ-7485,True
AMQ-7463,True
AMQ-7473,False
AMQ-7479,False
AMQ-7478,False
AMQ-7477,False
AMQ-7476,True
AMQ-7475,False
AMQ-7301,True
AMQ-7403,True
AMQ-7347,True
AMQ-7303,True
AMQ-7346,True
AMQ-7433,True
AMQ-7425,True
AMQ-7432,True
AMQ-7314,True
AMQ-7431,True
AMQ-7388,False
AMQ-7429,True
AMQ-7424,True
AMQ-7131,True
AMQ-7368,True
AMQ-7419,False
AMQ-7407,True
AMQ-6833,True
AMQ-7333,True
AMQ-7410,False
AMQ-7415,False
AMQ-7416,False
AMQ-7417,False
AMQ-7414,False
AMQ-7103,False
AMQ-7409,False
AMQ-7408,False
AMQ-7278,False
AMQ-7320,True
AMQ-7399,True
AMQ-7400,True
AMQ-7401,False
AMQ-7385,False
AMQ-7384,False
AMQ-7387,False
AMQ-7321,True
AMQ-7386,False
AMQ-7383,False
AMQ-7382,False
AMQ-7381,False
AMQ-7380,False
AMQ-7391,False
AMQ-7389,False
AMQ-7357,True
AMQ-7351,False
AMQ-7329,True
AMQ-7345,False
AMQ-7310,True
AMQ-7252,True
AMQ-6556,False
AMQ-7068,False
AMQ-7327,True
AMQ-7332,False
AMQ-7331,False
AMQ-7324,False
AMQ-7330,False
AMQ-7323,False
AMQ-7249,True
AMQ-7199,False
AMQ-7258,True
AMQ-7253,False
AMQ-7254,True
AMQ-7075,True
AMQ-7135,True
AMQ-7126,True
AMQ-7076,True
AMQ-7060,True
AMQ-6780,True
AMQ-7063,False
AMQ-7031,False
AMQ-7053,False
AMQ-6954,True
AMQ-7032,False
AMQ-7023,False
AMQ-6996,True
AMQ-7013,True
AMQ-7011,True
AMQ-6906,True
AMQ-4261,False
AMQ-6907,False
AMQ-6891,True
AMQ-6815,True
AMQ-6880,True
AMQ-6847,True
AMQ-6601,True
AMQ-6854,False
AMQ-6859,True
AMQ-6849,False
AMQ-6829,False
AMQ-6824,True
AMQ-6790,False
AMQ-6277,True
AMQ-6792,True
AMQ-6643,True
AMQ-6788,True
AMQ-6787,True
AMQ-6778,True
AMQ-6771,True
AMQ-6764,False
AMQ-4947,False
AMQ-6625,True
AMQ-6703,True
AMQ-6702,False
AMQ-6700,True
AMQ-6689,False
AMQ-6696,True
AMQ-6693,True
AMQ-6691,False
AMQ-6690,False
AMQ-6688,True
AMQ-6678,True
AMQ-6687,True
AMQ-6684,True
AMQ-6670,True
AMQ-6665,True
AMQ-6068,True
AMQ-2100,True
AMQ-6465,True
AMQ-6667,True
AMQ-6644,True
AMQ-6652,True
AMQ-6630,False
AMQ-6494,True
AMQ-6646,True
AMQ-5558,False
AMQ-6645,True
AMQ-6640,True
AMQ-6561,True
AMQ-6620,True
AMQ-6606,True
AMQ-3233,True
AMQ-6610,True
AMQ-6614,True
AMQ-6603,True
AMQ-6414,True
AMQ-6567,True
AMQ-6517,True
AMQ-6605,True
AMQ-6597,True
AMQ-6547,True
AMQ-6587,True
AMQ-6571,False
AMQ-6432,True
AMQ-6591,True
AMQ-6586,True
AMQ-6584,True
AMQ-6576,True
AMQ-6548,True
AMQ-6562,True
AMQ-6546,False
AMQ-6542,False
AMQ-6544,True
AMQ-6543,False
AMQ-6514,True
AMQ-6529,True
AMQ-6441,True
AMQ-5875,True
AMQ-6515,True
AMQ-6518,True
AMQ-6522,True
AMQ-6520,True
AMQ-3166,True
AMQ-4082,True
AMQ-6380,False
AMQ-6355,True
AMQ-6020,True
AMQ-5858,True
AMQ-5821,True
AMQ-5770,True
AMQ-5789,False
AMQ-5583,True
AMQ-5584,True
AMQ-5520,True
AMQ-5517,True
AMQ-5514,True
AMQ-5505,False
AMQ-5499,False
AMQ-5455,True
AMQ-5353,True
AMQ-5167,True
AMQ-4813,True
AMQ-5029,True
AMQ-4174,False
AMQ-4994,True
AMQ-4931,False
AMQ-4976,True
AMQ-7490,False
AMQ-7489,False
AMQ-7467,False
AMQ-7439,True
AMQ-7440,False
AMQ-7484,True
AMQ-7446,False
AMQ-7438,False
AMQ-7472,False
AMQ-7464,True
AMQ-7458,False
AMQ-7447,False
AMQ-7449,False
AMQ-7454,False
AMQ-7457,False
AMQ-7365,False
AMQ-7435,False
AMQ-7434,False
AMQ-7423,False
AMQ-7412,False
AMQ-7411,False
AMQ-7406,False
AMQ-7404,False
AMQ-7402,True
AMQ-7376,True
AMQ-7393,False
AMQ-7231,True
AMQ-7142,True
AMQ-7348,False
AMQ-7349,False
AMQ-7375,False
AMQ-7373,True
AMQ-5035,True
AMQ-7353,True
AMQ-5486,True
AMQ-7352,True
AMQ-7302,True
AMQ-5734,False
AMQ-7106,True
AMQ-6905,True
AMQ-6904,False
AMQ-6908,True
AMQ-6963,False
AMQ-7069,True
AMQ-7339,False
AMQ-7335,False
AMQ-7295,False
AMQ-7312,True
AMQ-7130,True
AMQ-7322,False
AMQ-7319,False
AMQ-7311,True
AMQ-7185,True
AMQ-7308,True
AMQ-7118,True
AMQ-7300,False
AMQ-7196,True
AMQ-7298,True
AMQ-7292,False
AMQ-7290,False
AMQ-7289,False
AMQ-7201,True
AMQ-7275,False
AMQ-7274,False
AMQ-7268,False
AMQ-7271,False
AMQ-7270,True
AMQ-7244,False
AMQ-7230,False
AMQ-7266,False
AMQ-7102,True
AMQ-7094,False
AMQ-3405,True
AMQ-7247,False
AMQ-6949,True
AMQ-7242,False
AMQ-7179,False
AMQ-7208,False
AMQ-7236,True
AMQ-7239,False
AMQ-7238,True
AMQ-7234,True
AMQ-7216,False
AMQ-7235,False
AMQ-7233,True
AMQ-7228,False
AMQ-7225,True
AMQ-7227,True
AMQ-7221,False
AMQ-7219,True
AMQ-7218,True
AMQ-7209,True
AMQ-7137,False
AMQ-7193,True
AMQ-7191,False
AMQ-7189,True
AMQ-7165,True
AMQ-7112,False
AMQ-7167,True
AMQ-7159,False
AMQ-7166,False
AMQ-7163,True
AMQ-5790,True
AMQ-7153,False
AMQ-7151,False
AMQ-7146,False
AMQ-7143,False
AMQ-7085,True
AMQ-7132,False
AMQ-7136,False
AMQ-7125,True
AMQ-7129,True
AMQ-7097,False
AMQ-7115,True
AMQ-7107,False
AMQ-7084,True
AMQ-7009,True
AMQ-7091,True
AMQ-7082,True
AMQ-7088,True
AMQ-7086,True
AMQ-7067,True
AMQ-7079,True
AMQ-6590,True
AMQ-7077,True
AMQ-7071,False
AMQ-7065,True
AMQ-7062,True
AMQ-6086,True
AMQ-7047,False
AMQ-7057,False
AMQ-7056,False
AMQ-7055,False
AMQ-7052,False
AMQ-7037,False
AMQ-6997,False
AMQ-5917,True
AMQ-7035,True
AMQ-7030,True
AMQ-7029,False
AMQ-7027,False
AMQ-7001,True
AMQ-2659,True
AMQ-7004,False
AMQ-7206,False
AMQ-6990,True
AMQ-6974,False
AMQ-6967,True
AMQ-7017,True
AMQ-6970,True
AMQ-7019,True
AMQ-7021,True
AMQ-7015,False
AMQ-5976,True
AMQ-6994,True
AMQ-6992,True
AMQ-7012,True
AMQ-7006,True
AMQ-4706,False
AMQ-7007,False
AMQ-7002,True
AMQ-6575,True
AMQ-7000,True
AMQ-5837,False
AMQ-6979,True
AMQ-6968,True
AMQ-6707,True
AMQ-6962,False
AMQ-6959,False
AMQ-6958,False
AMQ-6100,True
AMQ-6909,False
AMQ-6957,False
AMQ-6947,True
AMQ-6930,False
AMQ-6940,True
AMQ-6935,False
AMQ-6934,False
AMQ-6928,False
AMQ-6924,True
AMQ-6901,True
AMQ-6874,False
AMQ-6884,True
AMQ-6327,True
AMQ-6861,False
AMQ-6875,True
AMQ-6872,False
AMQ-6871,True
AMQ-6858,True
AMQ-6856,False
AMQ-6828,False
AMQ-6834,True
AMQ-6831,True
AMQ-6830,False
AMQ-6821,False
AMQ-6823,True
AMQ-6820,True
AMQ-6809,True
AMQ-6813,True
AMQ-6812,True
AMQ-6811,True
AMQ-6808,False
AMQ-6765,True
AMQ-6804,False
AMQ-6801,True
AMQ-6798,True
AMQ-6796,True
AMQ-6694,True
AMQ-6704,False
AMQ-6681,False
AMQ-5932,True
AMQ-6706,False
AMQ-6585,True
AMQ-6699,True
AMQ-6698,True
AMQ-6697,True
AMQ-6664,True
AMQ-6675,False
AMQ-6674,False
AMQ-6673,False
AMQ-6672,False
AMQ-6623,False
AMQ-6661,True
AMQ-6651,False
AMQ-6642,True
AMQ-6377,True
AMQ-6602,True
AMQ-6599,True
AMQ-5659,False
AMQ-5939,True
AMQ-5796,True
AMQ-5654,False
AMQ-5344,False
AMQ-6057,False
AMQ-6506,False
AMQ-6452,False
AMQ-5247,False
AMQ-6451,True
AMQ-6497,False
AMQ-6471,True
AMQ-6463,True
AMQ-6459,True
AMQ-6454,True
AMQ-6403,False
AMQ-6428,False
AMQ-6450,False
AMQ-6422,True
AMQ-6406,True
AMQ-6413,True
AMQ-2910,True
AMQ-6411,True
AMQ-6402,True
AMQ-5815,True
AMQ-6392,True
AMQ-6389,True
AMQ-6379,False
AMQ-6378,True
AMQ-6372,True
AMQ-6370,True
AMQ-6361,True
AMQ-6362,False
AMQ-6301,True
AMQ-6317,True
AMQ-5574,False
AMQ-4181,True
AMQ-6298,True
AMQ-6274,False
AMQ-6213,True
AMQ-6248,True
AMQ-5662,False
AMQ-6167,False
AMQ-6183,True
AMQ-6181,False
AMQ-6178,False
CAMEL-8522,False
AMQ-6175,True
AMQ-6147,False
AMQ-6166,False
AMQ-6149,False
AMQ-6121,True
AMQ-6030,False
AMQ-6045,True
AMQ-5891,True
AMQ-6058,True
AMQ-6055,True
AMQ-6032,True
AMQ-6009,False
AMQ-6031,True
AMQ-5933,True
AMQ-5957,False
AMQ-5977,False
AMQ-5964,False
AMQ-5923,True
AMQ-5949,False
AMQ-5935,False
AMQ-5878,False
AMQ-5920,False
AMQ-5889,False
AMQ-5748,True
AMQ-5918,False
AMQ-5645,True
AMQ-5903,True
AMQ-5895,True
AMQ-5266,True
AMQ-5892,False
AMQ-5890,True
AMQ-5400,True
AMQ-5888,True
AMQ-5733,True
AMQ-5713,True
AMQ-5801,False
AMQ-5793,True
AMQ-5782,True
AMQ-5763,True
AMQ-5760,False
AMQ-5699,False
AMQ-5738,True
AMQ-5721,True
AMQ-5709,False
AMQ-5693,False
AMQ-5657,False
AMQ-5636,False
AMQ-5560,False
AMQ-5637,False
AMQ-5608,True
AMQ-5592,False
AMQ-5523,False
AMQ-5521,False
AMQ-5519,True
AMQ-5491,False
AMQ-5312,False
AMQ-5265,True
AMQ-5086,True
AMQ-5366,False
AMQ-4829,True
AMQ-5242,True
AMQ-2354,False
AMQ-4399,False
AMQ-2388,False
AMQ-4999,False
AMQ-5124,True
AMQ-5107,True
AMQ-5090,True
AMQ-4998,True
AMQ-5060,False
AMQ-5042,True
AMQ-5047,True
AMQ-5049,False
AMQ-5041,True
AMQ-5033,True
AMQ-5028,True
AMQ-5005,False
AMQ-5104,True
AMQ-2429,False
AMQ-4950,True
AMQ-5101,True
AMQ-4858,False
AMQ-4885,False
AMQ-4856,False
AMQ-3922,True
AMQ-2505,True
AMQ-4881,False
AMQ-2960,True
AMQ-1063,True
AMQ-4826,False
AMQ-2536,True
AMQ-3350,True
AMQ-4325,True
AMQ-4746,True
AMQ-4685,True
AMQ-4668,True
AMQ-4841,True
AMQ-4433,True
AMQ-4819,False
AMQ-5091,False
AMQ-4831,False
AMQ-4175,True
AMQ-4903,False
AMQ-3101,True
AMQ-4883,False
AMQ-3580,True
AMQ-4801,True
AMQ-4803,False
AMQ-4799,False
AMQ-4795,False
AMQ-4787,False
AMQ-4747,True
AMQ-4784,False
AMQ-4277,True
AMQ-4780,True
AMQ-4371,True
AMQ-4769,True
AMQ-4750,False
AMQ-4748,True
AMQ-4760,False
AMQ-4752,False
AMQ-4751,False
AMQ-4749,False
AMQ-4745,False
AMQ-4343,True
AMQ-4557,False
AMQ-4732,False
AMQ-4734,False
AMQ-4733,False
AMQ-4702,True
AMQ-4637,False
AMQ-4571,False
AMQ-4552,False
AMQ-4212,True
AMQ-4412,False
AMQ-4122,True
AMQ-3914,False
AMQ-4252,False
AMQ-4257,False
AMQ-4256,False
AMQ-4250,False
AMQ-4005,True
AMQ-4179,True
AMQ-4124,False
AMQ-4154,True
AMQ-4153,True
AMQ-4056,False
AMQ-4123,True
AMQ-4112,False
AMQ-3723,False
AMQ-4098,True
AMQ-3116,False
AMQ-3173,False
AMQ-1492,False
AMQ-1719,True
AMQ-4088,True
AMQ-4089,False
AMQ-4087,False
AMQ-4081,True
AMQ-4070,True
AMQ-4069,False
AMQ-4067,False
AMQ-3727,True
AMQ-4063,False
AMQ-4043,True
AMQ-2488,True
AMQ-4053,False
AMQ-4011,True
AMQ-4060,False
AMQ-4057,False
AMQ-4058,True
AMQ-4047,True
AMQ-4054,False
AMQ-4049,False
AMQ-4044,True
AMQ-4041,False
AMQ-4045,False
AMQ-4038,False
AMQ-4015,False
AMQ-4029,False
AMQ-3994,True
AMQ-4033,True
AMQ-4002,True
AMQ-3807,True
AMQ-3976,True
AMQ-4027,False
AMQ-4031,True
AMQ-3451,True
AMQ-4026,False
AMQ-4016,False
AMQ-3797,True
AMQ-3861,False
AMQ-4008,True
AMQ-4007,True
AMQ-4013,False
AMQ-3847,True
AMQ-3950,False
AMQ-4012,False
AMQ-4010,False
AMQ-3988,True
AMQ-4004,False
AMQ-4003,False
AMQ-4001,True
AMQ-3967,False
AMQ-3965,True
AMQ-3872,True
AMQ-3014,True
AMQ-3235,False
AMQ-3774,False
AMQ-3754,True
AMQ-3752,True
AMQ-3665,True
AMQ-3404,True
AMQ-3457,True
AMQ-3498,False
CAMEL-3458,True
AMQ-3494,False
AMQ-3417,False
AMQ-2922,True
AMQ-3412,False
AMQ-3246,False
AMQ-2968,False
AMQ-3022,True
AMQ-2965,True
AMQ-2900,True
AMQ-2896,True
AMQ-2570,False
AMQ-2762,False
AMQ-2637,True
AMQ-2501,True
AMQ-2638,True
AMQ-2602,False
AMQ-2601,True
AMQ-2569,False
AMQ-2550,True
AMQ-2439,True
AMQ-2313,False
AMQ-2435,True
AMQ-2414,True
AMQ-2420,False
AMQ-2415,False
AMQ-2416,False
AMQ-2401,True
AMQ-2405,False
AMQ-2408,False
AMQ-2398,True
AMQ-2166,True
AMQ-1972,False
AMQ-2346,True
AMQ-2311,False
AMQ-2094,True
AMQ-2095,False
AMQ-2091,False
AMQ-2079,True
AMQ-2078,True
AMQ-2034,True
AMQ-2053,True
AMQ-2052,True
AMQ-2049,True
AMQ-2045,True
AMQ-2028,True
AMQ-2029,True
AMQ-2013,False
AMQ-1986,False
AMQ-1976,True
AMQ-1967,False
AMQ-1962,True
AMQ-1950,True
AMQ-1865,True
AMQ-1938,True
AMQ-1931,False
AMQ-984,False
AMQ-1489,True
AMQ-1923,True
AMQ-1464,True
AMQ-1869,False
AMQ-1802,False
AMQ-1801,False
AMQ-1733,False
AMQ-1677,False
AMQ-1685,True
AMQ-1673,True
AMQ-1659,True
AMQ-1254,True
AMQ-1454,True
AMQ-1632,True
AMQ-1438,True
AMQ-1618,True
AMQ-1429,False
AMQ-1335,False
AMQ-1218,True
AMQ-1159,True
AMQ-1096,True
AMQ-1107,True
AMQ-1091,False
AMQ-1084,False
AMQ-526,False
AMQ-644,False
AMQ-801,True
AMQ-1015,True
AMQ-928,True
AMQ-884,True
AMQ-874,True
AMQ-859,False
AMQ-858,True
AMQ-517,False
AMQ-656,False
AMQ-228,True
AMQ-500,True
AMQ-484,True
AMD-4175,
AMQ-7486,
ACTIVEMQ-2384,
MQ-2404,
ACTIVEMQ-2297,
ACTIVEMQ-2085,
