AIRFLOW-5500,True
AIRFLOW-6959,False
AIRFLOW-3607,True
AIRFLOW-6290,False
AIRFLOW-5873,True
AIRFLOW-5445,False
AIRFLOW-5443,False
AIRFLOW-4851,False
AIRFLOW-6231,False
AIRFLOW-5615,False
AIRFLOW-8902,
AIRFLOW-3367,False
AIRFLOW-5262,False
AIRFLOW-6586,True
AIRFLOW-6535,False
AIRFLOW-4052,False
AIRFLOW-2310,False
AIRFLOW-4543,False
AIRFLOW-1156,True
AIRFLOW-4549,True
AIRFLOW-7068,False
AIRFLOW-6921,False
AIRFLOW-5906,False
AIRFLOW-4568,False
AIRFLOW-7008,False
AIRFLOW-4363,True
AIRFLOW-4734,False
AIRFLOW-8472,
AIRFLOW-6796,True
AIRFLOW-4438,False
AIRFLOW-5850,False
AIRFLOW-6281,False
AIRFLOW-7111,False
AIRFLOW-8474,
AIRFLOW-4357,True
AIRFLOW-5517,True
AIRFLOW-7059,False
AIRFLOW-1536,True
AIRFLOW-5156,False
AIRFLOW-8187,
AIRFLOW-6885,False
AIRFLOW-6320,False
AIRFLOW-7049,False
AIRFLOW-6351,True
AIRFLOW-4038,False
AIRFLOW-7019,False
AIRFLOW-4235,False
AIRFLOW-6697,True
AIRFLOW-6515,True
AIRFLOW-5662,True
AIRFLOW-6561,False
AIRFLOW-6778,True
AIRFLOW-6914,False
AIRFLOW-7106,True
AIRFLOW-6822,True
AIRFLOW-6929,False
AIRFLOW-4529,False
AIRFLOW-5277,False
AIRFLOW-7117,False
AIRFLOW-7048,False
AIRFLOW-6982,False
AIRFLOW-7026,False
AIRFLOW-7045,False
AIRFLOW-5800,False
AIRFLOW-6871,False
AIRFLOW-6685,False
AIRFLOW-7017,False
AIRFLOW-6730,True
AIRFLOW-6167,True
AIRFLOW-6837,False
AIRFLOW-6628,True
AIRFLOW-7080,False
AIRFLOW-5590,False
AIRFLOW-6695,False
AIRFLOW-5907,False
AIRFLOW-7113,True
AIRFLOW-7067,False
AIRFLOW-6399,True
AIRFLOW-4453,True
AIRFLOW-7079,False
AIRFLOW-7105,False
AIRFLOW-7104,False
AIRFLOW-5946,False
AIRFLOW-6683,True
AIRFLOW-6704,True
AIRFLOW-6734,True
AIRFLOW-6733,False
AIRFLOW-7001,False
AIRFLOW-5705,False
AIRFLOW-7076,False
AIRFLOW-6574,False
AIRFLOW-7075,False
AIRFLOW-4688,False
AIRFLOW-5825,False
AIRFLOW-5801,True
AIRFLOW-6833,False
AIRFLOW-7053,True
AIRFLOW-6624,False
AIRFLOW-5336,True
AIRFLOW-7098,True
AIRFLOW-6989,False
AIRFLOW-5944,False
AIRFLOW-6014,False
AIRFLOW-6062,True
AIRFLOW-7099,False
AIRFLOW-1467,False
AIRFLOW-6987,False
AIRFLOW-7097,True
AIRFLOW-4175,False
AIRFLOW-7100,False
AIRFLOW-6860,False
AIRFLOW-6752,False
AIRFLOW-6978,False
AIRFLOW-6732,False
AIRFLOW-7069,True
AIRFLOW-7084,False
AIRFLOW-4672,False
AIRFLOW-4679,False
AIRFLOW-7082,False
AIRFLOW-7074,True
AIRFLOW-7025,True
AIRFLOW-6855,True
AIRFLOW-6949,True
AIRFLOW-6950,False
AIRFLOW-6588,True
AIRFLOW-3439,True
AIRFLOW-6878,True
AIRFLOW-7024,True
AIRFLOW-7016,False
AIRFLOW-5167,True
AIRFLOW-6762,False
AIRFLOW-6948,False
AIRFLOW-6767,False
AIRFLOW-6905,False
AIRFLOW-6821,True
AIRFLOW-6801,False
AIRFLOW-6830,False
AIRFLOW-6740,True
AIRFLOW-6727,True
AIRFLOW-6630,False
AIRFLOW-6728,True
AIRFLOW-6997,True
AIRFLOW-6945,False
AIRFLOW-7058,False
AIRFLOW-7063,False
AIRFLOW-7029,False
AIRFLOW-7062,True
AIRFLOW-7054,False
AIRFLOW-7013,True
AIRFLOW-7015,False
AIRFLOW-7023,False
AIRFLOW-7018,False
AIRFLOW-7010,True
AIRFLOW-5842,False
AIRFLOW-7011,True
AIRFLOW-7005,False
AIRFLOW-7002,False
AIRFLOW-7006,True
AIRFLOW-5828,False
AIRFLOW-6972,False
AIRFLOW-6040,True
AIRFLOW-6979,True
AIRFLOW-6943,True
AIRFLOW-6932,True
AIRFLOW-6919,True
AIRFLOW-6838,True
AIRFLOW-6763,True
AIRFLOW-6892,True
AIRFLOW-6866,True
AIRFLOW-6789,True
AIRFLOW-6840,True
AIRFLOW-6842,True
AIRFLOW-6839,False
AIRFLOW-6841,True
AIRFLOW-6820,False
AIRFLOW-6823,True
AIRFLOW-6816,False
AIRFLOW-6818,False
AIRFLOW-6770,True
AIRFLOW-6737,True
AIRFLOW-6800,False
AIRFLOW-6344,False
AIRFLOW-6736,True
AIRFLOW-6738,True
AIRFLOW-6764,True
AIRFLOW-6766,True
AIRFLOW-6758,True
AIRFLOW-6761,True
AIRFLOW-7087,False
AIRFLOW-7085,False
AIRFLOW-7089,False
AIRFLOW-7088,False
AIRFLOW-7000,False
AIRFLOW-5421,False
AIRFLOW-7064,False
AIRFLOW-7081,False
AIRFLOW-5610,False
AIRFLOW-7072,False
AIRFLOW-7073,False
AIRFLOW-5664,True
AIRFLOW-6530,False
AIRFLOW-7066,False
AIRFLOW-6946,False
AIRFLOW-7051,False
AIRFLOW-7061,True
AIRFLOW-7055,False
AIRFLOW-7003,False
AIRFLOW-6724,False
AIRFLOW-7056,False
AIRFLOW-6975,False
AIRFLOW-7022,False
AIRFLOW-6884,True
AIRFLOW-7047,True
AIRFLOW-6954,False
AIRFLOW-7034,False
AIRFLOW-6481,True
AIRFLOW-7041,True
AIRFLOW-7040,False
AIRFLOW-7037,False
AIRFLOW-7032,False
AIRFLOW-6980,False
AIRFLOW-6443,False
AIRFLOW-6542,False
AIRFLOW-7021,False
AIRFLOW-5013,False
AIRFLOW-2911,False
AIRFLOW-5922,False
AIRFLOW-7009,False
AIRFLOW-7012,True
AIRFLOW-6877,False
AIRFLOW-6967,False
AIRFLOW-6973,False
AIRFLOW-6998,False
AIRFLOW-6497,True
AIRFLOW-6990,False
AIRFLOW-6984,False
AIRFLOW-6915,False
AIRFLOW-6977,False
AIRFLOW-6926,False
AIRFLOW-6970,False
AIRFLOW-6956,False
AIRFLOW-6971,False
AIRFLOW-2325,False
AIRFLOW-6961,False
AIRFLOW-6969,False
AIRFLOW-6962,True
AIRFLOW-6966,False
AIRFLOW-6472,False
AIRFLOW-6881,False
AIRFLOW-6958,False
AIRFLOW-6924,False
AIRFLOW-5908,False
AIRFLOW-6869,True
AIRFLOW-6933,False
AIRFLOW-6952,False
AIRFLOW-6957,False
AIRFLOW-6941,False
AIRFLOW-6955,False
AIRFLOW-6937,False
AIRFLOW-6856,True
AIRFLOW-6862,True
AIRFLOW-6939,False
AIRFLOW-6857,True
AIRFLOW-6938,False
AIRFLOW-6940,False
AIRFLOW-5659,False
AIRFLOW-6936,False
AIRFLOW-6454,False
AIRFLOW-6942,False
AIRFLOW-5354,False
AIRFLOW-6843,False
AIRFLOW-6887,False
AIRFLOW-6382,False
AIRFLOW-6824,True
AIRFLOW-6864,False
AIRFLOW-6907,True
AIRFLOW-6910,True
AIRFLOW-5924,False
AIRFLOW-6909,False
AIRFLOW-6908,False
AIRFLOW-6593,False
AIRFLOW-6906,True
AIRFLOW-6873,False
AIRFLOW-6896,False
AIRFLOW-6895,False
AIRFLOW-6516,True
AIRFLOW-6897,False
AIRFLOW-6817,False
AIRFLOW-6474,False
AIRFLOW-6204,False
AIRFLOW-6663,False
AIRFLOW-5629,False
AIRFLOW-6894,False
AIRFLOW-6890,False
AIRFLOW-6889,False
AIRFLOW-6888,False
AIRFLOW-4030,False
AIRFLOW-6879,True
AIRFLOW-6872,True
AIRFLOW-6790,False
AIRFLOW-6850,True
AIRFLOW-6867,True
AIRFLOW-6858,True
AIRFLOW-6863,False
AIRFLOW-4973,False
AIRFLOW-6861,True
AIRFLOW-6346,False
AIRFLOW-6854,True
AIRFLOW-5391,True
AIRFLOW-6558,False
AIRFLOW-6721,False
AIRFLOW-6828,True
AIRFLOW-5470,False
AIRFLOW-1202,False
AIRFLOW-6793,True
AIRFLOW-6804,True
AIRFLOW-6792,False
AIRFLOW-6759,False
AIRFLOW-6405,False
AIRFLOW-6765,True
AIRFLOW-6531,False
AIRFLOW-6802,True
AIRFLOW-6590,False
AIRFLOW-2906,False
AIRFLOW-6505,True
AIRFLOW-6781,False
AIRFLOW-5231,True
AIRFLOW-6065,False
AIRFLOW-5413,False
AIRFLOW-5176,False
AIRFLOW-6756,True
AIRFLOW-6755,True
AIRFLOW-6751,True
AIRFLOW-6739,False
AIRFLOW-4026,False
AIRFLOW-6438,False
AIRFLOW-6666,False
AIRFLOW-6632,False
AIRFLOW-6667,False
AIRFLOW-6686,True
AIRFLOW-4495,False
AIRFLOW-6451,False
AIRFLOW-6553,True
AIRFLOW-6495,False
AIRFLOW-6357,True
AIRFLOW-6319,False
AIRFLOW-5843,False
AIRFLOW-6527,False
AIRFLOW-6613,False
AIRFLOW-6702,True
AIRFLOW-3349,True
AIRFLOW-6662,False
AIRFLOW-6701,True
AIRFLOW-6705,False
AIRFLOW-6677,False
AIRFLOW-6661,False
AIRFLOW-6627,True
AIRFLOW-6428,False
AIRFLOW-6595,False
AIRFLOW-6641,False
AIRFLOW-6642,False
AIRFLOW-6643,False
AIRFLOW-6638,True
AIRFLOW-6637,True
AIRFLOW-6636,True
AIRFLOW-6634,False
AIRFLOW-6564,False
AIRFLOW-6620,False
AIRFLOW-6522,True
AIRFLOW-5501,True
AIRFLOW-6608,False
AIRFLOW-6514,True
AIRFLOW-6467,False
AIRFLOW-6490,False
AIRFLOW-6381,True
AIRFLOW-2279,False
AIRFLOW-6359,False
AIRFLOW-6316,False
AIRFLOW-6519,False
AIRFLOW-6327,False
AIRFLOW-6434,True
AIRFLOW-6261,False
AIRFLOW-6576,True
AIRFLOW-6238,False
AIRFLOW-5616,False
AIRFLOW-5814,False
AIRFLOW-6611,False
AIRFLOW-6607,False
AIRFLOW-6589,False
AIRFLOW-6592,False
AIRFLOW-6678,False
AIRFLOW-6725,False
AIRFLOW-6676,False
AIRFLOW-6720,False
AIRFLOW-6711,False
AIRFLOW-6691,False
AIRFLOW-4681,False
AIRFLOW-6716,True
AIRFLOW-6718,True
AIRFLOW-6717,True
AIRFLOW-6714,False
AIRFLOW-4364,False
AIRFLOW-6715,True
AIRFLOW-6708,False
AIRFLOW-6680,False
AIRFLOW-6692,False
AIRFLOW-6693,False
AIRFLOW-6699,False
AIRFLOW-6710,False
AIRFLOW-6694,True
AIRFLOW-6707,False
AIRFLOW-6612,False
AIRFLOW-6703,True
AIRFLOW-6258,False
AIRFLOW-6672,False
AIRFLOW-6626,False
AIRFLOW-6706,False
AIRFLOW-6709,True
AIRFLOW-6698,False
AIRFLOW-6687,True
AIRFLOW-6682,False
AIRFLOW-6674,False
AIRFLOW-6670,False
AIRFLOW-6659,False
AIRFLOW-6658,False
AIRFLOW-6660,False
AIRFLOW-6424,False
AIRFLOW-6656,False
AIRFLOW-6654,True
AIRFLOW-6655,False
AIRFLOW-6646,False
AIRFLOW-2923,True
AIRFLOW-6644,False
AIRFLOW-6557,False
AIRFLOW-6584,False
AIRFLOW-6568,False
AIRFLOW-6575,False
AIRFLOW-6496,False
AIRFLOW-2516,True
AIRFLOW-6537,False
AIRFLOW-5704,False
AIRFLOW-6528,True
AIRFLOW-6517,True
AIRFLOW-6511,False
AIRFLOW-6475,False
AIRFLOW-6491,True
AIRFLOW-6489,False
AIRFLOW-6387,False
AIRFLOW-4428,True
AIRFLOW-5621,True
AIRFLOW-6470,False
AIRFLOW-6471,False
AIRFLOW-6462,False
AIRFLOW-6465,False
AIRFLOW-6464,False
AIRFLOW-6461,False
AIRFLOW-6459,False
AIRFLOW-6353,True
AIRFLOW-6370,False
AIRFLOW-6348,True
AIRFLOW-6330,False
AIRFLOW-4113,False
AIRFLOW-6639,False
AIRFLOW-6635,False
AIRFLOW-6625,False
AIRFLOW-6493,False
AIRFLOW-4204,False
AIRFLOW-6619,False
AIRFLOW-6591,False
AIRFLOW-6323,True
AIRFLOW-6181,False
AIRFLOW-6506,True
AIRFLOW-6504,False
AIRFLOW-6436,False
AIRFLOW-6427,True
AIRFLOW-6385,True
AIRFLOW-6347,True
AIRFLOW-6425,True
AIRFLOW-6418,True
AIRFLOW-5385,True
AIRFLOW-6615,True
AIRFLOW-6610,False
AIRFLOW-6145,False
AIRFLOW-6603,False
AIRFLOW-6398,True
AIRFLOW-6394,False
AIRFLOW-6400,True
AIRFLOW-6397,True
AIRFLOW-4445,False
AIRFLOW-6057,False
AIRFLOW-5149,False
AIRFLOW-6352,True
AIRFLOW-5816,False
AIRFLOW-6605,False
AIRFLOW-5912,False
AIRFLOW-6597,True
AIRFLOW-5520,False
AIRFLOW-6596,False
AIRFLOW-6594,False
AIRFLOW-6296,True
AIRFLOW-6583,False
AIRFLOW-6541,False
AIRFLOW-6473,False
AIRFLOW-6572,False
AIRFLOW-6563,False
AIRFLOW-6573,False
AIRFLOW-6552,False
AIRFLOW-6565,False
AIRFLOW-6570,False
AIRFLOW-6566,False
AIRFLOW-6146,False
AIRFLOW-6510,True
AIRFLOW-6534,False
AIRFLOW-6107,False
AIRFLOW-6543,False
AIRFLOW-6521,False
AIRFLOW-6548,True
AIRFLOW-6102,False
AIRFLOW-4502,False
AIRFLOW-6545,False
AIRFLOW-6119,False
AIRFLOW-6539,False
AIRFLOW-6536,False
AIRFLOW-6520,False
AIRFLOW-6507,False
AIRFLOW-6125,False
AIRFLOW-6452,False
AIRFLOW-6326,False
AIRFLOW-6513,False
AIRFLOW-6479,False
AIRFLOW-6111,False
AIRFLOW-6118,False
AIRFLOW-6245,False
AIRFLOW-6116,False
AIRFLOW-6498,False
AIRFLOW-6113,False
AIRFLOW-6360,False
AIRFLOW-6456,True
AIRFLOW-6485,False
AIRFLOW-6484,False
AIRFLOW-6476,False
AIRFLOW-6437,False
AIRFLOW-6416,False
AIRFLOW-6460,False
AIRFLOW-64624,
AIRFLOW-6447,False
AIRFLOW-6449,True
AIRFLOW-6446,False
AIRFLOW-6444,True
AIRFLOW-6442,False
AIRFLOW-6115,False
AIRFLOW-6433,False
AIRFLOW-6112,False
AIRFLOW-6430,False
AIRFLOW-6426,True
AIRFLOW-6373,False
AIRFLOW-6421,False
AIRFLOW-6417,True
AIRFLOW-6205,False
AIRFLOW-6411,False
AIRFLOW-6432,True
AIRFLOW-6392,False
AIRFLOW-6109,False
AIRFLOW-6108,False
AIRFLOW-6413,False
AIRFLOW-6412,False
AIRFLOW-6393,False
AIRFLOW-6110,False
AIRFLOW-6396,False
AIRFLOW-6409,False
AIRFLOW-6403,False
AIRFLOW-6383,False
AIRFLOW-6374,False
AIRFLOW-6378,False
AIRFLOW-6356,True
AIRFLOW-6391,False
AIRFLOW-6318,False
AIRFLOW-6358,False
AIRFLOW-6345,True
AIRFLOW-6229,True
AIRFLOW-5406,True
AIRFLOW-6376,False
AIRFLOW-6379,False
AIRFLOW-6380,False
AIRFLOW-6371,False
AIRFLOW-6366,True
AIRFLOW-6350,True
AIRFLOW-6335,False
AIRFLOW-6368,False
AIRFLOW-6363,False
AIRFLOW-6365,False
AIRFLOW-6364,False
AIRFLOW-6362,True
AIRFLOW-6272,False
AIRFLOW-6343,False
AIRFLOW-6337,False
AIRFLOW-6340,False
AIRFLOW-6332,False
AIRFLOW-6341,False
AIRFLOW-6339,False
AIRFLOW-6338,False
AIRFLOW-6336,False
AIRFLOW-6324,False
AIRFLOW-6331,False
AIRFLOW-6333,False
AIRFLOW-6325,False
AIRFLOW-6315,False
AIRFLOW-6311,False
AIRFLOW-6105,False
AIRFLOW-6314,False
AIRFLOW-6106,False
AIRFLOW-6317,False
AIRFLOW-6312,True
AIRFLOW-6313,False
AIRFLOW-6086,True
AIRFLOW-6297,False
AIRFLOW-6267,False
AIRFLOW-6308,False
AIRFLOW-6309,True
AIRFLOW-6271,False
AIRFLOW-6269,False
AIRFLOW-5903,False
AIRFLOW-5665,False
AIRFLOW-5729,False
AIRFLOW-5118,False
AIRFLOW-5045,False
AIRFLOW-6132,False
AIRFLOW-5681,False
AIRFLOW-5945,False
AIRFLOW-5304,True
AIRFLOW-6162,True
AIRFLOW-5947,False
AIRFLOW-6268,True
AIRFLOW-6259,True
AIRFLOW-6239,False
AIRFLOW-6185,True
AIRFLOW-6025,False
AIRFLOW-3632,True
AIRFLOW-4482,False
AIRFLOW-5487,True
AIRFLOW-4843,False
AIRFLOW-5458,True
AIRFLOW-6104,False
AIRFLOW-6100,False
AIRFLOW-6101,False
AIRFLOW-6147,False
AIRFLOW-5072,True
AIRFLOW-1076,False
AIRFLOW-5194,False
AIRFLOW-5744,True
AIRFLOW-5936,False
AIRFLOW-5751,False
AIRFLOW-5474,False
AIRFLOW-6073,False
AIRFLOW-5726,False
AIRFLOW-5451,False
AIRFLOW-5834,False
AIRFLOW-5583,False
AIRFLOW-6056,False
AIRFLOW-6250,False
AIRFLOW-6222,False
AIRFLOW-6260,False
AIRFLOW-6168,False
AIRFLOW-3189,True
AIRFLOW-6083,True
AIRFLOW-4940,False
AIRFLOW-6195,True
AIRFLOW-5931,False
AIRFLOW-5889,True
AIRFLOW-6043,True
AIRFLOW-6033,True
AIRFLOW-4145,False
AIRFLOW-4020,False
AIRFLOW-3745,True
AIRFLOW-2694,False
AIRFLOW-5117,True
AIRFLOW-6175,True
AIRFLOW-3656,False
AIRFLOW-5928,False
AIRFLOW-5313,False
AIRFLOW-2227,False
AIRFLOW-5463,True
AIRFLOW-6263,False
AIRFLOW-5082,False
AIRFLOW-5715,False
AIRFLOW-5345,False
AIRFLOW-5582,True
AIRFLOW-5417,False
AIRFLOW-5730,False
AIRFLOW-5925,True
AIRFLOW-3235,False
AIRFLOW-5442,False
AIRFLOW-5883,False
AIRFLOW-5867,True
AIRFLOW-5874,False
AIRFLOW-5819,True
AIRFLOW-5811,False
AIRFLOW-5709,True
AIRFLOW-5658,True
AIRFLOW-5758,False
AIRFLOW-5836,False
AIRFLOW-5766,False
AIRFLOW-4488,False
AIRFLOW-5798,False
AIRFLOW-5727,True
AIRFLOW-5695,True
AIRFLOW-5640,True
AIRFLOW-5643,False
AIRFLOW-6254,True
AIRFLOW-4824,True
AIRFLOW-6091,True
AIRFLOW-6256,True
AIRFLOW-6126,False
AIRFLOW-6270,False
AIRFLOW-6038,False
AIRFLOW-6130,False
AIRFLOW-6223,False
AIRFLOW-5532,True
AIRFLOW-5349,False
AIRFLOW-6206,False
AIRFLOW-6262,False
AIRFLOW-3152,False
AIRFLOW-5562,False
AIRFLOW-6192,False
AIRFLOW-5740,False
AIRFLOW-5749,False
AIRFLOW-4820,False
AIRFLOW-5693,False
AIRFLOW-5714,False
AIRFLOW-5702,True
AIRFLOW-5224,True
AIRFLOW-5049,False
AIRFLOW-5179,True
AIRFLOW-4161,False
AIRFLOW-4758,False
AIRFLOW-5660,True
AIRFLOW-6241,True
AIRFLOW-6171,True
AIRFLOW-6226,True
AIRFLOW-6211,False
AIRFLOW-6216,False
AIRFLOW-6191,False
AIRFLOW-6018,True
AIRFLOW-6189,True
AIRFLOW-6177,False
AIRFLOW-6180,False
AIRFLOW-6058,False
AIRFLOW-6246,True
AIRFLOW-6247,False
AIRFLOW-6243,False
AIRFLOW-6170,True
AIRFLOW-5959,False
AIRFLOW-6220,True
AIRFLOW-6122,False
AIRFLOW-6159,False
AIRFLOW-6144,False
AIRFLOW-6141,True
AIRFLOW-6099,False
AIRFLOW-6045,False
AIRFLOW-6041,False
AIRFLOW-6069,False
AIRFLOW-6054,True
AIRFLOW-5144,False
AIRFLOW-6095,False
AIRFLOW-6089,False
AIRFLOW-6047,True
AIRFLOW-6066,False
AIRFLOW-5915,False
AIRFLOW-6060,False
AIRFLOW-6017,True
AIRFLOW-6009,True
AIRFLOW-6044,False
AIRFLOW-4560,True
AIRFLOW-2143,True
AIRFLOW-5921,False
AIRFLOW-5942,False
AIRFLOW-5886,False
AIRFLOW-5887,False
AIRFLOW-5885,False
AIRFLOW-5897,False
AIRFLOW-5869,True
AIRFLOW-5888,False
AIRFLOW-5870,False
AIRFLOW-5875,True
AIRFLOW-5829,False
AIRFLOW-5855,True
AIRFLOW-5830,False
AIRFLOW-5827,False
AIRFLOW-5826,False
AIRFLOW-5839,False
AIRFLOW-5764,False
AIRFLOW-5746,False
AIRFLOW-5680,True
AIRFLOW-5684,True
AIRFLOW-5223,False
AIRFLOW-4930,True
AIRFLOW-5088,True
AIRFLOW-5690,True
AIRFLOW-5747,True
AIRFLOW-5073,False
AIRFLOW-5694,True
AIRFLOW-6121,False
AIRFLOW-6084,False
AIRFLOW-6230,False
AIRFLOW-5685,True
AIRFLOW-6209,True
AIRFLOW-3014,True
AIRFLOW-6183,False
AIRFLOW-6203,False
AIRFLOW-5807,True
AIRFLOW-6193,False
AIRFLOW-6072,False
AIRFLOW-6158,False
AIRFLOW-6120,False
AIRFLOW-6081,False
AIRFLOW-6197,False
AIRFLOW-6196,True
AIRFLOW-6199,True
AIRFLOW-6135,False
AIRFLOW-4935,False
AIRFLOW-6172,False
AIRFLOW-6165,False
AIRFLOW-6140,False
AIRFLOW-6169,False
AIRFLOW-6007,True
AIRFLOW-5902,True
AIRFLOW-6004,False
AIRFLOW-6142,False
AIRFLOW-6143,True
AIRFLOW-6133,False
AIRFLOW-6139,False
AIRFLOW-6138,True
AIRFLOW-6137,True
AIRFLOW-6136,True
AIRFLOW-6080,False
AIRFLOW-6131,False
AIRFLOW-6129,True
AIRFLOW-6088,True
AIRFLOW-6103,False
AIRFLOW-5911,False
AIRFLOW-6055,False
AIRFLOW-6079,False
AIRFLOW-6010,False
AIRFLOW-6051,True
AIRFLOW-6063,False
AIRFLOW-6049,True
AIRFLOW-3682,True
AIRFLOW-6042,False
AIRFLOW-6020,True
AIRFLOW-6052,False
AIRFLOW-6048,False
AIRFLOW-6046,True
AIRFLOW-6034,False
AIRFLOW-6035,True
AIRFLOW-5950,False
AIRFLOW-6026,True
AIRFLOW-6023,False
AIRFLOW-6022,True
AIRFLOW-6021,False
AIRFLOW-5792,False
AIRFLOW-5804,False
AIRFLOW-6001,True
AIRFLOW-5781,False
AIRFLOW-6000,True
AIRFLOW-5783,False
AIRFLOW-3489,True
AIRFLOW-6002,False
AIRFLOW-5923,False
AIRFLOW-5940,False
AIRFLOW-5937,False
AIRFLOW-5718,False
AIRFLOW-5919,False
AIRFLOW-5926,True
AIRFLOW-5768,False
AIRFLOW-5918,False
AIRFLOW-5880,False
AIRFLOW-5691,False
AIRFLOW-5905,False
AIRFLOW-5898,False
AIRFLOW-5917,False
AIRFLOW-5895,True
AIRFLOW-5892,True
AIRFLOW-5882,False
AIRFLOW-5900,False
AIRFLOW-5877,False
AIRFLOW-5876,False
AIRFLOW-5899,False
AIRFLOW-5896,True
AIRFLOW-5066,True
AIRFLOW-5894,False
AIRFLOW-5832,False
AIRFLOW-5878,True
AIRFLOW-5716,False
AIRFLOW-5803,False
AIRFLOW-5786,False
AIRFLOW-5782,False
AIRFLOW-5823,False
AIRFLOW-5711,False
AIRFLOW-5806,False
AIRFLOW-5817,False
AIRFLOW-5853,False
AIRFLOW-5846,False
AIRFLOW-5683,False
AIRFLOW-5852,False
AIRFLOW-5838,False
AIRFLOW-5743,False
AIRFLOW-5677,False
AIRFLOW-5787,False
AIRFLOW-5741,False
AIRFLOW-5815,True
AIRFLOW-5769,False
AIRFLOW-5731,False
AIRFLOW-5799,False
AIRFLOW-5773,False
AIRFLOW-5772,False
AIRFLOW-5673,False
AIRFLOW-5678,False
AIRFLOW-5676,False
AIRFLOW-5671,False
AIRFLOW-5631,False
AIRFLOW-5793,False
AIRFLOW-5770,False
AIRFLOW-5771,True
AIRFLOW-5742,False
AIRFLOW-5759,False
AIRFLOW-5663,True
AIRFLOW-5717,False
AIRFLOW-5757,False
AIRFLOW-5750,True
AIRFLOW-5754,True
AIRFLOW-5755,True
AIRFLOW-5748,True
AIRFLOW-5745,False
AIRFLOW-5723,False
AIRFLOW-5732,False
AIRFLOW-5644,False
AIRFLOW-5710,False
AIRFLOW-5632,False
AIRFLOW-5696,False
AIRFLOW-4971,False
AIRFLOW-5379,False
AIRFLOW-5713,False
AIRFLOW-4965,False
AIRFLOW-5712,False
AIRFLOW-5661,False
AIRFLOW-5667,False
AIRFLOW-5707,False
AIRFLOW-5699,False
AIRFLOW-5698,False
AIRFLOW-5688,True
AIRFLOW-5656,False
AIRFLOW-5415,True
AIRFLOW-4574,False
AIRFLOW-5574,False
AIRFLOW-5649,False
AIRFLOW-5687,False
AIRFLOW-5339,True
AIRFLOW-5126,False
AIRFLOW-5459,True
AIRFLOW-4908,False
AIRFLOW-5133,True
AIRFLOW-5130,True
AIRFLOW-5657,True
AIRFLOW-5497,True
AIRFLOW-5653,False
AIRFLOW-4797,True
AIRFLOW-4928,False
AIRFLOW-5636,False
AIRFLOW-5641,True
AIRFLOW-5634,True
AIRFLOW-5003,False
AIRFLOW-3783,True
AIRFLOW-4309,True
AIRFLOW-5588,False
AIRFLOW-4741,False
AIRFLOW-5387,True
AIRFLOW-3388,False
AIRFLOW-5491,True
AIRFLOW-5530,False
AIRFLOW-5343,False
AIRFLOW-5503,True
AIRFLOW-5481,True
AIRFLOW-5652,False
AIRFLOW-4661,False
AIRFLOW-5651,False
AIRFLOW-5650,False
AIRFLOW-5626,False
AIRFLOW-5630,False
AIRFLOW-5625,False
AIRFLOW-3857,True
AIRFLOW-4391,True
AIRFLOW-5344,False
AIRFLOW-3888,False
AIRFLOW-5269,False
AIRFLOW-5153,False
AIRFLOW-4443,False
AIRFLOW-2891,False
AIRFLOW-5398,False
AIRFLOW-4686,False
AIRFLOW-5101,False
AIRFLOW-5554,True
AIRFLOW-4285,False
AIRFLOW-5306,True
AIRFLOW-4222,False
AIRFLOW-5142,False
AIRFLOW-5127,False
AIRFLOW-5125,False
AIRFLOW-5124,False
AIRFLOW-5218,True
AIRFLOW-3705,True
AIRFLOW-5292,False
AIRFLOW-4473,False
AIRFLOW-5581,True
AIRFLOW-5624,False
AIRFLOW-4970,False
AIRFLOW-5584,False
AIRFLOW-4833,True
AIRFLOW-5408,True
AIRFLOW-5102,True
AIRFLOW-4956,False
AIRFLOW-5572,True
AIRFLOW-5608,True
AIRFLOW-5617,False
AIRFLOW-5622,False
AIRFLOW-4660,False
AIRFLOW-5614,False
AIRFLOW-5609,False
AIRFLOW-5597,False
AIRFLOW-4939,False
AIRFLOW-3160,False
AIRFLOW-5603,False
AIRFLOW-5602,False
AIRFLOW-5600,False
AIRFLOW-5601,False
AIRFLOW-5580,False
AIRFLOW-5598,False
AIRFLOW-5599,False
AIRFLOW-5587,False
AIRFLOW-5543,True
AIRFLOW-5444,True
AIRFLOW-5585,False
AIRFLOW-5268,False
AIRFLOW-5560,False
AIRFLOW-5604,False
AIRFLOW-5586,False
AIRFLOW-5592,False
AIRFLOW-5362,False
AIRFLOW-5477,False
AIRFLOW-5579,True
AIRFLOW-5280,False
AIRFLOW-5561,True
AIRFLOW-5342,True
AIRFLOW-5553,True
AIRFLOW-5556,True
AIRFLOW-5502,False
AIRFLOW-5527,False
AIRFLOW-5555,False
AIRFLOW-5528,False
AIRFLOW-4858,True
AIRFLOW-3871,False
AIRFLOW-4864,False
AIRFLOW-5522,False
AIRFLOW-4068,False
AIRFLOW-774,True
AIRFLOW-5419,True
AIRFLOW-5508,False
AIRFLOW-5537,True
AIRFLOW-5536,True
AIRFLOW-5535,True
AIRFLOW-5533,True
AIRFLOW-5531,False
AIRFLOW-5526,False
AIRFLOW-5519,True
AIRFLOW-5521,True
AIRFLOW-5210,True
AIRFLOW-4835,False
AIRFLOW-5369,False
AIRFLOW-5447,True
AIRFLOW-5256,False
AIRFLOW-5393,True
AIRFLOW-5534,True
AIRFLOW-5435,False
AIRFLOW-5434,False
AIRFLOW-5499,False
AIRFLOW-5475,False
AIRFLOW-5513,False
AIRFLOW-5515,False
AIRFLOW-5514,False
AIRFLOW-5147,True
AIRFLOW-5449,True
AIRFLOW-5480,False
AIRFLOW-5162,False
AIRFLOW-3149,False
AIRFLOW-5498,False
AIRFLOW-5472,True
AIRFLOW-5504,False
AIRFLOW-5488,True
AIRFLOW-5490,True
AIRFLOW-5495,True
AIRFLOW-5427,False
AIRFLOW-5453,False
AIRFLOW-5428,False
AIRFLOW-5482,False
AIRFLOW-5479,False
AIRFLOW-5471,False
AIRFLOW-796,False
AIRFLOW-5476,False
AIRFLOW-5464,True
AIRFLOW-5465,True
AIRFLOW-5468,True
AIRFLOW-5457,False
AIRFLOW-5455,False
AIRFLOW-4588,False
AIRFLOW-5440,True
AIRFLOW-5390,False
AIRFLOW-5450,True
AIRFLOW-5446,False
AIRFLOW-5437,True
AIRFLOW-5376,True
AIRFLOW-5425,False
AIRFLOW-5436,False
AIRFLOW-5368,False
AIRFLOW-5359,False
AIRFLOW-5402,False
AIRFLOW-3601,True
AIRFLOW-5441,True
AIRFLOW-4983,False
AIRFLOW-5375,True
AIRFLOW-5432,False
AIRFLOW-5424,False
AIRFLOW-2842,False
AIRFLOW-5401,False
AIRFLOW-3511,False
AIRFLOW-5430,True
AIRFLOW-5423,False
AIRFLOW-5422,False
AIRFLOW-5426,False
AIRFLOW-5411,True
AIRFLOW-4964,False
AIRFLOW-5318,False
AIRFLOW-5412,False
AIRFLOW-3804,True
AIRFLOW-5319,False
AIRFLOW-5361,False
AIRFLOW-5332,False
AIRFLOW-5403,False
AIRFLOW-5409,True
AIRFLOW-5308,True
AIRFLOW-5405,False
AIRFLOW-5404,False
AIRFLOW-5148,False
AIRFLOW-5347,False
AIRFLOW-4085,False
AIRFLOW-5399,False
AIRFLOW-5386,False
AIRFLOW-5373,False
AIRFLOW-5367,False
AIRFLOW-5389,False
AIRFLOW-5365,False
AIRFLOW-5129,False
AIRFLOW-5360,False
AIRFLOW-5388,False
AIRFLOW-5384,False
AIRFLOW-5371,True
AIRFLOW-5372,True
AIRFLOW-5314,True
AIRFLOW-5364,True
AIRFLOW-5363,True
AIRFLOW-5240,True
AIRFLOW-5357,False
AIRFLOW-5348,True
AIRFLOW-5340,False
AIRFLOW-5165,False
AIRFLOW-4768,False
AIRFLOW-5211,False
AIRFLOW-5145,True
AIRFLOW-4230,False
AIRFLOW-5323,True
AIRFLOW-5302,True
AIRFLOW-5209,True
AIRFLOW-5139,False
AIRFLOW-5104,True
AIRFLOW-5350,True
AIRFLOW-5335,False
AIRFLOW-4316,True
AIRFLOW-4462,True
AIRFLOW-5282,True
AIRFLOW-4074,False
AIRFLOW-5168,True
AIRFLOW-5329,True
AIRFLOW-5326,True
AIRFLOW-5325,True
AIRFLOW-5324,True
AIRFLOW-3611,False
AIRFLOW-5226,False
AIRFLOW-5316,True
AIRFLOW-5315,True
AIRFLOW-2692,False
AIRFLOW-5287,True
AIRFLOW-5288,True
AIRFLOW-5285,True
AIRFLOW-5301,True
AIRFLOW-5027,False
AIRFLOW-5356,False
AIRFLOW-5320,False
AIRFLOW-5353,False
AIRFLOW-5303,True
AIRFLOW-5351,False
AIRFLOW-5330,True
AIRFLOW-5346,False
AIRFLOW-5341,False
AIRFLOW-5275,False
AIRFLOW-5333,False
AIRFLOW-5322,True
AIRFLOW-5317,True
AIRFLOW-5158,False
AIRFLOW-5300,False
AIRFLOW-5274,False
AIRFLOW-5099,False
AIRFLOW-5309,True
AIRFLOW-5305,False
AIRFLOW-4771,True
AIRFLOW-5294,False
AIRFLOW-5299,False
AIRFLOW-5297,False
AIRFLOW-5298,False
AIRFLOW-5289,False
AIRFLOW-5296,False
AIRFLOW-5251,True
AIRFLOW-5250,True
AIRFLOW-5284,False
AIRFLOW-1498,False
AIRFLOW-5276,False
AIRFLOW-4013,True
AIRFLOW-4027,False
AIRFLOW-5182,True
AIRFLOW-5180,False
AIRFLOW-5241,False
AIRFLOW-5206,False
AIRFLOW-5193,False
AIRFLOW-5197,False
AIRFLOW-5202,False
AIRFLOW-5203,False
AIRFLOW-5255,False
AIRFLOW-5190,False
AIRFLOW-1523,False
AIRFLOW-4846,False
AIRFLOW-4856,True
AIRFLOW-5152,True
AIRFLOW-4931,False
AIRFLOW-5100,True
AIRFLOW-4763,True
AIRFLOW-5234,False
AIRFLOW-5205,False
AIRFLOW-5260,True
AIRFLOW-5247,False
AIRFLOW-5254,False
AIRFLOW-5253,False
AIRFLOW-5244,False
AIRFLOW-5245,False
AIRFLOW-5257,True
AIRFLOW-5263,False
AIRFLOW-5252,False
AIRFLOW-4665,False
AIRFLOW-5160,False
AIRFLOW-5248,False
AIRFLOW-5246,False
AIRFLOW-4667,False
AIRFLOW-5201,False
AIRFLOW-5189,False
AIRFLOW-5195,False
AIRFLOW-5196,False
AIRFLOW-5199,False
AIRFLOW-5200,False
AIRFLOW-5186,False
AIRFLOW-5185,False
AIRFLOW-5187,False
AIRFLOW-5237,False
AIRFLOW-5239,True
AIRFLOW-5233,False
AIRFLOW-5140,True
AIRFLOW-5056,False
AIRFLOW-5235,True
AIRFLOW-5184,False
AIRFLOW-5225,False
AIRFLOW-5229,False
AIRFLOW-5227,False
AIRFLOW-5161,False
AIRFLOW-5183,False
AIRFLOW-5052,False
AIRFLOW-5114,True
AIRFLOW-5131,False
AIRFLOW-5135,True
AIRFLOW-5169,True
AIRFLOW-5159,False
AIRFLOW-5143,False
AIRFLOW-5136,True
AIRFLOW-4690,False
AIRFLOW-4509,False
AIRFLOW-5132,True
AIRFLOW-5123,False
AIRFLOW-4192,False
AIRFLOW-4992,False
AIRFLOW-5103,False
AIRFLOW-4746,False
AIRFLOW-5128,True
AIRFLOW-5107,True
AIRFLOW-5083,False
AIRFLOW-5119,False
AIRFLOW-5051,True
AIRFLOW-5122,False
AIRFLOW-5120,True
AIRFLOW-1772,True
AIRFLOW-4813,False
AIRFLOW-5111,False
AIRFLOW-5108,False
AIRFLOW-5048,False
AIRFLOW-4217,False
AIRFLOW-5085,True
AIRFLOW-5092,False
AIRFLOW-4883,True
AIRFLOW-5089,True
AIRFLOW-5091,False
AIRFLOW-5086,True
AIRFLOW-5084,True
AIRFLOW-4289,True
AIRFLOW-5075,True
AIRFLOW-5078,False
AIRFLOW-5079,False
AIRFLOW-5077,False
AIRFLOW-4811,False
AIRFLOW-5065,False
AIRFLOW-4822,True
AIRFLOW-5022,True
AIRFLOW-4961,True
AIRFLOW-5038,True
AIRFLOW-5067,False
AIRFLOW-5035,True
AIRFLOW-4338,False
AIRFLOW-5050,True
AIRFLOW-3370,False
AIRFLOW-5030,True
AIRFLOW-5010,False
AIRFLOW-5057,False
AIRFLOW-4948,False
AIRFLOW-5070,True
AIRFLOW-4451,True
AIRFLOW-4951,False
AIRFLOW-4953,False
AIRFLOW-5012,False
AIRFLOW-5064,True
AIRFLOW-5063,True
AIRFLOW-5042,True
AIRFLOW-4981,True
AIRFLOW-4880,False
AIRFLOW-3617,False
AIRFLOW-5053,True
AIRFLOW-4775,True
AIRFLOW-4998,True
AIRFLOW-5041,True
AIRFLOW-5021,False
AIRFLOW-4583,True
AIRFLOW-5001,False
AIRFLOW-5005,False
AIRFLOW-5011,False
AIRFLOW-5002,False
AIRFLOW-4999,False
AIRFLOW-5031,True
AIRFLOW-5008,True
AIRFLOW-4929,False
AIRFLOW-5014,True
AIRFLOW-4995,True
AIRFLOW-5007,True
AIRFLOW-5004,False
AIRFLOW-4997,False
AIRFLOW-4994,False
AIRFLOW-4117,False
AIRFLOW-4116,False
AIRFLOW-4115,False
AIRFLOW-5000,False
AIRFLOW-4952,False
AIRFLOW-4959,False
AIRFLOW-4963,False
AIRFLOW-4865,False
AIRFLOW-4962,True
AIRFLOW-3998,False
AIRFLOW-4954,False
AIRFLOW-4942,False
AIRFLOW-4943,False
AIRFLOW-4944,False
AIRFLOW-4947,False
AIRFLOW-4949,False
AIRFLOW-4911,False
AIRFLOW-4946,False
AIRFLOW-4884,False
AIRFLOW-4945,False
AIRFLOW-4882,False
AIRFLOW-4937,False
AIRFLOW-4934,True
AIRFLOW-4136,True
AIRFLOW-3495,True
AIRFLOW-4868,True
AIRFLOW-4925,False
AIRFLOW-4906,False
AIRFLOW-4904,False
AIRFLOW-4926,True
AIRFLOW-4587,True
AIRFLOW-1740,True
AIRFLOW-4905,False
AIRFLOW-3761,False
AIRFLOW-4920,True
AIRFLOW-4919,False
AIRFLOW-4900,True
AIRFLOW-4876,False
AIRFLOW-4895,True
AIRFLOW-4478,False
AIRFLOW-4510,True
AIRFLOW-3360,True
AIRFLOW-4891,False
AIRFLOW-4896,True
AIRFLOW-4494,True
AIRFLOW-4890,True
AIRFLOW-4892,True
AIRFLOW-4862,False
AIRFLOW-4885,True
AIRFLOW-4564,True
AIRFLOW-4406,True
AIRFLOW-4871,False
AIRFLOW-4237,False
AIRFLOW-2602,False
AIRFLOW-4849,True
AIRFLOW-4769,True
AIRFLOW-4591,False
AIRFLOW-4840,False
AIRFLOW-3935,False
AIRFLOW-4860,False
AIRFLOW-4859,False
AIRFLOW-4857,False
AIRFLOW-4524,True
AIRFLOW-4767,False
AIRFLOW-3671,False
AIRFLOW-4845,True
AIRFLOW-3502,False
AIRFLOW-3217,True
AIRFLOW-4491,False
AIRFLOW-4422,False
AIRFLOW-4844,False
AIRFLOW-4354,True
AIRFLOW-4842,False
AIRFLOW-4805,False
AIRFLOW-4456,False
AIRFLOW-4782,False
AIRFLOW-4516,True
AIRFLOW-4298,True
AIRFLOW-4838,False
AIRFLOW-4831,False
AIRFLOW-4559,True
AIRFLOW-4841,True
AIRFLOW-4829,False
AIRFLOW-4414,False
AIRFLOW-4791,False
AIRFLOW-4739,False
AIRFLOW-4759,False
AIRFLOW-4479,True
AIRFLOW-3703,False
AIRFLOW-4716,False
AIRFLOW-3746,True
AIRFLOW-4233,True
AIRFLOW-3958,False
AIRFLOW-4837,False
AIRFLOW-4839,False
AIRFLOW-4836,False
AIRFLOW-2141,True
AIRFLOW-4826,True
AIRFLOW-4409,False
AIRFLOW-4827,False
AIRFLOW-4418,False
AIRFLOW-4348,False
AIRFLOW-4306,False
AIRFLOW-161,False
AIRFLOW-4048,False
AIRFLOW-4818,False
AIRFLOW-4819,False
AIRFLOW-4817,False
AIRFLOW-4784,False
AIRFLOW-4812,False
AIRFLOW-4148,True
AIRFLOW-4135,False
AIRFLOW-4807,False
AIRFLOW-4781,False
AIRFLOW-4423,False
AIRFLOW-4455,True
AIRFLOW-2955,True
AIRFLOW-4459,True
AIRFLOW-4146,True
AIRFLOW-4447,False
AIRFLOW-4377,False
AIRFLOW-4211,False
AIRFLOW-3876,True
AIRFLOW-4521,False
AIRFLOW-4765,True
AIRFLOW-4528,True
AIRFLOW-4798,True
AIRFLOW-4800,True
AIRFLOW-4766,False
AIRFLOW-4799,True
AIRFLOW-4795,False
AIRFLOW-3211,False
AIRFLOW-4750,False
AIRFLOW-4738,False
AIRFLOW-4393,True
AIRFLOW-4174,True
AIRFLOW-3870,False
AIRFLOW-4326,False
AIRFLOW-4463,True
AIRFLOW-3057,False
AIRFLOW-4659,False
AIRFLOW-2614,True
AIRFLOW-2737,False
AIRFLOW-3635,False
AIRFLOW-3599,False
AIRFLOW-4737,False
AIRFLOW-4777,False
AIRFLOW-4756,True
AIRFLOW-4760,True
AIRFLOW-4505,False
AIRFLOW-4757,False
AIRFLOW-4731,True
AIRFLOW-3729,False
AIRFLOW-4755,True
AIRFLOW-4754,False
AIRFLOW-4689,False
AIRFLOW-4753,False
AIRFLOW-4670,False
AIRFLOW-4752,False
AIRFLOW-4669,False
AIRFLOW-4743,False
AIRFLOW-4725,False
AIRFLOW-3506,True
AIRFLOW-4084,True
AIRFLOW-4396,False
AIRFLOW-4585,False
AIRFLOW-4501,True
AIRFLOW-4343,True
AIRFLOW-1381,True
AIRFLOW-4598,False
AIRFLOW-4565,True
AIRFLOW-4218,False
AIRFLOW-4159,False
AIRFLOW-4573,True
AIRFLOW-4720,False
AIRFLOW-4486,False
AIRFLOW-3990,False
AIRFLOW-4572,False
AIRFLOW-986,True
AIRFLOW-4721,False
AIRFLOW-4448,True
AIRFLOW-3869,False
AIRFLOW-4535,False
AIRFLOW-4420,False
AIRFLOW-4442,True
AIRFLOW-4571,False
AIRFLOW-4205,False
AIRFLOW-4570,False
AIRFLOW-1464,False
AIRFLOW-4295,True
AIRFLOW-4147,False
AIRFLOW-4557,True
AIRFLOW-4566,False
AIRFLOW-3867,False
AIRFLOW-3725,False
AIRFLOW-4545,True
AIRFLOW-3359,False
AIRFLOW-4546,True
AIRFLOW-4519,False
AIRFLOW-4318,False
AIRFLOW-4537,False
AIRFLOW-3960,False
AIRFLOW-4395,False
AIRFLOW-1684,False
AIRFLOW-4532,False
AIRFLOW-4215,False
AIRFLOW-4492,True
AIRFLOW-4511,True
AIRFLOW-4457,False
AIRFLOW-4503,False
AIRFLOW-4504,False
AIRFLOW-4092,False
AIRFLOW-4487,False
AIRFLOW-3341,False
AIRFLOW-4471,False
AIRFLOW-4468,False
AIRFLOW-4472,True
AIRFLOW-4467,False
AIRFLOW-4376,False
AIRFLOW-4381,False
AIRFLOW-4197,False
AIRFLOW-4207,False
AIRFLOW-4198,False
AIRFLOW-4460,False
AIRFLOW-2903,False
AIRFLOW-1501,False
AIRFLOW-4417,False
AIRFLOW-4430,True
AIRFLOW-4452,True
AIRFLOW-3672,False
AIRFLOW-3624,False
AIRFLOW-4450,True
AIRFLOW-4434,True
AIRFLOW-3449,True
AIRFLOW-4397,False
AIRFLOW-4320,False
AIRFLOW-4319,False
AIRFLOW-4446,False
AIRFLOW-4419,False
AIRFLOW-4300,True
AIRFLOW-4251,False
AIRFLOW-4118,False
AIRFLOW-4269,False
AIRFLOW-4401,True
AIRFLOW-4358,False
AIRFLOW-4436,False
AIRFLOW-4201,False
AIRFLOW-4433,False
AIRFLOW-3626,True
AIRFLOW-4361,False
AIRFLOW-4394,False
AIRFLOW-3143,False
AIRFLOW-4168,False
AIRFLOW-3720,True
AIRFLOW-4335,True
AIRFLOW-4014,False
AIRFLOW-3874,False
AIRFLOW-3808,False
AIRFLOW-4399,False
AIRFLOW-4403,True
AIRFLOW-4228,True
AIRFLOW-4031,False
AIRFLOW-3901,False
AIRFLOW-3455,False
AIRFLOW-4416,True
AIRFLOW-4324,True
AIRFLOW-4362,False
AIRFLOW-4336,False
AIRFLOW-4073,False
AIRFLOW-4093,True
AIRFLOW-4341,False
AIRFLOW-4308,True
AIRFLOW-4402,False
AIRFLOW-4208,False
AIRFLOW-4297,True
AIRFLOW-4386,False
AIRFLOW-4307,False
AIRFLOW-4379,False
AIRFLOW-4199,False
AIRFLOW-4356,True
AIRFLOW-4200,False
AIRFLOW-4380,False
AIRFLOW-4268,False
AIRFLOW-4296,False
AIRFLOW-4334,False
AIRFLOW-4337,False
AIRFLOW-4342,False
AIRFLOW-3603,False
AIRFLOW-4328,False
AIRFLOW-4299,True
AIRFLOW-4291,True
AIRFLOW-4310,True
AIRFLOW-4331,True
AIRFLOW-4313,False
AIRFLOW-4294,True
AIRFLOW-3241,False
AIRFLOW-4255,False
AIRFLOW-4169,False
AIRFLOW-4332,True
AIRFLOW-4312,True
AIRFLOW-4322,False
AIRFLOW-4323,False
AIRFLOW-4103,False
AIRFLOW-4321,False
AIRFLOW-3934,False
AIRFLOW-4311,False
AIRFLOW-4293,True
AIRFLOW-4267,True
AIRFLOW-4256,False
AIRFLOW-3677,False
AIRFLOW-4163,True
AIRFLOW-4034,False
AIRFLOW-2836,False
AIRFLOW-4104,False
AIRFLOW-3910,False
AIRFLOW-4259,False
AIRFLOW-3944,False
AIRFLOW-3322,False
AIRFLOW-3938,True
AIRFLOW-3471,False
AIRFLOW-3984,False
AIRFLOW-865,False
AIRFLOW-4149,True
AIRFLOW-3272,False
AIRFLOW-1557,True
AIRFLOW-4260,True
AIRFLOW-4265,True
AIRFLOW-4261,False
AIRFLOW-4262,True
AIRFLOW-4055,False
AIRFLOW-3993,False
AIRFLOW-4266,False
AIRFLOW-4302,False
AIRFLOW-2421,True
AIRFLOW-4252,False
AIRFLOW-4016,True
AIRFLOW-4177,False
AIRFLOW-4120,True
AIRFLOW-2994,True
AIRFLOW-2563,True
AIRFLOW-4232,False
AIRFLOW-4220,False
AIRFLOW-3971,False
AIRFLOW-3996,False
AIRFLOW-4069,False
AIRFLOW-3274,False
AIRFLOW-4248,True
AIRFLOW-4240,True
AIRFLOW-4247,False
AIRFLOW-4246,True
AIRFLOW-4229,True
AIRFLOW-3552,False
AIRFLOW-3887,True
AIRFLOW-4008,False
AIRFLOW-3947,False
AIRFLOW-4194,False
AIRFLOW-4223,True
AIRFLOW-3419,True
AIRFLOW-4144,False
AIRFLOW-4127,True
AIRFLOW-4172,True
AIRFLOW-3464,False
AIRFLOW-3463,False
AIRFLOW-3458,False
AIRFLOW-3461,False
AIRFLOW-3287,False
AIRFLOW-4058,True
AIRFLOW-3830,True
AIRFLOW-3596,False
AIRFLOW-3573,False
AIRFLOW-4193,False
AIRFLOW-3623,False
AIRFLOW-4173,False
AIRFLOW-3540,False
AIRFLOW-1526,False
AIRFLOW-4000,False
AIRFLOW-3615,True
AIRFLOW-3383,False
AIRFLOW-3417,True
AIRFLOW-3811,False
AIRFLOW-3884,True
AIRFLOW-3490,False
AIRFLOW-3003,False
AIRFLOW-3862,False
AIRFLOW-3462,False
AIRFLOW-3474,False
AIRFLOW-3475,False
AIRFLOW-3459,False
AIRFLOW-251,False
AIRFLOW-1814,True
AIRFLOW-2652,True
AIRFLOW-3730,False
AIRFLOW-4001,True
AIRFLOW-3925,False
AIRFLOW-3770,False
AIRFLOW-3866,False
AIRFLOW-3699,True
AIRFLOW-3685,False
AIRFLOW-3670,False
AIRFLOW-3937,False
AIRFLOW-3918,False
AIRFLOW-3408,True
AIRFLOW-4160,True
AIRFLOW-3659,False
AIRFLOW-3810,False
AIRFLOW-3202,False
AIRFLOW-3908,False
AIRFLOW-2915,False
AIRFLOW-3062,False
AIRFLOW-3288,False
AIRFLOW-3148,False
AIRFLOW-3049,False
AIRFLOW-3559,False
AIRFLOW-1191,False
AIRFLOW-3155,False
AIRFLOW-2864,False
AIRFLOW-3939,False
AIRFLOW-4154,False
AIRFLOW-4072,True
AIRFLOW-4057,False
AIRFLOW-3650,True
AIRFLOW-4062,False
AIRFLOW-3423,True
AIRFLOW-3743,False
AIRFLOW-3987,True
AIRFLOW-3982,True
AIRFLOW-3541,False
AIRFLOW-3988,False
AIRFLOW-4131,False
AIRFLOW-4112,False
AIRFLOW-3737,True
AIRFLOW-3945,True
AIRFLOW-4123,True
AIRFLOW-4106,False
AIRFLOW-4122,False
AIRFLOW-2568,False
AIRFLOW-4107,False
AIRFLOW-4002,False
AIRFLOW-3997,False
AIRFLOW-4009,False
AIRFLOW-3980,False
AIRFLOW-3771,True
AIRFLOW-987,True
AIRFLOW-3736,True
AIRFLOW-4076,False
AIRFLOW-4063,True
AIRFLOW-4046,False
AIRFLOW-3744,False
AIRFLOW-4033,False
AIRFLOW-4037,True
AIRFLOW-4044,True
AIRFLOW-3865,False
AIRFLOW-4015,True
AIRFLOW-3153,True
AIRFLOW-3516,False
AIRFLOW-2966,True
AIRFLOW-2843,False
AIRFLOW-2224,False
AIRFLOW-3892,False
AIRFLOW-3895,False
AIRFLOW-3950,False
AIRFLOW-4006,False
AIRFLOW-4129,True
AIRFLOW-4070,True
AIRFLOW-4124,False
AIRFLOW-1262,False
AIRFLOW-3917,False
AIRFLOW-4054,True
AIRFLOW-3239,True
AIRFLOW-4053,True
AIRFLOW-3911,False
AIRFLOW-2961,True
AIRFLOW-3606,True
AIRFLOW-3584,False
AIRFLOW-2548,True
AIRFLOW-2821,False
AIRFLOW-3561,False
AIRFLOW-3600,False
AIRFLOW-3713,False
AIRFLOW-2767,False
AIRFLOW-3795,True
AIRFLOW-4019,True
AIRFLOW-4012,False
AIRFLOW-3758,True
AIRFLOW-3701,False
AIRFLOW-3706,True
AIRFLOW-4100,True
AIRFLOW-3636,True
AIRFLOW-3977,True
AIRFLOW-2511,True
AIRFLOW-3962,True
AIRFLOW-3881,True
AIRFLOW-3875,True
AIRFLOW-3733,True
AIRFLOW-3734,True
AIRFLOW-2715,False
AIRFLOW-3932,False
AIRFLOW-3258,False
AIRFLOW-3766,False
AIRFLOW-3767,True
AIRFLOW-3741,False
AIRFLOW-4087,True
AIRFLOW-3931,True
AIRFLOW-4095,False
AIRFLOW-3768,True
AIRFLOW-4045,True
AIRFLOW-3123,True
AIRFLOW-3060,True
AIRFLOW-3924,True
AIRFLOW-2798,False
AIRFLOW-4083,True
AIRFLOW-4086,False
AIRFLOW-2190,True
AIRFLOW-3731,False
AIRFLOW-3139,False
AIRFLOW-3174,False
AIRFLOW-1390,True
AIRFLOW-3885,True
AIRFLOW-4047,False
AIRFLOW-3841,False
AIRFLOW-3780,True
AIRFLOW-3807,True
AIRFLOW-2985,False
AIRFLOW-2993,False
AIRFLOW-3933,False
AIRFLOW-3905,False
AIRFLOW-3834,False
AIRFLOW-2761,False
AIRFLOW-3009,True
AIRFLOW-2231,True
AIRFLOW-2641,True
AIRFLOW-3751,True
AIRFLOW-2888,True
AIRFLOW-2930,True
AIRFLOW-2156,False
AIRFLOW-4024,False
AIRFLOW-3702,False
AIRFLOW-2508,True
AIRFLOW-3799,False
AIRFLOW-3792,True
AIRFLOW-3821,False
AIRFLOW-3749,True
AIRFLOW-3801,True
AIRFLOW-3547,False
AIRFLOW-3647,False
AIRFLOW-3802,False
AIRFLOW-3817,False
AIRFLOW-3782,False
AIRFLOW-1945,False
AIRFLOW-3774,True
AIRFLOW-3719,True
AIRFLOW-3591,False
AIRFLOW-3108,True
AIRFLOW-3074,True
AIRFLOW-3218,False
AIRFLOW-3709,False
AIRFLOW-3522,False
AIRFLOW-3569,False
AIRFLOW-4011,False
AIRFLOW-3353,True
AIRFLOW-3250,True
AIRFLOW-2009,True
AIRFLOW-3044,False
AIRFLOW-3023,False
AIRFLOW-2928,False
AIRFLOW-2988,False
AIRFLOW-2876,True
AIRFLOW-3793,False
AIRFLOW-3973,True
AIRFLOW-3975,False
AIRFLOW-3983,False
AIRFLOW-3992,True
AIRFLOW-3906,True
AIRFLOW-3929,True
AIRFLOW-3697,False
AIRFLOW-3926,False
AIRFLOW-3940,True
AIRFLOW-3692,False
AIRFLOW-3896,False
AIRFLOW-3923,True
AIRFLOW-3907,False
AIRFLOW-3683,True
AIRFLOW-3698,False
AIRFLOW-3616,False
AIRFLOW-3900,False
AIRFLOW-3898,False
AIRFLOW-3249,False
AIRFLOW-3598,False
AIRFLOW-3891,False
AIRFLOW-3861,False
AIRFLOW-3639,True
AIRFLOW-3779,True
AIRFLOW-3851,False
AIRFLOW-3375,False
AIRFLOW-3742,False
AIRFLOW-3820,True
AIRFLOW-3828,True
AIRFLOW-3707,False
AIRFLOW-3643,False
AIRFLOW-3813,False
AIRFLOW-3814,False
AIRFLOW-3079,True
AIRFLOW-3789,False
AIRFLOW-2735,True
AIRFLOW-2706,True
AIRFLOW-3602,False
AIRFLOW-3631,False
AIRFLOW-3315,False
AIRFLOW-2780,False
AIRFLOW-3556,False
AIRFLOW-1978,False
AIRFLOW-2796,True
AIRFLOW-3787,False
AIRFLOW-3762,False
AIRFLOW-3773,True
AIRFLOW-3216,True
AIRFLOW-3764,False
AIRFLOW-3752,False
AIRFLOW-3732,True
AIRFLOW-3190,False
AIRFLOW-1298,True
AIRFLOW-3070,False
AIRFLOW-3125,False
AIRFLOW-3260,False
AIRFLOW-2703,True
AIRFLOW-3245,True
AIRFLOW-3382,True
AIRFLOW-3336,False
AIRFLOW-3378,True
AIRFLOW-3018,False
AIRFLOW-3452,False
AIRFLOW-2407,False
AIRFLOW-1508,True
AIRFLOW-2776,False
AIRFLOW-2766,False
AIRFLOW-2874,False
AIRFLOW-2866,True
AIRFLOW-3072,True
AIRFLOW-3067,False
AIRFLOW-3141,True
AIRFLOW-3271,True
AIRFLOW-3302,False
AIRFLOW-3714,True
AIRFLOW-3724,True
AIRFLOW-3712,True
AIRFLOW-2779,False
AIRFLOW-2805,False
AIRFLOW-2783,False
AIRFLOW-2782,False
AIRFLOW-3681,False
AIRFLOW-3704,False
AIRFLOW-3319,True
AIRFLOW-3655,True
AIRFLOW-3303,False
AIRFLOW-3700,False
AIRFLOW-3696,False
AIRFLOW-3086,True
AIRFLOW-2663,False
AIRFLOW-3693,True
AIRFLOW-3426,False
AIRFLOW-3694,True
AIRFLOW-2801,False
AIRFLOW-3690,True
AIRFLOW-3689,False
AIRFLOW-3691,False
AIRFLOW-722,False
AIRFLOW-3687,True
AIRFLOW-3478,False
AIRFLOW-2951,False
AIRFLOW-2756,True
AIRFLOW-3612,True
AIRFLOW-2965,False
AIRFLOW-3191,True
AIRFLOW-3680,False
AIRFLOW-3673,False
AIRFLOW-2658,False
AIRFLOW-3675,False
AIRFLOW-3205,False
AIRFLOW-2826,False
AIRFLOW-3676,False
AIRFLOW-2440,False
AIRFLOW-3592,False
AIRFLOW-3679,False
AIRFLOW-3594,False
AIRFLOW-3554,False
AIRFLOW-3212,False
AIRFLOW-3197,True
AIRFLOW-3468,False
AIRFLOW-3664,True
AIRFLOW-3504,False
AIRFLOW-3657,True
AIRFLOW-3605,True
AIRFLOW-3646,True
AIRFLOW-3589,False
AIRFLOW-3207,False
AIRFLOW-3638,False
AIRFLOW-3662,True
AIRFLOW-3630,True
AIRFLOW-1837,True
AIRFLOW-3103,False
AIRFLOW-3168,False
AIRFLOW-3076,False
AIRFLOW-2829,True
AIRFLOW-3519,True
AIRFLOW-3035,False
AIRFLOW-3246,False
AIRFLOW-2811,True
AIRFLOW-2751,True
AIRFLOW-3059,False
AIRFLOW-2463,False
AIRFLOW-2918,True
AIRFLOW-2771,True
AIRFLOW-2099,True
AIRFLOW-3397,True
AIRFLOW-3281,True
AIRFLOW-1998,False
AIRFLOW-2698,False
AIRFLOW-2615,True
AIRFLOW-2750,False
AIRFLOW-2267,False
AIRFLOW-2359,False
AIRFLOW-3008,False
AIRFLOW-2952,True
AIRFLOW-2933,True
AIRFLOW-2499,False
AIRFLOW-3402,False
AIRFLOW-2082,True
AIRFLOW-3610,False
AIRFLOW-3531,False
AIRFLOW-3034,False
AIRFLOW-3028,False
AIRFLOW-208,False
AIRFLOW-2238,False
AIRFLOW-3005,False
AIRFLOW-3634,False
AIRFLOW-3150,False
AIRFLOW-3581,True
AIRFLOW-1196,False
AIRFLOW-3480,False
AIRFLOW-3527,True
AIRFLOW-3340,False
AIRFLOW-3446,False
AIRFLOW-3316,True
AIRFLOW-3583,True
AIRFLOW-3578,True
AIRFLOW-1921,False
AIRFLOW-3560,False
AIRFLOW-2770,False
AIRFLOW-3022,False
AIRFLOW-2917,False
AIRFLOW-2755,True
AIRFLOW-2655,True
AIRFLOW-2645,True
AIRFLOW-2661,True
AIRFLOW-2712,False
AIRFLOW-3550,True
AIRFLOW-2863,True
AIRFLOW-2939,True
AIRFLOW-3327,True
AIRFLOW-3438,True
AIRFLOW-3371,False
AIRFLOW-3332,False
AIRFLOW-3355,True
AIRFLOW-461,False
AIRFLOW-3055,False
AIRFLOW-2887,False
AIRFLOW-2997,False
AIRFLOW-2916,False
AIRFLOW-2758,False
AIRFLOW-2640,False
AIRFLOW-491,True
AIRFLOW-2889,False
AIRFLOW-850,False
AIRFLOW-3398,False
AIRFLOW-3447,True
AIRFLOW-1552,True
AIRFLOW-2747,True
AIRFLOW-3392,False
AIRFLOW-3001,False
AIRFLOW-2861,False
AIRFLOW-3518,False
AIRFLOW-3521,False
AIRFLOW-1919,False
AIRFLOW-3444,False
AIRFLOW-3411,False
AIRFLOW-3310,False
AIRFLOW-2785,False
AIRFLOW-2524,False
AIRFLOW-3484,True
AIRFLOW-3479,False
AIRFLOW-3406,False
AIRFLOW-3309,True
AIRFLOW-3434,False
AIRFLOW-2948,False
AIRFLOW-2245,False
AIRFLOW-2670,False
AIRFLOW-3380,False
AIRFLOW-3414,True
AIRFLOW-3432,False
AIRFLOW-1252,True
AIRFLOW-3361,False
AIRFLOW-3425,True
AIRFLOW-3345,False
AIRFLOW-3213,False
AIRFLOW-3266,False
AIRFLOW-3346,False
AIRFLOW-2983,False
AIRFLOW-3416,True
AIRFLOW-3403,False
AIRFLOW-3323,False
AIRFLOW-3263,True
AIRFLOW-3264,True
AIRFLOW-3365,True
AIRFLOW-2642,True
AIRFLOW-3395,False
AIRFLOW-3410,False
AIRFLOW-3275,False
AIRFLOW-3294,False
AIRFLOW-3236,False
AIRFLOW-2691,False
AIRFLOW-3301,False
AIRFLOW-3306,False
AIRFLOW-3251,True
AIRFLOW-2867,False
AIRFLOW-2705,True
AIRFLOW-2753,False
AIRFLOW-2795,False
AIRFLOW-2596,False
AIRFLOW-3233,True
AIRFLOW-3132,False
AIRFLOW-2908,True
AIRFLOW-2731,False
AIRFLOW-1561,True
AIRFLOW-3352,True
AIRFLOW-3384,False
AIRFLOW-3220,False
AIRFLOW-3129,False
AIRFLOW-2814,True
AIRFLOW-2882,False
AIRFLOW-3004,False
AIRFLOW-3175,False
AIRFLOW-3661,False
AIRFLOW-3582,False
AIRFLOW-3627,False
AIRFLOW-3515,False
AIRFLOW-3637,True
AIRFLOW-3622,False
AIRFLOW-3613,False
AIRFLOW-3580,False
AIRFLOW-360,False
AIRFLOW-3587,False
AIRFLOW-3576,False
AIRFLOW-3609,True
AIRFLOW-3595,False
AIRFLOW-3597,False
AIRFLOW-3551,False
AIRFLOW-3558,False
AIRFLOW-3557,True
AIRFLOW-3555,True
AIRFLOW-3546,True
AIRFLOW-3500,False
AIRFLOW-3505,False
AIRFLOW-3431,False
AIRFLOW-3396,False
AIRFLOW-1739,True
AIRFLOW-3308,True
AIRFLOW-3350,False
AIRFLOW-3343,True
AIRFLOW-3339,True
AIRFLOW-502,False
AIRFLOW-3330,False
AIRFLOW-2723,True
AIRFLOW-3325,True
AIRFLOW-3307,False
AIRFLOW-3164,True
AIRFLOW-3297,True
AIRFLOW-2799,True
AIRFLOW-3193,True
AIRFLOW-3187,False
AIRFLOW-3159,False
AIRFLOW-3136,True
AIRFLOW-3127,False
AIRFLOW-3111,True
AIRFLOW-3109,True
AIRFLOW-3104,False
AIRFLOW-3090,False
AIRFLOW-3069,False
AIRFLOW-3064,True
AIRFLOW-3046,True
AIRFLOW-3002,True
AIRFLOW-2865,True
AIRFLOW-2744,True
AIRFLOW-2574,True
AIRFLOW-1970,True
AIRFLOW-3137,False
AIRFLOW-1163,True
AIRFLOW-843,False
AIRFLOW-3161,True
AIRFLOW-3295,True
AIRFLOW-3262,False
AIRFLOW-2192,True
AIRFLOW-3112,False
AIRFLOW-3268,True
AIRFLOW-3265,False
AIRFLOW-3277,True
AIRFLOW-3276,False
AIRFLOW-3231,False
AIRFLOW-2657,False
AIRFLOW-3232,False
AIRFLOW-3237,False
AIRFLOW-2682,False
AIRFLOW-839,True
AIRFLOW-3257,True
AIRFLOW-520,True
AIRFLOW-3238,True
AIRFLOW-3203,True
AIRFLOW-3025,False
AIRFLOW-3012,True
AIRFLOW-3124,True
AIRFLOW-2932,False
AIRFLOW-2789,False
AIRFLOW-2797,False
AIRFLOW-3195,False
AIRFLOW-2622,False
AIRFLOW-1762,True
AIRFLOW-3119,False
AIRFLOW-393,False
AIRFLOW-3138,True
AIRFLOW-2794,False
AIRFLOW-2216,True
AIRFLOW-3178,True
AIRFLOW-3089,True
AIRFLOW-3099,True
AIRFLOW-3183,True
AIRFLOW-2956,False
AIRFLOW-2854,False
AIRFLOW-2662,False
AIRFLOW-3177,False
AIRFLOW-3078,False
AIRFLOW-2912,False
AIRFLOW-3173,False
AIRFLOW-3162,True
AIRFLOW-3006,False
AIRFLOW-2990,False
AIRFLOW-2989,False
AIRFLOW-2981,True
AIRFLOW-2974,False
AIRFLOW-2709,False
AIRFLOW-2904,False
AIRFLOW-2855,False
AIRFLOW-1104,True
AIRFLOW-2800,True
AIRFLOW-2592,False
AIRFLOW-2848,True
AIRFLOW-2825,True
AIRFLOW-1917,True
AIRFLOW-1441,True
AIRFLOW-1195,True
AIRFLOW-2707,True
AIRFLOW-2860,True
AIRFLOW-2792,True
AIRFLOW-3030,False
AIRFLOW-2938,True
AIRFLOW-2907,True
AIRFLOW-2905,True
AIRFLOW-2893,True
AIRFLOW-2772,True
AIRFLOW-2845,False
AIRFLOW-2704,False
AIRFLOW-2749,False
AIRFLOW-2769,True
AIRFLOW-2773,True
AIRFLOW-2786,True
AIRFLOW-1874,True
AIRFLOW-2763,False
AIRFLOW-2900,True
AIRFLOW-2476,False
AIRFLOW-2960,True
AIRFLOW-2979,True
AIRFLOW-2949,False
AIRFLOW-2145,True
AIRFLOW-2984,True
AIRFLOW-2713,True
AIRFLOW-2895,True
AIRFLOW-1867,True
AIRFLOW-3222,False
AIRFLOW-3121,True
AIRFLOW-3201,False
AIRFLOW-3192,False
AIRFLOW-3165,False
AIRFLOW-3088,False
AIRFLOW-3130,False
AIRFLOW-3100,False
AIRFLOW-3117,False
AIRFLOW-3051,False
AIRFLOW-3096,False
AIRFLOW-3073,False
AIRFLOW-3036,True
AIRFLOW-3068,False
AIRFLOW-3052,False
AIRFLOW-3056,False
AIRFLOW-3040,False
AIRFLOW-3021,False
AIRFLOW-2847,False
AIRFLOW-2883,True
AIRFLOW-2991,False
AIRFLOW-3007,False
AIRFLOW-2921,False
AIRFLOW-2980,False
AIRFLOW-2959,False
AIRFLOW-2957,True
AIRFLOW-2909,False
AIRFLOW-2913,False
AIRFLOW-2886,True
AIRFLOW-2884,True
AIRFLOW-2878,False
AIRFLOW-2856,False
AIRFLOW-2870,True
AIRFLOW-2859,True
AIRFLOW-2140,False
AIRFLOW-2869,True
AIRFLOW-2851,False
AIRFLOW-2857,True
AIRFLOW-2858,False
AIRFLOW-2853,False
AIRFLOW-2850,False
AIRFLOW-2839,False
AIRFLOW-2849,False
AIRFLOW-2817,False
AIRFLOW-2820,False
AIRFLOW-2716,True
AIRFLOW-2835,True
AIRFLOW-2832,False
AIRFLOW-2822,True
AIRFLOW-2809,True
AIRFLOW-2807,False
AIRFLOW-2816,False
AIRFLOW-2815,False
AIRFLOW-2810,True
AIRFLOW-2812,True
AIRFLOW-2777,False
AIRFLOW-2765,False
AIRFLOW-2791,False
AIRFLOW-2734,False
AIRFLOW-2778,True
AIRFLOW-2748,False
AIRFLOW-2754,True
AIRFLOW-1729,False
AIRFLOW-2752,True
AIRFLOW-2739,True
AIRFLOW-2718,True
AIRFLOW-2710,True
AIRFLOW-2708,False
AIRFLOW-2702,True
AIRFLOW-2696,False
AIRFLOW-2606,False
AIRFLOW-2646,True
AIRFLOW-2512,False
AIRFLOW-2604,False
AIRFLOW-2650,True
AIRFLOW-2678,True
AIRFLOW-2624,True
AIRFLOW-2654,True
AIRFLOW-2668,True
AIRFLOW-2681,True
AIRFLOW-1840,True
AIRFLOW-2671,False
AIRFLOW-2648,False
AIRFLOW-2669,True
AIRFLOW-2612,False
AIRFLOW-2608,False
AIRFLOW-2607,True
AIRFLOW-2638,False
AIRFLOW-2542,False
AIRFLOW-2567,False
AIRFLOW-2601,False
AIRFLOW-2559,False
AIRFLOW-1786,True
AIRFLOW-2355,True
AIRFLOW-2613,True
AIRFLOW-2627,False
AIRFLOW-2634,False
AIRFLOW-2611,True
AIRFLOW-2562,False
AIRFLOW-2630,True
AIRFLOW-2534,True
AIRFLOW-2586,True
AIRFLOW-2605,True
AIRFLOW-2539,False
AIRFLOW-1656,True
AIRFLOW-2617,False
AIRFLOW-2429,False
AIRFLOW-2550,False
AIRFLOW-2585,True
AIRFLOW-2597,True
AIRFLOW-2590,True
AIRFLOW-1115,True
AIRFLOW-2587,False
AIRFLOW-2591,False
AIRFLOW-59,False
AIRFLOW-2533,True
AIRFLOW-2581,True
AIRFLOW-2578,False
AIRFLOW-2575,True
AIRFLOW-437,True
AIRFLOW-2566,True
AIRFLOW-1021,True
AIRFLOW-2561,True
AIRFLOW-2573,True
AIRFLOW-2560,False
AIRFLOW-2565,False
AIRFLOW-83,False
AIRFLOW-2558,True
AIRFLOW-2513,False
AIRFLOW-2557,False
AIRFLOW-2545,True
AIRFLOW-2500,True
AIRFLOW-2462,True
AIRFLOW-2525,True
AIRFLOW-2553,False
AIRFLOW-1863,True
AIRFLOW-2504,False
AIRFLOW-2551,True
AIRFLOW-2537,True
AIRFLOW-2526,False
AIRFLOW-2544,False
AIRFLOW-2547,False
AIRFLOW-2538,False
AIRFLOW-2529,False
AIRFLOW-2517,False
AIRFLOW-2532,False
AIRFLOW-2466,True
AIRFLOW-2519,True
AIRFLOW-2402,True
AIRFLOW-2536,False
AIRFLOW-2530,False
AIRFLOW-1499,False
AIRFLOW-2521,True
AIRFLOW-2515,True
AIRFLOW-2523,False
AIRFLOW-2510,False
AIRFLOW-1730,True
AIRFLOW-2518,True
AIRFLOW-1472,True
AIRFLOW-2520,True
AIRFLOW-2107,False
AIRFLOW-1057,True
AIRFLOW-2415,True
AIRFLOW-2473,True
AIRFLOW-2472,False
AIRFLOW-2419,False
AIRFLOW-2498,True
AIRFLOW-2509,False
AIRFLOW-2502,False
AIRFLOW-2503,False
AIRFLOW-2501,True
AIRFLOW-2471,True
AIRFLOW-2495,False
AIRFLOW-2493,False
AIRFLOW-2489,False
AIRFLOW-2448,False
AIRFLOW-2487,True
AIRFLOW-2397,False
AIRFLOW-2482,False
AIRFLOW-2481,False
AIRFLOW-2479,False
AIRFLOW-2485,True
AIRFLOW-2486,True
AIRFLOW-2491,True
AIRFLOW-2484,False
AIRFLOW-2477,True
AIRFLOW-2474,True
AIRFLOW-48,False
AIRFLOW-2467,False
AIRFLOW-2452,False
AIRFLOW-2420,False
AIRFLOW-2213,False
AIRFLOW-2465,True
AIRFLOW-1929,True
AIRFLOW-2460,True
AIRFLOW-2110,True
AIRFLOW-2435,False
AIRFLOW-2451,True
AIRFLOW-2461,False
AIRFLOW-2376,False
AIRFLOW-2425,False
AIRFLOW-2430,True
AIRFLOW-2453,True
AIRFLOW-2396,False
AIRFLOW-2169,True
AIRFLOW-2457,True
AIRFLOW-2454,False
AIRFLOW-2450,True
AIRFLOW-2333,False
AIRFLOW-2442,True
AIRFLOW-2016,False
AIRFLOW-2446,False
AIRFLOW-2449,True
AIRFLOW-2424,True
AIRFLOW-2441,True
AIRFLOW-2358,False
AIRFLOW-2436,True
AIRFLOW-2444,True
AIRFLOW-2447,True
AIRFLOW-2445,False
AIRFLOW-2086,False
AIRFLOW-2437,False
AIRFLOW-2427,False
AIRFLOW-2412,False
AIRFLOW-2431,False
AIRFLOW-1952,False
AIRFLOW-2222,True
AIRFLOW-2426,False
AIRFLOW-2418,False
AIRFLOW-2417,True
AIRFLOW-1914,True
AIRFLOW-1899,False
AIRFLOW-1812,True
AIRFLOW-2313,False
AIRFLOW-2411,False
AIRFLOW-2409,False
AIRFLOW-2410,False
AIRFLOW-2394,True
AIRFLOW-2406,False
AIRFLOW-2404,False
AIRFLOW-2400,False
AIRFLOW-1853,True
AIRFLOW-2401,True
AIRFLOW-2403,False
AIRFLOW-1313,False
AIRFLOW-2398,False
AIRFLOW-2363,True
AIRFLOW-2389,False
AIRFLOW-2390,False
AIRFLOW-1933,False
AIRFLOW-1960,False
AIRFLOW-1575,False
AIRFLOW-2266,True
AIRFLOW-2370,True
AIRFLOW-2348,True
AIRFLOW-2391,False
AIRFLOW-2381,False
AIRFLOW-2378,False
AIRFLOW-2382,True
AIRFLOW-2380,True
AIRFLOW-2377,False
AIRFLOW-2331,False
AIRFLOW-1835,True
AIRFLOW-1781,True
AIRFLOW-2042,True
AIRFLOW-2336,True
AIRFLOW-2041,True
AIRFLOW-74,True
AIRFLOW-2369,False
AIRFLOW-2365,True
AIRFLOW-2068,False
AIRFLOW-1652,True
AIRFLOW-2234,False
AIRFLOW-2208,False
AIRFLOW-1153,True
AIRFLOW-775,True
AIRFLOW-2364,True
AIRFLOW-2357,True
AIRFLOW-766,True
AIRFLOW-2351,True
AIRFLOW-1433,True
AIRFLOW-2270,True
AIRFLOW-2344,True
AIRFLOW-2300,False
AIRFLOW-1314,True
AIRFLOW-1999,False
AIRFLOW-2326,False
AIRFLOW-2328,True
AIRFLOW-2350,False
AIRFLOW-2302,False
AIRFLOW-2345,False
AIRFLOW-2347,True
AIRFLOW-2346,True
AIRFLOW-2330,True
AIRFLOW-2240,False
AIRFLOW-2309,False
AIRFLOW-2335,True
AIRFLOW-2184,False
AIRFLOW-2299,False
AIRFLOW-2254,True
AIRFLOW-610,True
AIRFLOW-2287,False
AIRFLOW-952,True
AIRFLOW-1325,False
AIRFLOW-2301,False
AIRFLOW-2293,True
AIRFLOW-1509,False
AIRFLOW-2291,False
AIRFLOW-1774,False
AIRFLOW-2312,False
AIRFLOW-1623,True
AIRFLOW-2162,True
AIRFLOW-2304,False
AIRFLOW-1633,False
AIRFLOW-1340,False
AIRFLOW-2303,False
AIRFLOW-2209,True
AIRFLOW-2306,False
AIRFLOW-2305,True
AIRFLOW-2281,False
AIRFLOW-2027,False
AIRFLOW-2256,False
AIRFLOW-2284,False
AIRFLOW-2296,True
AIRFLOW-2298,False
AIRFLOW-2292,True
AIRFLOW-2286,True
AIRFLOW-2273,False
AIRFLOW-2282,False
AIRFLOW-2200,False
AIRFLOW-2178,True
AIRFLOW-2215,True
AIRFLOW-2253,False
AIRFLOW-2274,False
AIRFLOW-2269,False
AIRFLOW-2259,False
AIRFLOW-2233,False
AIRFLOW-2217,False
AIRFLOW-2264,False
AIRFLOW-2260,False
AIRFLOW-2261,True
AIRFLOW-2258,False
AIRFLOW-1430,True
AIRFLOW-2251,False
AIRFLOW-2244,True
AIRFLOW-2247,True
AIRFLOW-2249,False
AIRFLOW-2228,False
AIRFLOW-1206,True
AIRFLOW-2060,True
AIRFLOW-2248,True
AIRFLOW-1235,True
AIRFLOW-1460,True
AIRFLOW-2124,False
AIRFLOW-2212,True
AIRFLOW-2226,False
AIRFLOW-2211,False
AIRFLOW-2225,False
AIRFLOW-2220,False
AIRFLOW-2185,True
AIRFLOW-2183,False
AIRFLOW-2203,False
AIRFLOW-2205,True
AIRFLOW-2207,True
AIRFLOW-2206,True
AIRFLOW-2204,True
AIRFLOW-102,True
AIRFLOW-442,False
AIRFLOW-1588,True
AIRFLOW-2199,False
AIRFLOW-2191,False
AIRFLOW-2106,False
AIRFLOW-2197,False
AIRFLOW-2150,True
AIRFLOW-2186,False
AIRFLOW-2181,False
AIRFLOW-2187,False
AIRFLOW-2175,True
AIRFLOW-2173,True
AIRFLOW-2168,False
AIRFLOW-2176,False
AIRFLOW-2177,False
AIRFLOW-2123,True
AIRFLOW-2129,True
AIRFLOW-2174,True
AIRFLOW-2171,True
AIRFLOW-2166,True
AIRFLOW-2163,True
AIRFLOW-2065,True
AIRFLOW-2147,False
AIRFLOW-2059,True
AIRFLOW-2159,False
AIRFLOW-2132,False
AIRFLOW-2160,True
AIRFLOW-2161,True
AIRFLOW-2149,False
AIRFLOW-2151,False
AIRFLOW-2097,True
AIRFLOW-2152,True
AIRFLOW-1551,False
AIRFLOW-2034,True
AIRFLOW-2102,False
AIRFLOW-1035,True
AIRFLOW-2127,True
AIRFLOW-2146,False
AIRFLOW-2087,True
AIRFLOW-2139,False
AIRFLOW-2125,False
AIRFLOW-2142,True
AIRFLOW-1615,False
AIRFLOW-2122,True
AIRFLOW-2130,True
AIRFLOW-2134,True
AIRFLOW-2133,True
AIRFLOW-2131,True
AIRFLOW-1852,True
AIRFLOW-2126,False
AIRFLOW-1618,False
AIRFLOW-2108,True
AIRFLOW-2115,False
AIRFLOW-1882,False
AIRFLOW-2089,False
AIRFLOW-2113,True
AIRFLOW-2112,True
AIRFLOW-2116,True
AIRFLOW-2100,False
AIRFLOW-1404,True
AIRFLOW-800,True
AIRFLOW-1319,False
AIRFLOW-1983,False
AIRFLOW-2095,False
AIRFLOW-2085,False
AIRFLOW-1002,False
AIRFLOW-2094,False
AIRFLOW-2092,False
AIRFLOW-2088,False
AIRFLOW-2091,False
AIRFLOW-2090,False
AIRFLOW-1157,True
AIRFLOW-713,True
AIRFLOW-2083,True
AIRFLOW-2066,False
AIRFLOW-2073,True
AIRFLOW-2078,False
AIRFLOW-2080,False
AIRFLOW-2077,True
AIRFLOW-1985,True
AIRFLOW-2018,True
AIRFLOW-2069,True
AIRFLOW-2074,True
AIRFLOW-1927,True
AIRFLOW-1760,False
AIRFLOW-2038,True
AIRFLOW-2040,True
AIRFLOW-1968,False
AIRFLOW-2048,True
AIRFLOW-2046,True
AIRFLOW-2063,False
AIRFLOW-1793,True
AIRFLOW-2055,False
AIRFLOW-2039,False
AIRFLOW-2053,True
AIRFLOW-2057,False
AIRFLOW-2044,False
AIRFLOW-2037,False
AIRFLOW-2050,True
AIRFLOW-2043,True
AIRFLOW-2023,True
AIRFLOW-1453,True
AIRFLOW-2015,True
AIRFLOW-1895,True
AIRFLOW-2030,True
AIRFLOW-1943,False
AIRFLOW-2033,False
AIRFLOW-2006,False
AIRFLOW-2031,False
AIRFLOW-2029,True
AIRFLOW-2028,True
AIRFLOW-2025,False
AIRFLOW-1267,True
AIRFLOW-2019,False
AIRFLOW-2017,False
AIRFLOW-1889,True
AIRFLOW-1950,False
AIRFLOW-1755,False
AIRFLOW-511,False
AIRFLOW-192,False
AIRFLOW-2008,True
AIRFLOW-1984,True
AIRFLOW-2000,False
AIRFLOW-2003,False
AIRFLOW-2002,True
AIRFLOW-2004,True
AIRFLOW-1997,False
AIRFLOW-1996,False
AIRFLOW-1995,True
AIRFLOW-1770,False
AIRFLOW-1994,True
AIRFLOW-1436,True
AIRFLOW-1517,False
AIRFLOW-1988,True
AIRFLOW-790,True
AIRFLOW-1949,True
AIRFLOW-1930,True
AIRFLOW-1688,False
AIRFLOW-1975,False
AIRFLOW-1480,False
AIRFLOW-1958,False
AIRFLOW-1976,True
AIRFLOW-1982,True
AIRFLOW-1971,True
AIRFLOW-1969,True
AIRFLOW-1954,False
AIRFLOW-1963,False
AIRFLOW-1946,False
AIRFLOW-1953,False
AIRFLOW-1967,True
AIRFLOW-1964,True
AIRFLOW-1470,False
AIRFLOW-1955,True
AIRFLOW-1957,True
AIRFLOW-1935,True
AIRFLOW-1939,False
AIRFLOW-1928,True
AIRFLOW-1937,False
AIRFLOW-1821,False
AIRFLOW-1904,True
AIRFLOW-1909,True
AIRFLOW-1915,False
AIRFLOW-1920,True
AIRFLOW-1942,False
AIRFLOW-1846,False
AIRFLOW-1948,False
AIRFLOW-1938,True
AIRFLOW-1932,False
AIRFLOW-1916,True
AIRFLOW-1913,False
AIRFLOW-1525,False
AIRFLOW-1687,True
AIRFLOW-1912,True
AIRFLOW-1911,True
AIRFLOW-1885,True
AIRFLOW-1854,False
AIRFLOW-1908,True
AIRFLOW-1907,True
AIRFLOW-1893,True
AIRFLOW-1892,False
AIRFLOW-1829,False
AIRFLOW-1878,True
AIRFLOW-1897,True
AIRFLOW-1896,True
AIRFLOW-1884,True
AIRFLOW-1869,False
AIRFLOW-1888,False
AIRFLOW-1873,True
AIRFLOW-1887,False
AIRFLOW-1891,True
AIRFLOW-1879,False
AIRFLOW-1876,False
AIRFLOW-1554,True
AIRFLOW-342,True
AIRFLOW-966,True
AIRFLOW-1881,False
AIRFLOW-1883,False
AIRFLOW-1872,True
AIRFLOW-1855,False
AIRFLOW-1870,False
AIRFLOW-1785,True
AIRFLOW-1850,True
AIRFLOW-1665,True
AIRFLOW-1559,True
AIRFLOW-1848,True
AIRFLOW-1843,False
AIRFLOW-1803,False
AIRFLOW-1826,False
AIRFLOW-1827,False
AIRFLOW-1806,False
AIRFLOW-1809,False
AIRFLOW-1807,False
AIRFLOW-1808,False
AIRFLOW-1804,False
AIRFLOW-1802,False
AIRFLOW-1790,False
AIRFLOW-1820,True
AIRFLOW-1810,True
AIRFLOW-1838,True
AIRFLOW-1842,False
AIRFLOW-1845,True
AIRFLOW-1229,False
AIRFLOW-1841,False
AIRFLOW-1839,True
AIRFLOW-1830,False
AIRFLOW-1831,False
AIRFLOW-1795,True
AIRFLOW-1811,True
AIRFLOW-1819,True
AIRFLOW-1805,True
AIRFLOW-1816,True
AIRFLOW-868,False
AIRFLOW-1613,True
AIRFLOW-1817,True
AIRFLOW-1813,True
AIRFLOW-1801,False
AIRFLOW-1563,True
AIRFLOW-1794,True
AIRFLOW-1799,True
AIRFLOW-1102,True
AIRFLOW-1756,True
AIRFLOW-1797,True
AIRFLOW-646,True
AIRFLOW-1792,True
AIRFLOW-1789,False
AIRFLOW-1787,True
AIRFLOW-1780,True
AIRFLOW-1669,True
AIRFLOW-71,False
AIRFLOW-387,True
AIRFLOW-1779,False
AIRFLOW-1571,False
AIRFLOW-1675,True
AIRFLOW-1712,False
AIRFLOW-1776,True
AIRFLOW-1765,True
AIRFLOW-1764,True
AIRFLOW-1771,True
AIRFLOW-1769,True
AIRFLOW-1763,True
AIRFLOW-1634,False
AIRFLOW-1315,False
AIRFLOW-1018,True
AIRFLOW-1695,False
AIRFLOW-1706,True
AIRFLOW-1711,True
AIRFLOW-1723,False
AIRFLOW-1757,False
AIRFLOW-1734,True
AIRFLOW-1761,True
AIRFLOW-1731,True
AIRFLOW-1641,True
AIRFLOW-1744,True
AIRFLOW-1330,True
AIRFLOW-1732,True
AIRFLOW-1736,False
AIRFLOW-1657,True
AIRFLOW-1677,True
AIRFLOW-926,True
AIRFLOW-1520,True
AIRFLOW-1716,True
AIRFLOW-1719,False
AIRFLOW-1432,True
AIRFLOW-1743,True
AIRFLOW-1745,True
AIRFLOW-1741,True
AIRFLOW-1728,False
AIRFLOW-1726,False
AIRFLOW-1698,True
AIRFLOW-1694,True
AIRFLOW-1692,True
AIRFLOW-1722,False
AIRFLOW-1718,True
AIRFLOW-1727,False
AIRFLOW-1631,True
AIRFLOW-1724,False
AIRFLOW-1683,False
AIRFLOW-1714,False
AIRFLOW-1681,True
AIRFLOW-1696,True
AIRFLOW-1697,True
AIRFLOW-1691,False
AIRFLOW-1690,True
AIRFLOW-1682,True
AIRFLOW-1676,True
AIRFLOW-1678,False
AIRFLOW-1635,False
AIRFLOW-1323,False
AIRFLOW-1590,True
AIRFLOW-1671,True
AIRFLOW-988,True
AIRFLOW-1611,True
AIRFLOW-1668,True
AIRFLOW-1658,False
AIRFLOW-891,False
AIRFLOW-1560,False
AIRFLOW-1654,False
AIRFLOW-1660,False
AIRFLOW-1664,True
AIRFLOW-1659,True
AIRFLOW-1650,True
AIRFLOW-1647,True
AIRFLOW-1587,True
AIRFLOW-1576,False
AIRFLOW-1643,True
AIRFLOW-1626,False
AIRFLOW-1636,True
AIRFLOW-1527,False
AIRFLOW-1639,True
AIRFLOW-1637,True
AIRFLOW-1628,True
AIRFLOW-1331,True
AIRFLOW-1627,False
AIRFLOW-1629,False
AIRFLOW-1368,False
AIRFLOW-1621,False
AIRFLOW-1519,True
AIRFLOW-289,False
AIRFLOW-1356,False
AIRFLOW-1247,True
AIRFLOW-1591,True
AIRFLOW-1031,False
AIRFLOW-1604,True
AIRFLOW-1512,False
AIRFLOW-1617,True
AIRFLOW-1497,True
AIRFLOW-1619,False
AIRFLOW-1177,True
AIRFLOW-1600,True
AIRFLOW-1614,False
AIRFLOW-1309,False
AIRFLOW-1603,False
AIRFLOW-1609,False
AIRFLOW-1601,False
AIRFLOW-1608,True
AIRFLOW-1606,True
AIRFLOW-1602,True
AIRFLOW-1593,True
AIRFLOW-1597,False
AIRFLOW-1594,False
AIRFLOW-1582,True
AIRFLOW-1476,False
AIRFLOW-1522,False
AIRFLOW-950,True
AIRFLOW-1573,True
AIRFLOW-1584,True
AIRFLOW-1586,True
AIRFLOW-1579,False
AIRFLOW-1577,False
AIRFLOW-1580,True
AIRFLOW-1567,False
AIRFLOW-1574,True
AIRFLOW-1572,True
AIRFLOW-1568,False
AIRFLOW-1493,True
AIRFLOW-1564,True
AIRFLOW-1562,True
AIRFLOW-1556,True
AIRFLOW-108,False
AIRFLOW-1541,False
AIRFLOW-1535,False
AIRFLOW-1384,False
AIRFLOW-1546,True
AIRFLOW-1545,True
AIRFLOW-1544,True
AIRFLOW-1529,False
AIRFLOW-1521,True
AIRFLOW-1324,True
AIRFLOW-1516,True
AIRFLOW-1420,True
AIRFLOW-1495,True
AIRFLOW-1483,True
AIRFLOW-855,True
AIRFLOW-1505,False
AIRFLOW-1504,False
AIRFLOW-1239,True
AIRFLOW-1280,True
AIRFLOW-1507,False
AIRFLOW-1452,True
AIRFLOW-1385,True
AIRFLOW-940,True
AIRFLOW-1492,False
AIRFLOW-1443,False
AIRFLOW-1486,True
AIRFLOW-1487,False
AIRFLOW-1489,False
AIRFLOW-1349,True
AIRFLOW-1478,True
AIRFLOW-1397,True
AIRFLOW-1474,False
AIRFLOW-1445,False
AIRFLOW-1359,False
AIRFLOW-1389,False
AIRFLOW-1459,True
AIRFLOW-1448,True
AIRFLOW-1398,False
AIRFLOW-1399,True
AIRFLOW-1442,True
AIRFLOW-1438,True
AIRFLOW-1439,False
AIRFLOW-1437,False
AIRFLOW-756,False
AIRFLOW-1393,True
AIRFLOW-1345,False
AIRFLOW-1059,False
AIRFLOW-1255,True
AIRFLOW-1401,False
AIRFLOW-1394,False
AIRFLOW-1402,True
AIRFLOW-1326,True
AIRFLOW-1357,True
AIRFLOW-1382,False
AIRFLOW-1388,False
AIRFLOW-1387,True
AIRFLOW-1366,False
AIRFLOW-1300,False
AIRFLOW-1271,False
AIRFLOW-300,True
AIRFLOW-1343,True
AIRFLOW-1367,True
AIRFLOW-1265,True
AIRFLOW-1272,False
AIRFLOW-1352,True
AIRFLOW-1350,False
AIRFLOW-1334,False
AIRFLOW-1273,False
AIRFLOW-1321,False
AIRFLOW-1337,False
AIRFLOW-1338,True
AIRFLOW-801,True
AIRFLOW-1344,True
AIRFLOW-1333,False
AIRFLOW-1320,False
AIRFLOW-1335,False
AIRFLOW-809,True
AIRFLOW-1339,False
AIRFLOW-1275,True
AIRFLOW-1296,True
AIRFLOW-1317,True
AIRFLOW-1286,True
AIRFLOW-1308,True
AIRFLOW-1172,True
AIRFLOW-936,False
AIRFLOW-1294,True
AIRFLOW-1299,False
AIRFLOW-1291,True
AIRFLOW-1301,False
AIRFLOW-1289,True
AIRFLOW-1024,True
AIRFLOW-1160,True
AIRFLOW-1119,True
AIRFLOW-1089,False
AIRFLOW-1078,True
AIRFLOW-1074,True
AIRFLOW-1064,True
AIRFLOW-1038,True
AIRFLOW-1036,False
AIRFLOW-993,True
AIRFLOW-1167,True
AIRFLOW-1179,True
AIRFLOW-1263,True
AIRFLOW-1266,True
AIRFLOW-1290,True
AIRFLOW-1242,True
AIRFLOW-1282,True
AIRFLOW-1166,True
AIRFLOW-1208,False
AIRFLOW-1192,False
AIRFLOW-1281,True
AIRFLOW-1277,True
AIRFLOW-1276,True
AIRFLOW-1244,True
AIRFLOW-1274,True
AIRFLOW-654,False
AIRFLOW-1256,True
AIRFLOW-1251,False
AIRFLOW-908,False
AIRFLOW-1237,True
AIRFLOW-1243,True
AIRFLOW-1245,True
AIRFLOW-1248,True
AIRFLOW-1197,True
AIRFLOW-1234,False
AIRFLOW-1217,True
AIRFLOW-645,True
AIRFLOW-1231,False
AIRFLOW-1232,True
AIRFLOW-1233,False
AIRFLOW-1227,True
AIRFLOW-1226,True
AIRFLOW-1221,True
AIRFLOW-1210,True
AIRFLOW-1199,True
AIRFLOW-1200,True
AIRFLOW-1207,True
AIRFLOW-1213,True
AIRFLOW-1201,True
AIRFLOW-1186,True
AIRFLOW-1203,True
AIRFLOW-1145,True
AIRFLOW-1180,True
AIRFLOW-1170,True
AIRFLOW-1041,True
AIRFLOW-860,True
AIRFLOW-1189,True
AIRFLOW-1184,True
AIRFLOW-1182,False
AIRFLOW-823,False
AIRFLOW-1175,False
AIRFLOW-1150,True
AIRFLOW-1141,False
AIRFLOW-1193,False
AIRFLOW-1168,True
AIRFLOW-1188,False
AIRFLOW-1187,True
AIRFLOW-1185,True
AIRFLOW-1181,False
AIRFLOW-1173,True
AIRFLOW-945,True
AIRFLOW-1140,False
AIRFLOW-1155,False
AIRFLOW-970,False
AIRFLOW-492,True
AIRFLOW-1142,True
AIRFLOW-1125,False
AIRFLOW-1122,False
AIRFLOW-1138,False
AIRFLOW-1136,True
AIRFLOW-1127,False
AIRFLOW-1121,True
AIRFLOW-1118,False
AIRFLOW-1124,True
AIRFLOW-1120,True
AIRFLOW-1000,False
AIRFLOW-1091,False
AIRFLOW-1107,False
AIRFLOW-1094,True
AIRFLOW-1112,True
AIRFLOW-1106,False
AIRFLOW-1109,True
AIRFLOW-1030,True
AIRFLOW-1004,True
AIRFLOW-1001,True
AIRFLOW-111,False
AIRFLOW-1095,True
AIRFLOW-1090,False
AIRFLOW-1081,True
AIRFLOW-1085,False
AIRFLOW-1050,True
AIRFLOW-1028,False
AIRFLOW-1075,False
AIRFLOW-1033,True
AIRFLOW-969,False
AIRFLOW-1016,False
AIRFLOW-1065,False
AIRFLOW-947,True
AIRFLOW-1067,True
AIRFLOW-1051,False
AIRFLOW-1062,True
AIRFLOW-1011,True
AIRFLOW-1054,True
AIRFLOW-1007,True
AIRFLOW-719,True
AIRFLOW-858,False
AIRFLOW-832,True
AIRFLOW-906,False
AIRFLOW-1017,True
AIRFLOW-1043,False
AIRFLOW-840,True
AIRFLOW-985,True
AIRFLOW-1034,True
AIRFLOW-1045,False
AIRFLOW-1047,True
AIRFLOW-1040,False
AIRFLOW-1006,False
AIRFLOW-999,False
AIRFLOW-1009,True
AIRFLOW-1005,False
AIRFLOW-1010,False
AIRFLOW-995,False
AIRFLOW-681,True
AIRFLOW-705,True
AIRFLOW-990,True
AIRFLOW-963,True
AIRFLOW-984,True
AIRFLOW-997,False
AIRFLOW-994,False
AIRFLOW-989,True
AIRFLOW-903,False
AIRFLOW-979,False
AIRFLOW-933,True
AIRFLOW-974,True
AIRFLOW-917,True
AIRFLOW-770,False
AIRFLOW-900,False
AIRFLOW-961,True
AIRFLOW-910,False
AIRFLOW-967,True
AIRFLOW-941,True
AIRFLOW-938,True
AIRFLOW-937,False
AIRFLOW-925,True
AIRFLOW-919,False
AIRFLOW-802,False
AIRFLOW-897,True
AIRFLOW-861,True
AIRFLOW-853,True
AIRFLOW-856,True
AIRFLOW-830,False
AIRFLOW-831,True
AIRFLOW-794,False
AIRFLOW-694,True
AIRFLOW-365,True
AIRFLOW-958,False
AIRFLOW-931,False
AIRFLOW-956,False
AIRFLOW-954,True
AIRFLOW-943,True
AIRFLOW-942,True
AIRFLOW-939,True
AIRFLOW-725,True
AIRFLOW-916,False
AIRFLOW-911,False
AIRFLOW-896,True
AIRFLOW-899,True
AIRFLOW-895,True
AIRFLOW-893,True
AIRFLOW-880,True
AIRFLOW-889,True
AIRFLOW-875,False
AIRFLOW-866,False
AIRFLOW-881,False
AIRFLOW-885,False
AIRFLOW-836,True
AIRFLOW-862,False
AIRFLOW-863,False
AIRFLOW-887,False
AIRFLOW-886,False
AIRFLOW-871,True
AIRFLOW-882,False
AIRFLOW-793,False
AIRFLOW-869,True
AIRFLOW-877,True
AIRFLOW-826,False
AIRFLOW-842,True
AIRFLOW-834,True
AIRFLOW-857,False
AIRFLOW-854,True
AIRFLOW-814,True
AIRFLOW-844,True
AIRFLOW-781,False
AIRFLOW-789,False
AIRFLOW-816,True
AIRFLOW-821,True
AIRFLOW-817,True
AIRFLOW-822,True
AIRFLOW-815,False
AIRFLOW-813,True
AIRFLOW-806,True
AIRFLOW-812,True
AIRFLOW-780,True
AIRFLOW-782,False
AIRFLOW-783,True
AIRFLOW-810,True
AIRFLOW-807,True
AIRFLOW-803,True
AIRFLOW-798,True
AIRFLOW-139,True
AIRFLOW-776,True
AIRFLOW-777,True
AIRFLOW-785,True
AIRFLOW-784,True
AIRFLOW-624,True
AIRFLOW-779,True
AIRFLOW-778,True
AIRFLOW-739,True
AIRFLOW-771,True
AIRFLOW-773,True
AIRFLOW-219,False
AIRFLOW-683,False
AIRFLOW-762,True
AIRFLOW-760,True
AIRFLOW-759,True
AIRFLOW-757,True
AIRFLOW-692,True
AIRFLOW-737,True
AIRFLOW-747,True
AIRFLOW-753,True
AIRFLOW-750,False
AIRFLOW-752,False
AIRFLOW-558,False
AIRFLOW-489,False
AIRFLOW-738,True
AIRFLOW-729,False
AIRFLOW-728,False
AIRFLOW-741,False
AIRFLOW-731,True
AIRFLOW-740,True
AIRFLOW-663,False
AIRFLOW-665,True
AIRFLOW-734,True
AIRFLOW-702,True
AIRFLOW-730,False
AIRFLOW-717,False
AIRFLOW-695,True
AIRFLOW-673,False
AIRFLOW-727,True
AIRFLOW-726,False
AIRFLOW-715,False
AIRFLOW-716,False
AIRFLOW-718,False
AIRFLOW-724,False
AIRFLOW-721,True
AIRFLOW-720,False
AIRFLOW-403,True
AIRFLOW-657,False
AIRFLOW-641,False
AIRFLOW-685,False
AIRFLOW-686,False
AIRFLOW-691,False
AIRFLOW-709,True
AIRFLOW-700,True
AIRFLOW-649,True
AIRFLOW-712,True
AIRFLOW-710,True
AIRFLOW-703,True
AIRFLOW-701,False
AIRFLOW-679,False
AIRFLOW-704,True
AIRFLOW-667,False
AIRFLOW-680,False
AIRFLOW-678,True
AIRFLOW-677,False
AIRFLOW-674,False
AIRFLOW-682,True
AIRFLOW-647,True
AIRFLOW-662,True
AIRFLOW-656,True
AIRFLOW-658,True
AIRFLOW-41,True
AIRFLOW-653,False
AIRFLOW-652,False
AIRFLOW-345,False
AIRFLOW-651,True
AIRFLOW-650,False
AIRFLOW-510,False
AIRFLOW-643,True
AIRFLOW-638,False
AIRFLOW-640,True
AIRFLOW-639,True
AIRFLOW-375,True
AIRFLOW-347,True
AIRFLOW-628,False
AIRFLOW-514,False
AIRFLOW-565,True
AIRFLOW-635,True
AIRFLOW-634,True
AIRFLOW-137,True
AIRFLOW-343,True
AIRFLOW-130,True
AIRFLOW-633,False
AIRFLOW-626,True
AIRFLOW-632,True
AIRFLOW-631,True
AIRFLOW-533,True
AIRFLOW-629,False
AIRFLOW-464,False
AIRFLOW-591,False
AIRFLOW-561,True
AIRFLOW-570,True
AIRFLOW-504,True
AIRFLOW-507,False
AIRFLOW-623,True
AIRFLOW-611,True
AIRFLOW-619,True
AIRFLOW-618,True
AIRFLOW-422,False
AIRFLOW-616,False
AIRFLOW-179,True
AIRFLOW-566,True
AIRFLOW-615,True
AIRFLOW-606,False
AIRFLOW-609,False
AIRFLOW-614,False
AIRFLOW-613,False
AIRFLOW-612,True
AIRFLOW-411,False
AIRFLOW-551,False
AIRFLOW-552,False
AIRFLOW-590,False
AIRFLOW-604,True
AIRFLOW-370,False
AIRFLOW-582,True
AIRFLOW-568,True
AIRFLOW-585,True
AIRFLOW-600,False
AIRFLOW-580,False
AIRFLOW-597,True
AIRFLOW-586,True
AIRFLOW-453,False
AIRFLOW-599,False
AIRFLOW-588,False
AIRFLOW-592,True
AIRFLOW-587,True
AIRFLOW-589,False
AIRFLOW-227,False
AIRFLOW-319,False
AIRFLOW-385,False
AIRFLOW-583,True
AIRFLOW-96,True
AIRFLOW-579,True
AIRFLOW-575,False
AIRFLOW-577,True
AIRFLOW-567,False
AIRFLOW-560,False
AIRFLOW-518,False
AIRFLOW-553,True
AIRFLOW-554,False
AIRFLOW-550,True
AIRFLOW-500,False
AIRFLOW-556,True
AIRFLOW-358,False
AIRFLOW-548,True
AIRFLOW-539,False
AIRFLOW-378,True
AIRFLOW-545,True
AIRFLOW-544,False
AIRFLOW-333,True
AIRFLOW-542,False
AIRFLOW-530,False
AIRFLOW-537,False
AIRFLOW-525,True
AIRFLOW-480,True
AIRFLOW-535,False
AIRFLOW-531,True
AIRFLOW-198,False
AIRFLOW-523,False
AIRFLOW-521,True
AIRFLOW-519,True
AIRFLOW-91,False
AIRFLOW-191,True
AIRFLOW-512,False
AIRFLOW-509,False
AIRFLOW-498,True
AIRFLOW-505,True
AIRFLOW-469,True
AIRFLOW-494,False
AIRFLOW-488,True
AIRFLOW-468,True
AIRFLOW-159,False
AIRFLOW-477,False
AIRFLOW-467,False
AIRFLOW-483,False
AIRFLOW-481,False
AIRFLOW-476,False
AIRFLOW-475,False
AIRFLOW-472,False
AIRFLOW-466,False
AIRFLOW-463,False
AIRFLOW-149,False
AIRFLOW-361,False
AIRFLOW-353,True
AIRFLOW-457,False
AIRFLOW-447,True
AIRFLOW-443,True
AIRFLOW-449,False
AIRFLOW-444,False
AIRFLOW-446,False
AIRFLOW-448,False
AIRFLOW-431,True
AIRFLOW-329,False
AIRFLOW-439,False
AIRFLOW-440,False
AIRFLOW-429,False
AIRFLOW-423,False
AIRFLOW-425,True
AIRFLOW-328,False
AIRFLOW-69,False
AIRFLOW-415,False
AIRFLOW-416,True
AIRFLOW-369,False
AIRFLOW-410,False
AIRFLOW-407,False
AIRFLOW-414,True
AIRFLOW-406,True
AIRFLOW-412,True
AIRFLOW-413,True
AIRFLOW-78,False
AIRFLOW-402,True
AIRFLOW-394,False
AIRFLOW-404,False
AIRFLOW-276,False
AIRFLOW-399,True
AIRFLOW-400,True
AIRFLOW-395,True
AIRFLOW-397,False
AIRFLOW-388,False
AIRFLOW-322,True
AIRFLOW-383,True
AIRFLOW-160,False
AIRFLOW-381,False
AIRFLOW-373,False
AIRFLOW-379,False
AIRFLOW-331,False
AIRFLOW-356,False
AIRFLOW-362,True
AIRFLOW-359,True
AIRFLOW-348,False
AIRFLOW-349,False
AIRFLOW-340,False
AIRFLOW-341,False
AIRFLOW-335,False
AIRFLOW-337,True
AIRFLOW-334,True
AIRFLOW-315,False
AIRFLOW-306,False
AIRFLOW-327,False
AIRFLOW-321,True
AIRFLOW-316,True
AIRFLOW-264,False
AIRFLOW-297,False
AIRFLOW-31,True
AIRFLOW-307,True
AIRFLOW-309,True
AIRFLOW-313,True
AIRFLOW-311,True
AIRFLOW-24,True
AIRFLOW-308,False
AIRFLOW-314,True
AIRFLOW-298,True
AIRFLOW-284,True
AIRFLOW-260,True
AIRFLOW-228,True
AIRFLOW-302,True
AIRFLOW-187,False
AIRFLOW-247,False
AIRFLOW-301,True
AIRFLOW-100,True
AIRFLOW-282,True
AIRFLOW-291,False
AIRFLOW-269,False
AIRFLOW-296,True
AIRFLOW-286,False
AIRFLOW-243,False
AIRFLOW-246,True
AIRFLOW-189,False
AIRFLOW-281,True
AIRFLOW-285,True
AIRFLOW-40,False
AIRFLOW-277,True
AIRFLOW-200,True
AIRFLOW-283,False
AIRFLOW-278,False
AIRFLOW-280,False
AIRFLOW-274,False
AIRFLOW-273,False
AIRFLOW-275,False
AIRFLOW-244,False
AIRFLOW-162,False
AIRFLOW-248,False
AIRFLOW-263,True
AIRFLOW-252,True
AIRFLOW-180,True
AIRFLOW-262,False
AIRFLOW-6,True
AIRFLOW-234,True
AIRFLOW-256,True
AIRFLOW-173,False
AIRFLOW-224,False
AIRFLOW-239,True
AIRFLOW-225,False
AIRFLOW-241,False
AIRFLOW-222,False
AIRFLOW-231,False
AIRFLOW-216,False
AIRFLOW-171,True
AIRFLOW-238,True
AIRFLOW-230,False
AIRFLOW-142,True
AIRFLOW-223,False
AIRFLOW-218,False
AIRFLOW-213,True
AIRFLOW-68,False
AIRFLOW-9,True
AIRFLOW-131,True
AIRFLOW-214,True
AIRFLOW-206,False
AIRFLOW-211,True
AIRFLOW-64,True
AIRFLOW-114,False
AIRFLOW-209,True
AIRFLOW-207,False
AIRFLOW-155,True
AIRFLOW-185,True
AIRFLOW-201,True
AIRFLOW-196,True
AIRFLOW-195,True
AIRFLOW-23,False
AIRFLOW-25,True
AIRFLOW-183,True
AIRFLOW-176,True
AIRFLOW-178,True
AIRFLOW-175,True
AIRFLOW-157,True
AIRFLOW-170,True
AIRFLOW-153,True
AIRFLOW-134,False
AIRFLOW-150,True
AIRFLOW-148,False
AIRFLOW-52,True
AIRFLOW-143,True
AIRFLOW-125,False
AIRFLOW-86,True
AIRFLOW-127,True
AIRFLOW-121,False
AIRFLOW-119,True
AIRFLOW-109,True
AIRFLOW-117,False
AIRFLOW-112,False
AIRFLOW-80,True
AIRFLOW-75,True
AIRFLOW-53,False
AIRFLOW-42,True
AIRFLOW-5854,False
AIRFLOW-5824,False
AIRFLOW-5701,True
AIRFLOW-5489,True
AIRFLOW-5492,True
AIRFLOW-5484,True
AIRFLOW-5493,True
AIRFLOW-5496,True
AIRFLOW-5258,True
AIRFLOW-3791,False
AIRFLOW-4740,False
AIRFLOW-4793,False
AIRFLOW-3476,False
AIRFLOW-3543,True
AIRFLOW-3590,False
AIRFLOW-2787,True
AIRFLOW-3259,True
AIRFLOW-932,False
AIRFLOW-959,True
AIRFLOW-960,False
AIRFLOW-261,False
AIRFLOW-339,False
AIRFLOW-202,True
AIRFLOW-190,True
AIRFLOW-168,True
AIRFLOW-181,True
AIRFLOW-167,False
AIRFLOW-45,False
AIRFLOW-124,False
AIRFLOW-92,True
AIRFLOW-77,False
AIRFLOW-21,False
AIRFLOW-16,False
AIRFLOW-15,False
AIP-31,
AIRLFOW-6240,
AIRLFOW-6024,
