CALCITE-4042,True
CALCITE-4043,False
CALCITE-3991,True
CALCITE-3981,True
CALCITE-4032,False
CALCITE-2997,True
CALCITE-3946,False
CALCITE-4023,False
CALCITE-4031,False
CALCITE-3993,False
CALCITE-4011,False
CALCITE-4019,True
CALCITE-3972,True
CALCITE-4004,False
CALCITE-4009,False
CALCITE-3950,True
CALCITE-3478,False
CALCITE-3999,False
CALCITE-3910,False
CALCITE-3988,False
CALCITE-3985,False
CALCITE-3989,False
CALCITE-3997,True
CALCITE-3979,True
CALCITE-3969,True
CALCITE-3982,True
CALCITE-3984,False
CALCITE-3983,False
CALCITE-3896,False
CALCITE-3980,False
CALCITE-3961,True
CALCITE-3780,False
CALCITE-3737,False
CALCITE-3866,True
CALCITE-3926,True
CALCITE-3973,True
CALCITE-3965,True
CALCITE-3887,False
CALCITE-3971,False
CALCITE-3966,False
CALCITE-3718,False
CALCITE-3958,False
CALCITE-3921,True
CALCITE-3889,True
CALCITE-3928,True
CALCITE-3962,False
CALCITE-3938,False
CALCITE-3827,False
CALCITE-3878,False
CALCITE-3949,True
CALCITE-3789,False
CALCITE-3954,False
CALCITE-3955,True
CALCITE-3915,True
CALCITE-3948,False
CALCITE-3758,False
CALCITE-3942,False
CALCITE-3939,True
CALCITE-3944,False
CALCITE-3947,False
CALCITE-3937,False
CALCITE-3927,True
CALCITE-3868,False
CALCITE-3940,True
CALCITE-3447,True
CALCITE-3931,False
CALCITE-3934,False
CALCITE-3790,True
CALCITE-2157,False
CALCITE-3894,True
CALCITE-3924,True
CALCITE-3881,True
CALCITE-3324,True
CALCITE-3733,True
CALCITE-3909,True
CALCITE-3576,True
CALCITE-2593,True
CALCITE-3865,False
CALCITE-2970,True
CALCITE-3914,False
CALCITE-3912,False
CALCITE-3833,False
CALCITE-3900,False
CALCITE-3908,True
CALCITE-3898,True
CALCITE-3726,False
CALCITE-3835,True
CALCITE-3851,False
CALCITE-3872,False
CALCITE-3892,True
CALCITE-3814,True
CALCITE-3877,True
CALCITE-3876,True
CALCITE-3891,False
CALCITE-3880,False
CALCITE-3888,True
CALCITE-3660,True
CALCITE-3885,False
CALCITE-3886,True
CALCITE-3867,False
CALCITE-3882,False
CALCITE-3684,False
CALCITE-3846,True
CALCITE-3871,False
CALCITE-3829,False
CALCITE-3840,True
CALCITE-3810,False
CALCITE-3285,False
CALCITE-3852,False
CALCITE-3634,False
CALCITE-3862,True
CALCITE-3694,False
CALCITE-3647,False
CALCITE-3815,True
CALCITE-3704,False
CALCITE-3856,False
CALCITE-3855,False
CALCITE-3853,False
CALCITE-3848,True
CALCITE-3845,True
CALCITE-3847,False
CALCITE-3753,False
CALCITE-3823,True
CALCITE-3412,True
CALCITE-3839,True
CALCITE-3838,False
CALCITE-3819,False
CALCITE-3809,True
CALCITE-3828,True
CALCITE-3820,False
CALCITE-3837,True
CALCITE-3821,True
CALCITE-3825,False
CALCITE-3824,True
CALCITE-3734,True
CALCITE-3817,True
CALCITE-3808,False
CALCITE-3826,True
CALCITE-3830,True
CALCITE-3822,True
CALCITE-3818,False
CALCITE-3811,True
CALCITE-3813,False
CALCITE-3812,False
CALCITE-3807,True
CALCITE-3771,False
CALCITE-3803,False
CALCITE-2707,True
CALCITE-3801,False
CALCITE-3791,True
CALCITE-3794,False
CALCITE-3798,False
CALCITE-3800,False
CALCITE-3797,True
CALCITE-3799,False
CALCITE-3769,False
CALCITE-3795,True
CALCITE-3793,True
CALCITE-3792,False
CALCITE-2442,True
CALCITE-3774,True
CALCITE-3763,True
CALCITE-3785,True
CALCITE-3783,True
CALCITE-3781,False
CALCITE-3465,False
CALCITE-3773,True
CALCITE-3768,True
CALCITE-3766,False
CALCITE-3765,False
CALCITE-3764,True
CALCITE-3707,False
CALCITE-3695,False
CALCITE-1824,True
CALCITE-3751,True
CALCITE-3756,True
CALCITE-3738,True
CALCITE-3676,True
CALCITE-3653,False
CALCITE-3668,True
CALCITE-3744,True
CALCITE-3749,True
CALCITE-3747,True
CALCITE-3742,False
CALCITE-3735,True
CALCITE-3736,False
CALCITE-3640,False
CALCITE-3721,True
CALCITE-3382,True
CALCITE-3730,False
CALCITE-3644,False
CALCITE-3593,True
CALCITE-3466,True
CALCITE-3729,False
CALCITE-3725,True
CALCITE-3723,False
CALCITE-3675,True
CALCITE-3364,True
CALCITE-3722,True
CALCITE-3713,True
CALCITE-2450,True
CALCITE-3719,False
CALCITE-3677,True
CALCITE-3715,False
CALCITE-3663,False
CALCITE-3714,True
CALCITE-3712,True
CALCITE-3510,False
CALCITE-3587,True
CALCITE-3154,True
CALCITE-3658,True
CALCITE-3580,False
CALCITE-2672,True
CALCITE-3711,False
CALCITE-3606,False
CALCITE-3526,True
CALCITE-3328,True
CALCITE-3672,True
CALCITE-3654,False
CALCITE-3651,True
CALCITE-3666,True
CALCITE-3655,True
CALCITE-3649,False
CALCITE-3563,False
CALCITE-3621,True
CALCITE-3652,False
CALCITE-3632,False
CALCITE-3643,False
CALCITE-3637,False
CALCITE-3623,False
CALCITE-3630,True
CALCITE-3579,False
CALCITE-3607,False
CALCITE-3591,False
CALCITE-3618,True
CALCITE-3631,False
CALCITE-3635,False
CALCITE-3622,False
CALCITE-3601,False
CALCITE-3625,False
CALCITE-2905,True
CALCITE-3525,False
CALCITE-3620,True
CALCITE-3387,True
CALCITE-3604,True
CALCITE-3595,True
CALCITE-3568,False
CALCITE-3608,True
CALCITE-3603,True
CALCITE-3590,False
CALCITE-3552,False
CALCITE-3559,True
CALCITE-3599,True
CALCITE-3598,True
CALCITE-3575,True
CALCITE-3462,False
CALCITE-3535,True
CALCITE-3520,True
CALCITE-3381,False
CALCITE-3584,False
CALCITE-3481,True
CALCITE-3540,False
CALCITE-3565,True
CALCITE-3547,True
CALCITE-3496,False
CALCITE-3246,True
CALCITE-3429,True
CALCITE-3560,False
CALCITE-3550,False
CALCITE-3542,False
CALCITE-3546,False
CALCITE-3561,False
CALCITE-3566,False
CALCITE-3567,True
CALCITE-3569,False
CALCITE-3548,True
CALCITE-3536,True
CALCITE-3355,True
CALCITE-3473,False
CALCITE-2457,False
CALCITE-3544,False
CALCITE-3353,True
CALCITE-3539,True
CALCITE-3521,True
CALCITE-3512,True
CALCITE-3141,True
CALCITE-3140,True
CALCITE-3534,False
CALCITE-3531,False
CALCITE-3454,False
CALCITE-3527,False
CALCITE-3245,True
CALCITE-3112,False
CALCITE-3523,False
CALCITE-3492,False
CALCITE-3519,True
CALCITE-3516,False
CALCITE-3457,True
CALCITE-3486,True
CALCITE-3491,False
CALCITE-3498,True
CALCITE-3494,False
CALCITE-3503,True
CALCITE-3502,False
CALCITE-3448,True
CALCITE-482,True
CALCITE-3476,True
CALCITE-3474,True
CALCITE-3469,True
CALCITE-3487,True
CALCITE-3437,False
CALCITE-3482,True
CALCITE-3479,True
CALCITE-3435,True
CALCITE-3456,True
CALCITE-3408,False
CALCITE-3423,False
CALCITE-3405,True
CALCITE-3458,False
CALCITE-3400,False
CALCITE-3475,True
CALCITE-3254,True
CALCITE-3434,False
CALCITE-3433,True
CALCITE-3449,True
CALCITE-3376,True
CALCITE-2018,True
CALCITE-3446,False
CALCITE-3442,False
CALCITE-3390,True
CALCITE-3334,False
CALCITE-3439,True
CALCITE-3451,False
CALCITE-3445,True
CALCITE-3444,True
CALCITE-3436,True
CALCITE-3440,True
CALCITE-3441,False
CALCITE-3428,True
CALCITE-3362,False
CALCITE-3424,True
CALCITE-3300,True
CALCITE-3414,True
CALCITE-3416,False
CALCITE-3393,False
CALCITE-3318,True
CALCITE-3421,False
CALCITE-2792,True
CALCITE-3407,False
CALCITE-3420,False
CALCITE-3403,False
CALCITE-3411,True
CALCITE-3410,False
CALCITE-3404,False
CALCITE-3396,True
CALCITE-3379,False
CALCITE-3397,True
CALCITE-3383,True
CALCITE-3392,False
CALCITE-3330,True
CALCITE-3391,True
CALCITE-3386,True
CALCITE-3389,True
CALCITE-3361,True
CALCITE-3347,True
CALCITE-3349,False
CALCITE-3346,False
CALCITE-3374,True
CALCITE-3363,True
CALCITE-3323,False
CALCITE-3370,False
CALCITE-3369,True
CALCITE-3365,False
CALCITE-3239,True
CALCITE-3327,True
CALCITE-3247,True
CALCITE-3288,False
CALCITE-1178,False
CALCITE-3348,True
CALCITE-3287,True
CALCITE-3357,True
CALCITE-3286,True
CALCITE-3344,True
CALCITE-3360,True
CALCITE-3302,True
CALCITE-3282,True
CALCITE-2166,True
CALCITE-3316,True
CALCITE-3317,True
CALCITE-3319,True
CALCITE-3331,False
CALCITE-3335,False
CALCITE-3303,False
CALCITE-3321,True
CALCITE-3322,False
CALCITE-3115,True
CALCITE-3314,True
CALCITE-3315,True
CALCITE-3309,False
CALCITE-3310,True
CALCITE-3292,True
CALCITE-3311,False
CALCITE-3307,True
CALCITE-2973,True
CALCITE-3297,True
CALCITE-2302,True
CALCITE-3295,True
CALCITE-3296,True
CALCITE-3122,True
CALCITE-3280,False
CALCITE-3260,False
CALCITE-3283,True
CALCITE-3210,True
CALCITE-3204,False
CALCITE-2979,False
CALCITE-3220,True
CALCITE-3263,False
CALCITE-3228,True
CALCITE-3223,True
CALCITE-3257,True
CALCITE-3138,True
CALCITE-3262,False
CALCITE-3251,True
CALCITE-3259,False
CALCITE-3111,False
CALCITE-3258,True
CALCITE-3252,True
CALCITE-3167,True
CALCITE-3089,False
CALCITE-3235,False
CALCITE-3267,False
CALCITE-3214,True
CALCITE-3249,False
CALCITE-3250,False
CALCITE-3229,True
CALCITE-3236,True
CALCITE-3238,False
CALCITE-3159,False
CALCITE-1935,True
CALCITE-3237,True
CALCITE-3234,True
CALCITE-2843,True
CALCITE-3198,True
CALCITE-3233,False
CALCITE-2835,True
CALCITE-3226,True
CALCITE-3101,True
CALCITE-3227,True
CALCITE-3231,False
CALCITE-2624,False
CALCITE-3177,True
CALCITE-3218,True
CALCITE-3222,True
CALCITE-3191,True
CALCITE-3147,True
CALCITE-3131,True
CALCITE-3175,True
CALCITE-3225,True
CALCITE-3215,True
CALCITE-3192,True
CALCITE-3211,True
CALCITE-3207,True
CALCITE-3153,False
CALCITE-2496,True
CALCITE-3031,True
CALCITE-3109,False
CALCITE-3209,True
CALCITE-3195,True
CALCITE-3118,True
CALCITE-2510,False
CALCITE-3136,True
CALCITE-3201,False
CALCITE-3176,False
CALCITE-3182,True
CALCITE-3174,True
CALCITE-3184,False
CALCITE-3113,True
CALCITE-3145,True
CALCITE-3166,True
CALCITE-3144,True
CALCITE-3196,True
CALCITE-3183,True
CALCITE-3189,True
CALCITE-3165,True
CALCITE-3188,True
CALCITE-2995,False
CALCITE-3160,True
CALCITE-3170,True
CALCITE-3179,False
CALCITE-3169,True
CALCITE-3171,True
CALCITE-3172,True
CALCITE-2460,False
CALCITE-3121,True
CALCITE-3168,False
CALCITE-3063,True
CALCITE-3152,False
CALCITE-3125,False
CALCITE-3133,False
CALCITE-3126,True
CALCITE-3146,False
CALCITE-3155,True
CALCITE-3151,True
CALCITE-2801,True
CALCITE-3149,True
CALCITE-3060,True
CALCITE-3157,False
CALCITE-3156,True
CALCITE-3148,True
CALCITE-3119,False
CALCITE-3087,True
CALCITE-3123,True
CALCITE-2822,False
CALCITE-2968,False
CALCITE-2721,True
CALCITE-3116,False
CALCITE-2744,True
CALCITE-2804,True
CALCITE-3005,False
CALCITE-3107,False
CALCITE-3106,False
CALCITE-2944,False
CALCITE-3102,True
CALCITE-3098,True
CALCITE-2742,False
CALCITE-3082,True
CALCITE-3093,False
CALCITE-3095,False
CALCITE-2696,True
CALCITE-2812,False
CALCITE-3097,True
CALCITE-3022,True
CALCITE-3047,True
CALCITE-3048,True
CALCITE-3096,True
CALCITE-3055,True
CALCITE-2952,True
CALCITE-3021,True
CALCITE-35,True
CALCITE-3077,True
CALCITE-3090,False
CALCITE-2913,False
CALCITE-3084,True
CALCITE-2985,False
CALCITE-2807,False
CALCITE-3050,True
CALCITE-3023,False
CALCITE-3067,True
CALCITE-2601,False
CALCITE-3076,True
CALCITE-3068,True
CALCITE-3072,True
CALCITE-2712,True
CALCITE-2965,True
CALCITE-3074,False
CALCITE-3062,False
CALCITE-2975,False
CALCITE-2933,True
CALCITE-2282,False
CALCITE-3052,True
CALCITE-3066,True
CALCITE-3028,False
CALCITE-3017,False
CALCITE-2936,False
CALCITE-3034,True
CALCITE-2803,True
CALCITE-3061,True
CALCITE-3056,True
CALCITE-3046,True
CALCITE-3053,True
CALCITE-2846,True
CALCITE-3054,True
CALCITE-3039,True
CALCITE-3049,True
CALCITE-3003,False
CALCITE-3012,True
CALCITE-3045,True
CALCITE-3030,True
CALCITE-3029,True
CALCITE-2292,True
CALCITE-2998,False
CALCITE-2982,True
CALCITE-2453,False
CALCITE-3004,True
CALCITE-3011,True
CALCITE-3001,False
CALCITE-2993,True
CALCITE-3010,False
CALCITE-3009,False
CALCITE-2986,True
CALCITE-2962,True
CALCITE-3007,True
CALCITE-2865,True
CALCITE-3006,True
CALCITE-2343,True
CALCITE-2994,True
CALCITE-2991,False
CALCITE-1338,True
CALCITE-2977,True
CALCITE-2739,True
CALCITE-896,True
CALCITE-2427,True
CALCITE-2990,True
CALCITE-2456,True
CALCITE-2847,False
CALCITE-2976,False
CALCITE-2914,True
CALCITE-2954,True
CALCITE-2754,True
CALCITE-1172,True
CALCITE-2892,False
CALCITE-2930,True
CALCITE-2004,True
CALCITE-2820,False
CALCITE-883,True
CALCITE-2928,True
CALCITE-2920,False
CALCITE-1515,True
CALCITE-2900,True
CALCITE-2941,True
CALCITE-2909,False
CALCITE-2961,False
CALCITE-2658,True
CALCITE-2927,True
CALCITE-2729,True
CALCITE-2808,False
CALCITE-2903,True
CALCITE-2877,False
CALCITE-2958,True
CALCITE-2796,True
CALCITE-2953,True
CALCITE-574,True
CALCITE-589,False
CALCITE-2908,True
CALCITE-2951,False
CALCITE-2946,True
CALCITE-2943,False
CALCITE-2942,False
CALCITE-2911,True
CALCITE-2929,True
CALCITE-2932,True
CALCITE-2931,False
CALCITE-2925,False
CALCITE-2916,True
CALCITE-2902,False
CALCITE-2599,False
CALCITE-2677,True
CALCITE-2818,True
CALCITE-1912,False
CALCITE-2674,True
CALCITE-2899,False
CALCITE-2895,True
CALCITE-2785,True
CALCITE-2894,True
CALCITE-2897,False
CALCITE-2891,True
CALCITE-2887,False
CALCITE-2886,False
CALCITE-2890,True
CALCITE-2621,True
CALCITE-2421,True
CALCITE-2881,False
CALCITE-1513,True
CALCITE-2875,True
CALCITE-2338,True
CALCITE-2703,False
CALCITE-2859,False
CALCITE-2827,False
CALCITE-2787,False
CALCITE-2864,False
CALCITE-2878,True
CALCITE-2750,True
CALCITE-2786,False
CALCITE-2863,True
CALCITE-2858,True
CALCITE-2839,False
CALCITE-2722,True
CALCITE-2838,True
CALCITE-2841,False
CALCITE-2791,False
CALCITE-2464,True
CALCITE-2582,False
CALCITE-2840,False
CALCITE-2852,True
CALCITE-2842,True
CALCITE-2848,False
CALCITE-2850,False
CALCITE-2853,True
CALCITE-2817,True
CALCITE-1726,True
CALCITE-2836,True
CALCITE-2454,True
CALCITE-2301,True
CALCITE-2770,False
CALCITE-2798,True
CALCITE-2814,True
CALCITE-2802,True
CALCITE-2811,False
CALCITE-2806,True
CALCITE-2805,True
CALCITE-2788,True
CALCITE-2783,True
CALCITE-2797,False
CALCITE-2782,True
CALCITE-2635,False
CALCITE-2779,False
CALCITE-2344,True
CALCITE-2778,False
CALCITE-2249,True
CALCITE-2437,True
CALCITE-2762,True
CALCITE-2623,True
CALCITE-2554,False
CALCITE-2471,True
CALCITE-2767,True
CALCITE-2765,False
CALCITE-2625,True
CALCITE-2768,False
CALCITE-2764,True
CALCITE-2436,False
CALCITE-2733,True
CALCITE-2732,False
CALCITE-2727,True
CALCITE-2760,True
CALCITE-2755,False
CALCITE-2759,False
CALCITE-2463,True
CALCITE-2575,True
CALCITE-2673,False
CALCITE-2731,True
CALCITE-2730,True
CALCITE-2670,True
CALCITE-2468,True
CALCITE-2726,True
CALCITE-2716,True
CALCITE-2596,True
CALCITE-2684,True
CALCITE-2719,True
CALCITE-2713,True
CALCITE-2709,False
CALCITE-2529,True
CALCITE-2662,False
CALCITE-2699,True
CALCITE-2701,True
CALCITE-2619,True
CALCITE-2679,True
CALCITE-2688,False
CALCITE-2720,True
CALCITE-2717,True
CALCITE-2542,True
CALCITE-2705,True
CALCITE-2637,True
CALCITE-2632,True
CALCITE-2715,True
CALCITE-2689,False
CALCITE-2714,False
CALCITE-2576,True
CALCITE-2698,False
CALCITE-2695,True
CALCITE-2687,True
CALCITE-2671,False
CALCITE-2711,True
CALCITE-2675,True
CALCITE-2412,False
CALCITE-563,True
CALCITE-2385,True
CALCITE-2682,False
CALCITE-2681,True
CALCITE-2680,True
CALCITE-2678,True
CALCITE-2663,False
CALCITE-2676,False
CALCITE-2651,True
CALCITE-2669,True
CALCITE-2668,False
CALCITE-2660,False
CALCITE-2661,True
CALCITE-2266,False
CALCITE-2652,True
CALCITE-2657,True
CALCITE-2224,True
CALCITE-2654,True
CALCITE-2655,True
CALCITE-2605,True
CALCITE-2405,True
CALCITE-2441,True
CALCITE-1174,True
CALCITE-2647,True
CALCITE-1870,True
CALCITE-2617,True
CALCITE-2638,True
CALCITE-2642,True
CALCITE-2631,True
CALCITE-2628,True
CALCITE-2404,True
CALCITE-2620,False
CALCITE-1413,True
CALCITE-2615,False
CALCITE-2622,True
CALCITE-2611,True
CALCITE-2604,True
CALCITE-2438,True
CALCITE-2506,True
CALCITE-2595,False
CALCITE-2112,False
CALCITE-2588,False
CALCITE-2594,True
CALCITE-2580,True
CALCITE-2458,False
CALCITE-2591,True
CALCITE-2586,True
CALCITE-2587,False
CALCITE-2571,True
CALCITE-2526,False
CALCITE-2590,True
CALCITE-2518,False
CALCITE-2413,True
CALCITE-2556,True
CALCITE-2585,False
CALCITE-2562,True
CALCITE-2581,True
CALCITE-1006,True
CALCITE-2583,False
CALCITE-2486,True
CALCITE-2578,False
CALCITE-2527,True
CALCITE-2561,True
CALCITE-2572,True
CALCITE-2577,False
CALCITE-2574,False
CALCITE-2570,False
CALCITE-1183,True
CALCITE-2567,True
CALCITE-2555,False
CALCITE-2528,True
CALCITE-1894,True
CALCITE-2504,False
CALCITE-2568,False
CALCITE-2444,True
CALCITE-2537,False
CALCITE-2535,True
CALCITE-2546,True
CALCITE-2563,True
CALCITE-2559,True
CALCITE-2558,False
CALCITE-2551,True
CALCITE-2505,True
CALCITE-2550,False
CALCITE-2543,True
CALCITE-2523,True
CALCITE-2521,True
CALCITE-2484,True
CALCITE-2479,True
CALCITE-2478,True
CALCITE-2477,True
CALCITE-2476,True
CALCITE-2475,True
CALCITE-2474,True
CALCITE-2473,True
CALCITE-2434,True
CALCITE-2433,True
CALCITE-2418,True
CALCITE-2514,True
CALCITE-2522,True
CALCITE-2498,True
CALCITE-2512,True
CALCITE-2491,True
CALCITE-2519,False
CALCITE-2520,True
CALCITE-1026,True
CALCITE-2470,True
CALCITE-2469,True
CALCITE-2483,True
CALCITE-2495,True
CALCITE-2497,False
CALCITE-2327,True
CALCITE-2494,True
CALCITE-311,True
CALCITE-2271,True
CALCITE-2481,True
CALCITE-2467,True
CALCITE-2480,True
CALCITE-2462,False
CALCITE-2465,False
CALCITE-2402,True
CALCITE-2446,True
CALCITE-2447,True
CALCITE-2435,True
CALCITE-2416,True
CALCITE-2428,True
CALCITE-2431,True
CALCITE-2430,True
CALCITE-2429,True
CALCITE-2422,True
CALCITE-2419,True
CALCITE-2417,True
CALCITE-2331,True
CALCITE-2409,True
CALCITE-1167,True
CALCITE-1916,True
CALCITE-2376,True
CALCITE-2366,False
CALCITE-2384,True
CALCITE-2381,False
CALCITE-2299,True
CALCITE-2383,True
CALCITE-1866,True
CALCITE-2396,True
CALCITE-2398,True
CALCITE-2304,True
CALCITE-2280,True
CALCITE-2403,True
CALCITE-2259,True
CALCITE-2390,True
CALCITE-2392,True
CALCITE-2379,True
CALCITE-2391,True
CALCITE-2359,True
CALCITE-2382,True
CALCITE-531,True
CALCITE-2281,True
CALCITE-2303,True
CALCITE-2365,True
CALCITE-2388,True
CALCITE-2387,True
CALCITE-2386,False
CALCITE-2364,False
CALCITE-2291,True
CALCITE-2380,True
CALCITE-2330,True
CALCITE-2369,True
CALCITE-2368,True
CALCITE-2370,True
CALCITE-2286,False
CALCITE-2347,False
CALCITE-2358,True
CALCITE-2361,True
CALCITE-2219,True
CALCITE-2345,False
CALCITE-1436,True
CALCITE-2319,True
CALCITE-2355,True
CALCITE-2357,True
CALCITE-2329,False
CALCITE-2341,True
CALCITE-2324,True
CALCITE-2352,True
CALCITE-2321,True
CALCITE-2353,True
CALCITE-2350,True
CALCITE-1884,True
CALCITE-2318,True
CALCITE-2022,True
CALCITE-2342,True
CALCITE-2255,True
CALCITE-2334,True
CALCITE-2332,True
CALCITE-2333,False
CALCITE-2314,True
CALCITE-2247,True
CALCITE-2323,True
CALCITE-873,True
CALCITE-2320,True
CALCITE-2265,True
CALCITE-2278,True
CALCITE-2316,True
CALCITE-2284,False
CALCITE-2289,True
CALCITE-2309,True
CALCITE-2305,True
CALCITE-2306,True
CALCITE-2276,True
CALCITE-2262,True
CALCITE-2293,True
CALCITE-2159,True
CALCITE-2287,True
CALCITE-2272,True
CALCITE-2218,False
CALCITE-2268,False
CALCITE-1914,True
CALCITE-2275,True
CALCITE-2264,True
CALCITE-2053,True
CALCITE-1937,True
CALCITE-2277,True
CALCITE-2227,True
CALCITE-2164,False
CALCITE-1949,True
CALCITE-2045,True
CALCITE-2267,True
CALCITE-2261,False
CALCITE-2063,True
CALCITE-2253,True
CALCITE-2238,True
CALCITE-2206,True
CALCITE-2237,True
CALCITE-2216,False
CALCITE-2242,True
CALCITE-2240,False
CALCITE-2236,True
CALCITE-2226,True
CALCITE-2222,True
CALCITE-2232,True
CALCITE-2220,False
CALCITE-2229,True
CALCITE-2225,True
CALCITE-2201,True
CALCITE-2188,True
CALCITE-2205,True
CALCITE-2210,True
CALCITE-2212,True
CALCITE-2181,True
CALCITE-2213,True
CALCITE-2207,True
CALCITE-2020,True
CALCITE-1520,False
CALCITE-2197,True
CALCITE-2013,True
CALCITE-1160,True
CALCITE-2203,True
CALCITE-2182,True
CALCITE-2199,False
CALCITE-2088,True
CALCITE-2093,True
CALCITE-2200,True
CALCITE-2195,True
CALCITE-2190,False
CALCITE-2196,True
CALCITE-508,True
CALCITE-2154,True
CALCITE-2140,False
CALCITE-2193,False
CALCITE-2192,True
CALCITE-2179,False
CALCITE-2081,True
CALCITE-2185,False
CALCITE-2183,True
CALCITE-2189,True
CALCITE-2002,True
CALCITE-2172,False
CALCITE-2187,True
CALCITE-2170,True
CALCITE-2059,False
CALCITE-2180,True
CALCITE-2128,False
CALCITE-2178,False
CALCITE-2099,True
CALCITE-2156,True
CALCITE-2162,True
CALCITE-2083,True
CALCITE-2091,False
CALCITE-2075,False
CALCITE-1265,True
CALCITE-2147,True
CALCITE-2145,True
CALCITE-1054,True
CALCITE-2143,True
CALCITE-2135,True
CALCITE-2139,True
CALCITE-2118,True
CALCITE-2133,False
CALCITE-2107,True
CALCITE-1188,True
CALCITE-2027,True
CALCITE-2137,True
CALCITE-2090,False
CALCITE-2124,True
CALCITE-2116,True
CALCITE-2127,True
CALCITE-2122,True
CALCITE-2111,True
CALCITE-1697,True
CALCITE-2113,True
CALCITE-1658,True
CALCITE-2110,True
CALCITE-2114,False
CALCITE-2104,True
CALCITE-2108,True
CALCITE-2105,True
CALCITE-2102,True
CALCITE-2089,False
CALCITE-2077,True
CALCITE-2097,True
CALCITE-2092,True
CALCITE-2101,True
CALCITE-2094,True
CALCITE-2071,True
CALCITE-2076,False
CALCITE-2086,True
CALCITE-2066,True
CALCITE-2072,True
CALCITE-2084,True
CALCITE-2080,True
CALCITE-2049,True
CALCITE-2078,True
CALCITE-2070,True
CALCITE-1808,True
CALCITE-2069,True
CALCITE-2074,True
CALCITE-2073,False
CALCITE-2005,True
CALCITE-1616,True
CALCITE-2054,True
CALCITE-2061,False
CALCITE-707,True
CALCITE-2041,True
CALCITE-2058,True
CALCITE-2055,True
CALCITE-2051,True
CALCITE-2016,True
CALCITE-2039,True
CALCITE-2050,True
CALCITE-2043,True
CALCITE-2044,True
CALCITE-2052,False
CALCITE-2012,False
CALCITE-2036,True
CALCITE-1984,True
CALCITE-1876,False
CALCITE-2037,False
CALCITE-2035,True
CALCITE-2019,False
CALCITE-2038,True
CALCITE-2034,True
CALCITE-1990,True
CALCITE-2028,True
CALCITE-2021,True
CALCITE-1867,True
CALCITE-2029,True
CALCITE-1998,True
CALCITE-2031,True
CALCITE-2017,True
CALCITE-2014,False
CALCITE-1910,True
CALCITE-1762,False
CALCITE-2008,True
CALCITE-2007,True
CALCITE-2006,False
CALCITE-2003,False
CALCITE-1983,False
CALCITE-1996,True
CALCITE-2001,True
CALCITE-1995,True
CALCITE-1913,True
CALCITE-1960,True
CALCITE-1987,True
CALCITE-1988,True
CALCITE-1989,True
CALCITE-1986,True
CALCITE-1980,True
CALCITE-1946,True
CALCITE-1976,True
CALCITE-1970,True
CALCITE-1982,True
CALCITE-1947,True
CALCITE-1972,True
CALCITE-1941,True
CALCITE-1069,True
CALCITE-1968,True
CALCITE-1969,True
CALCITE-1945,True
CALCITE-1966,False
CALCITE-1967,True
CALCITE-1953,True
CALCITE-1943,True
CALCITE-1959,False
CALCITE-1963,True
CALCITE-1911,True
CALCITE-1944,True
CALCITE-1954,True
CALCITE-1897,True
CALCITE-1787,True
CALCITE-1930,True
CALCITE-1936,True
CALCITE-1931,True
CALCITE-1932,True
CALCITE-1925,False
CALCITE-1849,True
CALCITE-1909,True
CALCITE-1929,True
CALCITE-1922,True
CALCITE-1915,True
CALCITE-1895,True
CALCITE-1902,True
CALCITE-1919,True
CALCITE-1901,True
CALCITE-1896,True
CALCITE-1907,True
CALCITE-1487,True
CALCITE-1904,False
CALCITE-1841,True
CALCITE-1899,True
CALCITE-1898,True
CALCITE-1900,True
CALCITE-1886,True
CALCITE-1893,True
CALCITE-1883,True
CALCITE-1889,True
CALCITE-1881,True
CALCITE-1803,True
CALCITE-1828,False
CALCITE-1871,True
CALCITE-1879,False
CALCITE-1880,False
CALCITE-1878,False
CALCITE-1877,True
CALCITE-1815,True
CALCITE-1826,True
CALCITE-1842,True
CALCITE-1874,True
CALCITE-1873,True
CALCITE-1833,True
CALCITE-1845,True
CALCITE-1864,True
CALCITE-1834,True
CALCITE-1860,True
CALCITE-1859,True
CALCITE-1818,True
CALCITE-1709,True
CALCITE-1856,True
CALCITE-1837,True
CALCITE-1853,True
CALCITE-1854,True
CALCITE-1855,True
CALCITE-1848,False
CALCITE-1852,True
CALCITE-1850,False
CALCITE-1805,True
CALCITE-1647,True
CALCITE-1846,True
CALCITE-1819,True
CALCITE-1847,True
CALCITE-1836,False
CALCITE-1195,False
CALCITE-1812,True
CALCITE-1646,False
CALCITE-1827,False
CALCITE-1829,True
CALCITE-1830,True
CALCITE-1804,True
CALCITE-1810,True
CALCITE-1613,True
CALCITE-1816,True
CALCITE-1802,True
CALCITE-1690,True
CALCITE-1807,True
CALCITE-1813,True
CALCITE-1612,True
CALCITE-1800,True
CALCITE-1645,False
CALCITE-1742,True
CALCITE-1798,True
CALCITE-1797,False
CALCITE-1796,False
CALCITE-1788,True
CALCITE-1792,True
CALCITE-1782,True
CALCITE-1293,True
CALCITE-1795,True
CALCITE-1791,False
CALCITE-1644,False
CALCITE-1780,False
CALCITE-1770,True
CALCITE-1306,True
CALCITE-1781,True
CALCITE-1777,True
CALCITE-1778,True
CALCITE-1773,False
CALCITE-1761,True
CALCITE-1772,True
CALCITE-1771,False
CALCITE-1766,True
CALCITE-1765,True
CALCITE-1767,True
CALCITE-1764,True
CALCITE-715,True
CALCITE-1456,True
CALCITE-1763,False
CALCITE-1760,False
CALCITE-1731,True
CALCITE-1682,True
CALCITE-1539,False
CALCITE-1752,True
CALCITE-1753,True
CALCITE-1643,False
CALCITE-1759,True
CALCITE-1756,True
CALCITE-1050,True
CALCITE-476,True
CALCITE-1738,False
CALCITE-1754,True
CALCITE-1639,True
CALCITE-1758,False
CALCITE-1707,True
CALCITE-1747,True
CALCITE-1751,True
CALCITE-1750,True
CALCITE-1749,False
CALCITE-1725,True
CALCITE-1746,True
CALCITE-1724,True
CALCITE-1730,True
CALCITE-1734,True
CALCITE-1353,True
CALCITE-1744,False
CALCITE-1743,False
CALCITE-1741,False
CALCITE-1364,False
CALCITE-1736,True
CALCITE-1642,False
CALCITE-1717,True
CALCITE-1732,True
CALCITE-1702,False
CALCITE-1722,True
CALCITE-1723,True
CALCITE-1714,True
CALCITE-1566,True
CALCITE-1657,True
CALCITE-1716,True
CALCITE-1715,True
CALCITE-1700,False
CALCITE-1699,True
CALCITE-1704,True
CALCITE-1706,True
CALCITE-1695,True
CALCITE-1694,True
CALCITE-1561,True
CALCITE-1666,True
CALCITE-1689,False
CALCITE-1677,True
CALCITE-1696,True
CALCITE-1683,True
CALCITE-1684,True
CALCITE-1691,True
CALCITE-1688,True
CALCITE-1665,True
CALCITE-1685,True
CALCITE-1686,True
CALCITE-1673,True
CALCITE-1674,True
CALCITE-1675,True
CALCITE-1655,True
CALCITE-1641,True
CALCITE-1668,False
CALCITE-1667,True
CALCITE-1656,True
CALCITE-1661,True
CALCITE-1598,True
CALCITE-1615,True
CALCITE-1664,True
CALCITE-1659,True
CALCITE-1494,True
CALCITE-1439,True
CALCITE-1653,True
CALCITE-1601,True
CALCITE-1638,False
CALCITE-884,True
CALCITE-1654,True
CALCITE-1652,True
CALCITE-1637,False
CALCITE-1621,True
CALCITE-1649,True
CALCITE-1636,True
CALCITE-1633,True
CALCITE-1634,True
CALCITE-1635,True
CALCITE-1632,True
CALCITE-365,True
CALCITE-1628,False
CALCITE-1623,True
CALCITE-1622,True
CALCITE-1618,True
CALCITE-1619,True
CALCITE-1510,True
CALCITE-1617,True
CALCITE-1500,False
CALCITE-1589,True
CALCITE-1603,True
CALCITE-1572,True
CALCITE-1610,True
CALCITE-1609,True
CALCITE-1608,True
CALCITE-1606,True
CALCITE-1600,True
CALCITE-1604,False
CALCITE-1595,True
CALCITE-1602,True
CALCITE-1569,True
CALCITE-1582,True
CALCITE-1597,True
CALCITE-1586,True
CALCITE-1535,True
CALCITE-1599,True
CALCITE-1594,True
CALCITE-1577,True
CALCITE-1587,True
CALCITE-1578,True
CALCITE-1592,True
CALCITE-1590,True
CALCITE-1575,True
CALCITE-1546,True
CALCITE-1576,False
CALCITE-1568,True
CALCITE-1549,True
CALCITE-1574,True
CALCITE-1571,True
CALCITE-420,True
CALCITE-1557,False
CALCITE-1567,True
CALCITE-1258,True
CALCITE-1558,True
CALCITE-1562,False
CALCITE-1563,True
CALCITE-1544,True
CALCITE-1543,True
CALCITE-1547,True
CALCITE-1559,True
CALCITE-1560,True
CALCITE-1551,True
CALCITE-1538,False
CALCITE-1511,True
CALCITE-1555,True
CALCITE-1552,True
CALCITE-1548,True
CALCITE-1414,True
CALCITE-1540,True
CALCITE-1519,True
CALCITE-1493,True
CALCITE-1534,False
CALCITE-1526,True
CALCITE-1529,True
CALCITE-1530,True
CALCITE-1527,True
CALCITE-1507,True
CALCITE-1523,False
CALCITE-1522,False
CALCITE-1532,True
CALCITE-1037,True
CALCITE-1495,False
CALCITE-1524,True
CALCITE-1425,False
CALCITE-1516,True
CALCITE-1472,True
CALCITE-1506,True
CALCITE-1509,True
CALCITE-1498,True
CALCITE-1501,True
CALCITE-1502,True
CALCITE-1483,True
CALCITE-1497,True
CALCITE-1489,True
CALCITE-1486,True
CALCITE-1488,True
CALCITE-1384,False
CALCITE-1485,True
CALCITE-1484,True
CALCITE-1447,False
CALCITE-1482,True
CALCITE-1389,False
CALCITE-1479,True
CALCITE-1416,True
CALCITE-1474,True
CALCITE-1125,True
CALCITE-1270,True
CALCITE-1354,True
CALCITE-1453,False
CALCITE-1471,True
CALCITE-1461,True
CALCITE-1465,True
CALCITE-1464,False
CALCITE-1463,False
CALCITE-1355,False
CALCITE-1462,False
CALCITE-1444,False
CALCITE-1459,False
CALCITE-1458,True
CALCITE-1448,False
CALCITE-1429,True
CALCITE-1430,True
CALCITE-1426,False
CALCITE-1454,True
CALCITE-1417,True
CALCITE-1443,False
CALCITE-1442,True
CALCITE-1434,True
CALCITE-1431,True
CALCITE-1433,True
CALCITE-1404,True
CALCITE-1424,True
CALCITE-1418,True
CALCITE-1422,False
CALCITE-1419,True
CALCITE-1423,True
CALCITE-1408,True
CALCITE-917,False
CALCITE-1415,False
CALCITE-1402,True
CALCITE-1420,True
CALCITE-1410,True
CALCITE-1392,True
CALCITE-1403,True
CALCITE-1224,True
CALCITE-1407,True
CALCITE-1386,True
CALCITE-1400,True
CALCITE-1397,True
CALCITE-1396,True
CALCITE-1398,True
CALCITE-1361,True
CALCITE-1399,True
CALCITE-1394,True
CALCITE-1393,True
CALCITE-1390,True
CALCITE-1381,True
CALCITE-1369,False
CALCITE-1379,False
CALCITE-1374,False
CALCITE-1378,True
CALCITE-1356,True
CALCITE-1329,True
CALCITE-1208,True
CALCITE-1095,True
CALCITE-1372,True
CALCITE-1357,True
CALCITE-1288,True
CALCITE-1371,True
CALCITE-1342,True
CALCITE-1370,True
CALCITE-1226,True
CALCITE-1334,True
CALCITE-1366,True
CALCITE-1365,True
CALCITE-1220,True
CALCITE-1309,True
CALCITE-1290,True
CALCITE-1360,True
CALCITE-1301,True
CALCITE-1337,True
CALCITE-1346,True
CALCITE-1348,True
CALCITE-1344,True
CALCITE-1327,True
CALCITE-1343,True
CALCITE-1336,False
CALCITE-1043,False
CALCITE-1333,True
CALCITE-1332,True
CALCITE-1321,True
CALCITE-1330,True
CALCITE-1324,True
CALCITE-1325,True
CALCITE-1314,True
CALCITE-1315,True
CALCITE-1312,True
CALCITE-1313,True
CALCITE-1310,True
CALCITE-1297,True
CALCITE-1148,True
CALCITE-30,True
CALCITE-1227,True
CALCITE-1305,True
CALCITE-319,True
CALCITE-1302,True
CALCITE-308,True
CALCITE-1300,True
CALCITE-1263,True
CALCITE-1292,True
CALCITE-1289,True
CALCITE-1278,True
CALCITE-1283,True
CALCITE-528,True
CALCITE-991,False
CALCITE-1284,True
CALCITE-1229,True
CALCITE-1287,False
CALCITE-1285,True
CALCITE-1282,True
CALCITE-1274,True
CALCITE-1281,True
CALCITE-1276,True
CALCITE-1279,True
CALCITE-1277,True
CALCITE-1273,True
CALCITE-1252,True
CALCITE-1248,False
CALCITE-1151,True
CALCITE-1106,False
CALCITE-1107,False
CALCITE-1177,True
CALCITE-1259,True
CALCITE-1269,True
CALCITE-1239,True
CALCITE-750,True
CALCITE-1267,False
CALCITE-1254,True
CALCITE-1266,True
CALCITE-1250,False
CALCITE-1264,True
CALCITE-1253,False
CALCITE-1245,False
CALCITE-1228,True
CALCITE-1246,False
CALCITE-1241,False
CALCITE-1251,False
CALCITE-1235,False
CALCITE-1249,False
CALCITE-1247,True
CALCITE-1243,True
CALCITE-1150,False
CALCITE-1236,False
CALCITE-1238,True
CALCITE-1120,True
CALCITE-1230,True
CALCITE-1190,False
CALCITE-1218,True
CALCITE-1199,True
CALCITE-1216,False
CALCITE-855,True
CALCITE-1225,True
CALCITE-1219,False
CALCITE-1115,False
CALCITE-1222,True
CALCITE-1209,True
CALCITE-1200,False
CALCITE-1168,True
CALCITE-1214,False
CALCITE-1215,True
CALCITE-1212,True
CALCITE-1213,True
CALCITE-1179,False
CALCITE-1211,True
CALCITE-1210,True
CALCITE-1121,True
CALCITE-1207,True
CALCITE-1166,True
CALCITE-1192,True
CALCITE-1205,True
CALCITE-1204,True
CALCITE-1203,False
CALCITE-1202,False
CALCITE-1201,False
CALCITE-1182,False
CALCITE-1194,True
CALCITE-1189,True
CALCITE-1186,True
CALCITE-1185,False
CALCITE-1113,True
CALCITE-1184,False
CALCITE-1180,False
CALCITE-1173,False
CALCITE-1103,True
CALCITE-836,True
CALCITE-835,True
CALCITE-1170,False
CALCITE-1061,True
CALCITE-1128,False
CALCITE-1159,True
CALCITE-1163,False
CALCITE-746,True
CALCITE-1158,True
CALCITE-1116,True
CALCITE-1147,True
CALCITE-1153,True
CALCITE-1146,True
CALCITE-1077,False
CALCITE-1156,False
CALCITE-1142,False
CALCITE-1144,False
CALCITE-1143,False
CALCITE-1139,True
CALCITE-1141,False
CALCITE-1140,False
CALCITE-1104,True
CALCITE-1137,False
CALCITE-1136,False
CALCITE-1064,True
CALCITE-1133,False
CALCITE-1132,False
CALCITE-1130,False
CALCITE-1129,False
CALCITE-1124,False
CALCITE-1123,False
CALCITE-1079,False
CALCITE-1078,False
CALCITE-1112,True
CALCITE-1111,True
CALCITE-1066,True
CALCITE-1122,True
CALCITE-1117,False
CALCITE-1118,False
CALCITE-1119,False
CALCITE-1094,False
CALCITE-1092,False
CALCITE-1093,False
CALCITE-1086,False
CALCITE-1109,True
CALCITE-1100,True
CALCITE-604,True
CALCITE-1063,True
CALCITE-1090,True
CALCITE-1097,True
CALCITE-1080,False
CALCITE-553,True
CALCITE-1031,True
CALCITE-1046,True
CALCITE-1085,False
CALCITE-1062,False
CALCITE-1083,True
CALCITE-623,True
CALCITE-1070,True
CALCITE-1076,True
CALCITE-642,False
CALCITE-998,True
CALCITE-1074,True
CALCITE-1071,True
CALCITE-1072,True
CALCITE-669,False
CALCITE-1068,True
CALCITE-1067,True
CALCITE-551,True
CALCITE-864,True
CALCITE-1021,True
CALCITE-999,True
CALCITE-1056,True
CALCITE-1059,True
CALCITE-1060,True
CALCITE-1057,False
CALCITE-1055,True
CALCITE-978,True
CALCITE-1058,True
CALCITE-1047,True
CALCITE-1053,True
CALCITE-977,True
CALCITE-1051,True
CALCITE-1040,True
CALCITE-975,True
CALCITE-996,False
CALCITE-1020,False
CALCITE-794,True
CALCITE-842,True
CALCITE-816,True
CALCITE-915,True
CALCITE-854,True
CALCITE-1036,True
CALCITE-955,True
CALCITE-861,True
CALCITE-1041,True
CALCITE-1042,True
CALCITE-1038,True
CALCITE-1039,True
CALCITE-1030,True
CALCITE-1028,False
CALCITE-1034,True
CALCITE-1033,False
CALCITE-1029,False
CALCITE-1032,True
CALCITE-984,False
CALCITE-934,True
CALCITE-767,False
CALCITE-1010,True
CALCITE-1015,True
CALCITE-1023,True
CALCITE-1024,True
CALCITE-1016,True
CALCITE-1022,True
CALCITE-1018,True
CALCITE-1019,True
CALCITE-980,True
CALCITE-1003,True
CALCITE-459,True
CALCITE-1009,True
CALCITE-992,False
CALCITE-968,True
CALCITE-1008,True
CALCITE-993,True
CALCITE-1005,True
CALCITE-983,True
CALCITE-989,False
CALCITE-1001,True
CALCITE-997,True
CALCITE-990,True
CALCITE-966,True
CALCITE-995,True
CALCITE-987,True
CALCITE-988,True
CALCITE-986,True
CALCITE-974,True
CALCITE-979,True
CALCITE-958,True
CALCITE-970,True
CALCITE-969,True
CALCITE-965,False
CALCITE-964,True
CALCITE-961,True
CALCITE-960,True
CALCITE-962,True
CALCITE-959,False
CALCITE-911,True
CALCITE-953,False
CALCITE-952,False
CALCITE-951,True
CALCITE-845,True
CALCITE-948,True
CALCITE-890,False
CALCITE-936,False
CALCITE-941,True
CALCITE-891,True
CALCITE-903,True
CALCITE-939,False
CALCITE-931,True
CALCITE-937,True
CALCITE-938,False
CALCITE-921,True
CALCITE-913,True
CALCITE-871,True
CALCITE-933,True
CALCITE-935,True
CALCITE-922,True
CALCITE-908,False
CALCITE-645,False
CALCITE-912,True
CALCITE-932,True
CALCITE-930,True
CALCITE-925,False
CALCITE-919,True
CALCITE-927,True
CALCITE-929,True
CALCITE-923,True
CALCITE-666,True
CALCITE-705,True
CALCITE-916,True
CALCITE-918,True
CALCITE-914,True
CALCITE-792,True
CALCITE-905,True
CALCITE-785,True
CALCITE-889,False
CALCITE-910,True
CALCITE-879,True
CALCITE-909,True
CALCITE-906,True
CALCITE-856,True
CALCITE-866,False
CALCITE-546,True
CALCITE-902,True
CALCITE-843,True
CALCITE-898,True
CALCITE-894,True
CALCITE-895,True
CALCITE-828,True
CALCITE-897,True
CALCITE-892,True
CALCITE-885,True
CALCITE-888,True
CALCITE-886,True
CALCITE-840,True
CALCITE-860,True
CALCITE-882,False
CALCITE-823,False
CALCITE-687,True
CALCITE-870,True
CALCITE-881,True
CALCITE-876,True
CALCITE-874,True
CALCITE-844,True
CALCITE-841,True
CALCITE-865,True
CALCITE-862,True
CALCITE-847,True
CALCITE-868,True
CALCITE-852,True
CALCITE-851,True
CALCITE-819,True
CALCITE-846,True
CALCITE-827,True
CALCITE-809,True
CALCITE-793,True
CALCITE-825,True
CALCITE-812,True
CALCITE-820,True
CALCITE-824,True
CALCITE-741,True
CALCITE-743,True
CALCITE-850,True
CALCITE-834,True
CALCITE-833,True
CALCITE-822,True
CALCITE-826,True
CALCITE-821,True
CALCITE-811,False
CALCITE-805,False
CALCITE-803,False
CALCITE-717,True
CALCITE-814,True
CALCITE-813,True
CALCITE-714,True
CALCITE-751,True
CALCITE-810,True
CALCITE-806,True
CALCITE-761,True
CALCITE-808,True
CALCITE-791,True
CALCITE-783,True
CALCITE-800,True
CALCITE-787,False
CALCITE-786,False
CALCITE-795,True
CALCITE-774,True
CALCITE-799,True
CALCITE-801,True
CALCITE-390,True
CALCITE-789,True
CALCITE-752,True
CALCITE-780,True
CALCITE-788,False
CALCITE-280,True
CALCITE-763,True
CALCITE-770,True
CALCITE-765,False
CALCITE-727,True
CALCITE-758,False
CALCITE-753,True
CALCITE-457,True
CALCITE-757,True
CALCITE-754,True
CALCITE-429,True
CALCITE-740,True
CALCITE-665,True
CALCITE-748,True
CALCITE-749,False
CALCITE-718,True
CALCITE-712,True
CALCITE-708,False
CALCITE-732,True
CALCITE-355,True
CALCITE-688,True
CALCITE-259,True
CALCITE-720,True
CALCITE-735,True
CALCITE-729,True
CALCITE-733,True
CALCITE-730,True
CALCITE-728,True
CALCITE-505,False
CALCITE-723,True
CALCITE-722,True
CALCITE-515,True
CALCITE-716,True
CALCITE-694,True
CALCITE-710,True
CALCITE-695,True
CALCITE-704,True
CALCITE-702,True
CALCITE-522,True
CALCITE-699,True
CALCITE-700,True
CALCITE-698,True
CALCITE-697,True
CALCITE-693,True
CALCITE-691,True
CALCITE-692,True
CALCITE-677,True
CALCITE-686,True
CALCITE-661,True
CALCITE-507,True
CALCITE-590,False
CALCITE-585,True
CALCITE-671,True
CALCITE-675,True
CALCITE-676,True
CALCITE-678,True
CALCITE-679,True
CALCITE-674,False
CALCITE-672,True
CALCITE-366,True
CALCITE-670,True
CALCITE-641,False
CALCITE-662,True
CALCITE-307,True
CALCITE-657,True
CALCITE-659,True
CALCITE-646,True
CALCITE-613,True
CALCITE-660,True
CALCITE-655,False
CALCITE-654,True
CALCITE-658,False
CALCITE-652,True
CALCITE-651,True
CALCITE-606,True
CALCITE-631,False
CALCITE-650,True
CALCITE-640,False
CALCITE-639,False
CALCITE-637,False
CALCITE-636,False
CALCITE-626,False
CALCITE-644,False
CALCITE-617,True
CALCITE-649,True
CALCITE-648,True
CALCITE-625,True
CALCITE-632,True
CALCITE-634,True
CALCITE-335,False
CALCITE-592,True
CALCITE-638,True
CALCITE-630,True
CALCITE-627,False
CALCITE-618,False
CALCITE-596,True
CALCITE-633,True
CALCITE-614,True
CALCITE-619,True
CALCITE-615,True
CALCITE-612,True
CALCITE-605,True
CALCITE-608,True
CALCITE-577,True
CALCITE-602,True
CALCITE-611,True
CALCITE-566,True
CALCITE-607,True
CALCITE-603,True
CALCITE-445,True
CALCITE-600,True
CALCITE-593,True
CALCITE-594,False
CALCITE-599,True
CALCITE-587,True
CALCITE-591,True
CALCITE-580,True
CALCITE-588,False
CALCITE-583,True
CALCITE-586,True
CALCITE-573,False
CALCITE-88,True
CALCITE-569,True
CALCITE-581,True
CALCITE-572,True
CALCITE-582,True
CALCITE-575,True
CALCITE-571,True
CALCITE-568,True
CALCITE-567,True
CALCITE-570,True
CALCITE-458,True
CALCITE-544,False
CALCITE-503,False
CALCITE-543,False
CALCITE-489,True
CALCITE-561,False
CALCITE-557,True
CALCITE-554,True
CALCITE-494,False
CALCITE-92,True
CALCITE-541,False
CALCITE-537,True
CALCITE-538,False
CALCITE-539,False
CALCITE-540,False
CALCITE-536,False
CALCITE-516,True
CALCITE-552,True
CALCITE-492,False
CALCITE-497,True
CALCITE-548,True
CALCITE-356,True
CALCITE-451,True
CALCITE-550,True
CALCITE-448,True
CALCITE-545,True
CALCITE-547,True
CALCITE-542,True
CALCITE-534,True
CALCITE-479,True
CALCITE-533,False
CALCITE-532,False
CALCITE-513,False
CALCITE-535,False
CALCITE-527,True
CALCITE-462,True
CALCITE-506,True
CALCITE-478,True
CALCITE-483,True
CALCITE-510,False
CALCITE-502,False
CALCITE-282,True
CALCITE-493,True
CALCITE-511,True
CALCITE-512,True
CALCITE-93,True
CALCITE-509,True
CALCITE-403,True
CALCITE-488,True
CALCITE-469,True
CALCITE-474,False
CALCITE-464,False
CALCITE-470,True
CALCITE-467,True
CALCITE-370,True
CALCITE-460,True
CALCITE-306,True
CALCITE-296,True
CALCITE-446,True
CALCITE-447,True
CALCITE-397,True
CALCITE-436,True
CALCITE-444,True
CALCITE-442,True
CALCITE-443,True
CALCITE-3187,False
CALCITE-2856,False
CALCITE-2375,True
CALCITE-2503,False
CALCITE-2285,False
CALCITE-2294,False
CALCITE-352,True
OPTIQ-434,True
OPTIQ-435,True
OPTIQ-439,True
OPTIQ-438,True
OPTIQ-386,True
OPTIQ-422,False
OPTIQ-430,True
OPTIQ-427,True
OPTIQ-426,False
OPTIQ-425,False
OPTIQ-421,False
OPTIQ-376,True
OPTIQ-416,True
OPTIQ-413,True
OPTIQ-414,True
OPTIQ-412,True
OPTIQ-410,True
OPTIQ-407,True
OPTIQ-409,True
OPTIQ-406,True
OPTIQ-408,True
OPTIQ-399,True
OPTIQ-404,True
OPTIQ-384,True
OPTIQ-402,True
OPTIQ-398,True
OPTIQ-396,False
OPTIQ-395,False
OPTIQ-394,True
OPTIQ-269,True
OPTIQ-392,True
OPTIQ-393,True
OPTIQ-344,True
OPTIQ-373,True
OPTIQ-387,True
OPTIQ-389,True
OPTIQ-385,True
OPTIQ-388,True
OPTIQ-382,True
OPTIQ-381,True
OPTIQ-383,False
OPTIQ-380,True
OPTIQ-377,True
OPTIQ-343,True
OPTIQ-371,True
OPTIQ-372,True
OPTIQ-368,True
OPTIQ-367,True
OPTIQ-364,True
OPTIQ-363,True
OPTIQ-360,True
OPTIQ-348,True
OPTIQ-349,True
OPTIQ-354,True
OPTIQ-346,True
OPTIQ-347,True
OPTIQ-345,True
OPTIQ-340,True
OPTIQ-313,True
OPTIQ-314,False
OPTIQ-305,True
OPTIQ-321,False
OPTIQ-322,True
OPTIQ-323,True
OPTIQ-325,False
OPTIQ-326,True
OPTIQ-324,False
OPTIQ-247,True
OPTIQ-303,True
OPTIQ-331,True
OPTIQ-327,True
OPTIQ-318,False
OPTIQ-316,True
OPTIQ-300,False
OPTIQ-310,True
OPTIQ-309,True
OPTIQ-292,True
OPTIQ-302,True
OPTIQ-301,True
OPTIQ-283,True
CACITE-2629,
