GEODE-6901,True
GEODE-8186,False
GEODE-8224,False
GEODE-8198,False
GEODE-7669,False
GEODE-8211,False
GEODE-8219,False
GEODE-8222,True
GEODE-8218,False
GEODE-8158,False
GEODE-7801,False
GEODE-8147,False
GEODE-8203,False
GEODE-8127,True
GEODE-8215,True
GEODE-7956,True
GEODE-7678,False
GEODE-7667,False
GEODE-7894,True
GEODE-7676,False
GEODE-7983,False
GEODE-7912,False
GEODE-7682,False
GEODE-7683,False
GEODE-7759,False
GEODE-8206,True
GEODE-8205,False
GEODE-6070,True
GEODE-8166,True
GEODE-8144,True
GEODE-7846,False
GEODE-7864,False
GEODE-8193,False
GEODE-8174,True
GEODE-8083,False
GEODE-8171,False
GEODE-8182,False
GEODE-8134,False
GEODE-8136,False
GEODE-7971,False
GEODE-8108,True
GEODE-8180,False
GEODE-8175,False
GEODE-8151,False
GEODE-8168,True
GEODE-8148,False
GEODE-8138,False
GEODE-8137,False
GEODE-8043,False
GEODE-8041,False
GEODE-8037,False
GEODE-8131,True
GEODE-8146,False
GEODE-8145,False
GEODE-8170,False
GEODE-8167,False
GEODE-8112,True
GEODE-8150,True
GEODE-8119,True
GEODE-7458,True
GEODE-8100,True
GEODE-8095,True
GEODE-7792,False
GEODE-8122,False
GEODE-8069,True
GEODE-8096,True
GEODE-8035,False
GEODE-8130,False
GEODE-8133,True
GEODE-8094,False
GEODE-8078,True
GEODE-8132,False
GEODE-8125,False
GEODE-8126,False
GEODE-8123,False
GEODE-8114,False
GEODE-8124,False
GEODE-8120,False
GEODE-8098,False
GEODE-8113,False
GEODE-8068,False
GEODE-8111,False
GEODE-8091,True
GEODE-8090,False
GEODE-8107,True
GEODE-8097,True
GEODE-8103,False
GEODE-7702,True
GEODE-8070,True
GEODE-8016,False
GEODE-8082,False
GEODE-8093,True
GEODE-7963,True
GEODE-8087,True
GEODE-7707,True
GEODE-8072,False
GEODE-8088,False
GEODE-8058,False
GEODE-8079,True
GEODE-8089,False
GEODE-7998,True
GEODE-7565,False
GEODE-8084,False
GEODE-8076,False
GEODE-8020,True
GEODE-8071,True
GEODE-8054,False
GEODE-8060,True
GEODE-8073,True
GEODE-8055,True
GEODE-7414,False
GEODE-8039,False
GEODE-8029,True
GEODE-8059,False
GEODE-7955,False
GEODE-7954,False
GEODE-8051,False
GEODE-8048,True
GEODE-8052,False
GEODE-8050,True
GEODE-8044,False
GEODE-8047,False
GEODE-8033,False
GEODE-8032,True
GEODE-8021,True
GEODE-7503,True
GEODE-8038,False
GEODE-8034,False
GEODE-6636,False
GEODE-7109,False
GEODE-8028,False
GEODE-7964,False
GEODE-7953,False
GEODE-8031,True
GEODE-7981,False
GEODE-8027,False
GEODE-7999,True
GEODE-8026,False
GEODE-8025,True
GEODE-8022,True
GEODE-7779,True
GEODE-8024,True
GEODE-8023,True
GEODE-7851,False
GEODE-8013,False
GEODE-7935,True
GEODE-7957,True
GEODE-8006,False
GEODE-8010,True
GEODE-7994,False
GEODE-8002,False
GEODE-7997,False
GEODE-7852,False
GEODE-7982,True
GEODE-7996,False
GEODE-7940,True
GEODE-7989,False
GEODE-5428,False
GEODE-8000,False
GEODE-7992,False
GEODE-7991,True
GEODE-7984,False
GEODE-7980,True
GEODE-7985,True
GEODE-7993,False
GEODE-7986,True
GEODE-7474,True
GEODE-7870,True
GEODE-7761,True
GEODE-7938,True
GEODE-7978,False
GEODE-7970,False
GEODE-7949,False
GEODE-7943,True
GEODE-7838,False
GEODE-7765,False
GEODE-7664,True
GEODE-7965,False
GEODE-7976,False
GEODE-7969,False
GEODE-7945,False
GEODE-7966,False
GEODE-7460,True
GEODE-7950,True
GEODE-7947,False
GEODE-7156,False
GEODE-7941,False
GEODE-7917,True
GEODE-7098,True
GEODE-7946,True
GEODE-7926,True
GEODE-7921,True
GEODE-6819,True
GEODE-7919,False
GEODE-7942,True
GEODE-7920,True
GEODE-7939,True
GEODE-7937,True
GEODE-7925,False
GEODE-7927,False
GEODE-7923,False
GEODE-7905,True
GEODE-7897,False
GEODE-7914,False
GEODE-7918,False
GEODE-7915,False
GEODE-7916,False
GEODE-7902,True
GEODE-7911,False
GEODE-7901,True
GEODE-7812,True
GEODE-7907,True
GEODE-6008,True
GEODE-7900,True
GEODE-7826,True
GEODE-7889,True
GEODE-7886,False
GEODE-7863,True
GEODE-7853,True
GEODE-7832,False
GEODE-7884,True
GEODE-7895,False
GEODE-7893,True
GEODE-7869,False
GEODE-7892,False
GEODE-7763,True
GEODE-7604,True
GEODE-7885,True
GEODE-7877,False
GEODE-7710,True
GEODE-7825,True
GEODE-7880,True
GEODE-7867,False
GEODE-7879,False
GEODE-7874,False
GEODE-4194,True
GEODE-7804,False
GEODE-7862,False
GEODE-7829,True
GEODE-7830,True
GEODE-7815,False
GEODE-7866,False
GEODE-7808,False
GEODE-7642,False
GEODE-7828,True
GEODE-7727,True
GEODE-7854,False
GEODE-7859,False
GEODE-7849,False
GEODE-7841,False
GEODE-7840,True
GEODE-7842,True
GEODE-7421,False
GEODE-7752,False
GEODE-7819,False
GEODE-7839,False
GEODE-7835,False
GEODE-7820,True
GEODE-7771,False
GEODE-7823,True
GEODE-7814,True
GEODE-6536,False
GEODE-6532,False
GEODE-8616,
GEODE-7784,True
GEODE-7810,True
GEODE-7798,True
GEODE-7813,False
GEODE-7803,False
GEODE-7635,True
GEODE-7513,True
GEODE-7799,False
GEODE-7550,False
GEODE-7774,False
GEODE-7768,False
GEODE-7769,False
GEODE-7770,False
GEODE-7773,False
GEODE-7746,True
GEODE-7800,False
GEODE-7210,True
GEODE-7791,True
GEODE-7756,True
GEODE-7789,True
GEODE-7796,True
GEODE-7778,False
GEODE-7776,True
GEODE-7788,False
GEODE-7760,True
GEODE-7356,True
GEODE-7650,True
GEODE-7777,True
GEODE-5595,True
GEODE-7717,False
GEODE-7772,False
GEODE-7728,True
GEODE-7739,True
GEODE-7582,True
GEODE-7600,True
GEODE-7714,True
GEODE-7758,False
GEODE-7757,False
GEODE-7742,False
GEODE-7740,False
GEODE-7745,False
GEODE-7748,True
GEODE-7755,True
GEODE-7724,False
GEODE-7597,False
GEODE-7754,False
GEODE-7704,False
GEODE-7716,False
GEODE-7719,False
GEODE-7747,False
GEODE-7744,True
GEODE-7652,False
GEODE-7736,False
GEODE-7656,True
GEODE-7741,False
GEODE-7659,False
GEODE-7660,False
GEODE-7663,True
GEODE-7729,False
GEODE-7731,True
GEODE-7730,True
GEODE-7700,True
GEODE-7725,True
GEODE-7726,True
GEODE-7720,False
GEODE-7715,False
GEODE-7703,True
GEODE-7711,True
GEODE-7713,True
GEODE-7699,False
GEODE-7691,True
GEODE-7706,True
GEODE-7115,True
GEODE-7709,True
GEODE-7698,False
GEODE-6883,False
GEODE-5816,True
GEODE-6833,True
GEODE-7605,True
GEODE-7693,True
GEODE-7686,False
GEODE-5407,True
GEODE-7689,True
GEODE-7687,False
GEODE-7688,False
GEODE-7690,False
GEODE-7589,False
GEODE-7654,False
GEODE-7653,False
GEODE-7662,False
GEODE-7643,True
GEODE-7661,True
GEODE-7583,True
GEODE-7651,False
GEODE-7658,False
GEODE-7655,True
GEODE-7648,True
GEODE-7575,False
GEODE-7579,False
GEODE-7561,True
GEODE-7502,False
GEODE-7294,False
GEODE-7649,True
GEODE-7585,False
GEODE-7647,False
GEODE-7542,False
GEODE-7636,False
GEODE-632,True
GEODE-7553,False
GEODE-7641,True
GEODE-7640,False
GEODE-7590,True
GEODE-7634,False
GEODE-7630,False
GEODE-7623,True
GEODE-717,True
GEODE-7581,False
GEODE-7626,True
GEODE-7345,False
GEODE-7560,False
GEODE-7628,False
GEODE-7554,False
GEODE-7431,True
GEODE-7627,True
GEODE-7541,False
GEODE-7545,False
GEODE-7556,False
GEODE-7617,False
GEODE-7387,True
GEODE-7425,False
GEODE-7592,False
GEODE-7613,True
GEODE-7614,True
GEODE-7606,False
GEODE-7544,False
GEODE-7398,False
GEODE-7593,True
GEODE-7571,True
GEODE-7599,False
GEODE-7596,False
GEODE-7159,True
GEODE-7531,True
GEODE-7537,True
GEODE-7588,True
GEODE-7424,False
GEODE-7393,False
GEODE-7586,True
GEODE-7534,False
GEODE-7577,True
GEODE-7525,True
GEODE-7533,True
GEODE-7397,False
GEODE-7574,False
GEODE-7256,True
GEODE-7563,True
GEODE-7569,True
GEODE-7535,True
GEODE-7570,True
GEODE-7568,False
GEODE-7567,True
GEODE-6927,True
GEODE-7536,False
GEODE-7469,True
GEODE-7564,True
GEODE-7498,False
GEODE-7479,False
GEODE-7552,False
GEODE-7527,True
GEODE-7504,False
GEODE-7351,True
GEODE-7551,False
GEODE-7530,True
GEODE-7454,False
GEODE-7522,False
GEODE-7540,False
GEODE-7478,True
GEODE-7507,False
GEODE-7526,False
GEODE-7519,True
GEODE-7485,True
GEODE-7497,False
GEODE-7463,False
GEODE-5644,False
GEODE-7521,True
GEODE-7212,True
GEODE-733,True
GEODE-7438,True
GEODE-6994,False
GEODE-7487,False
GEODE-7496,False
GEODE-7436,False
GEODE-4187,True
GEODE-7405,False
GEODE-7410,True
GEODE-7489,True
GEODE-7344,False
GEODE-7465,True
GEODE-7434,True
GEODE-7337,False
GEODE-2184,False
GEODE-6616,True
GEODE-7435,False
GEODE-7475,False
GEODE-7137,True
GEODE-7470,True
GEODE-7492,True
GEODE-7442,True
GEODE-6818,True
GEODE-7494,False
GEODE-7488,False
GEODE-7456,False
GEODE-7486,True
GEODE-7473,True
GEODE-6993,False
GEODE-6991,False
GEODE-7477,True
GEODE-7368,True
GEODE-7482,True
GEODE-7448,False
GEODE-7338,True
GEODE-7446,False
GEODE-7468,True
GEODE-7466,True
GEODE-7450,True
GEODE-7461,True
GEODE-7380,False
GEODE-7252,True
GEODE-7403,True
GEODE-7445,True
GEODE-7409,False
GEODE-7453,True
GEODE-7457,False
GEODE-7439,True
GEODE-7401,False
GEODE-6990,False
GEODE-7428,False
GEODE-7400,True
GEODE-7229,False
GEODE-7427,False
GEODE-7110,False
GEODE-7432,True
GEODE-7407,False
GEODE-7162,False
GEODE-7415,True
GEODE-7417,True
GEODE-7310,True
GEODE-7383,True
GEODE-7157,True
GEODE-7408,True
GEODE-7367,False
GEODE-7322,True
GEODE-7395,False
GEODE-7399,True
GEODE-7370,True
GEODE-6661,True
GEODE-7177,True
GEODE-7384,True
GEODE-7373,False
GEODE-7396,True
GEODE-7358,False
GEODE-7379,False
GEODE-7392,False
GEODE-7372,True
GEODE-7354,True
GEODE-7340,False
GEODE-7369,True
GEODE-7273,True
GEODE-7374,True
GEODE-7341,True
GEODE-7361,False
GEODE-7365,True
GEODE-7375,True
GEODE-6973,True
GEODE-7334,True
GEODE-7326,False
GEODE-7355,False
GEODE-7350,True
GEODE-7363,False
GEODE-7286,True
GEODE-7357,True
GEODE-7360,True
GEODE-7283,False
GEODE-7171,False
GEODE-7313,False
GEODE-7339,False
GEODE-7348,False
GEODE-7297,True
GEODE-7084,True
GEODE-6682,True
GEODE-5194,False
GEODE-7172,True
GEODE-7266,True
GEODE-7333,False
GEODE-7330,False
GEODE-7184,False
GEODE-7308,False
GEODE-7336,True
GEODE-7281,False
GEODE-7331,False
GEODE-7205,False
GEODE-7332,False
GEODE-7319,True
GEODE-7312,False
GEODE-7328,True
GEODE-7321,False
GEODE-7320,False
GEODE-6807,False
GEODE-7074,False
GEODE-7279,True
GEODE-7237,True
GEODE-7311,False
GEODE-7131,False
GEODE-7259,True
GEODE-7291,False
GEODE-7167,True
GEODE-3780,True
GEODE-6989,False
GEODE-7278,True
GEODE-7192,True
GEODE-2035,False
GEODE-7296,True
GEODE-7284,True
GEODE-7240,True
GEODE-2888,False
GEODE-7241,True
GEODE-6731,True
GEODE-7189,True
GEODE-6133,False
GEODE-7160,False
GEODE-7287,False
GEODE-7288,False
GEODE-7289,False
GEODE-6871,False
GEODE-6183,True
GEODE-6566,True
GEODE-7277,True
GEODE-7270,True
GEODE-7268,True
GEODE-6987,False
GEODE-7280,False
GEODE-7255,True
GEODE-6992,False
GEODE-7248,True
GEODE-7151,False
GEODE-7228,False
GEODE-6988,False
GEODE-6986,False
GEODE-7272,False
GEODE-6860,False
GEODE-7124,False
GEODE-7204,False
GEODE-7179,False
GEODE-7128,False
GEODE-7149,False
GEODE-7127,False
GEODE-7126,False
GEODE-7129,False
GEODE-7230,True
GEODE-7261,True
GEODE-7265,False
GEODE-6717,False
GEODE-7039,False
GEODE-7227,True
GEODE-7258,True
GEODE-7134,False
GEODE-6945,False
GEODE-7260,False
GEODE-7257,False
GEODE-7215,False
GEODE-7233,False
GEODE-7250,True
GEODE-7249,False
GEODE-7239,False
GEODE-7196,False
GEODE-7242,True
GEODE-7226,True
GEODE-6897,False
GEODE-7152,True
GEODE-6964,True
GEODE-7165,True
GEODE-7234,False
GEODE-7216,True
GEODE-6985,False
GEODE-6966,False
GEODE-7219,True
GEODE-7220,True
GEODE-7221,True
GEODE-6014,True
GEODE-7208,True
GEODE-7146,False
GEODE-7218,True
GEODE-5940,True
GEODE-6984,False
GEODE-6094,True
GEODE-7170,False
GEODE-7173,True
GEODE-7213,True
GEODE-7186,False
GEODE-7202,True
GEODE-7185,False
GEODE-7175,False
GEODE-7161,False
GEODE-7150,False
GEODE-7194,False
GEODE-7195,False
GEODE-7178,True
GEODE-7193,False
GEODE-7077,False
GEODE-7168,True
GEODE-7035,True
GEODE-7075,False
GEODE-7054,False
GEODE-7191,False
GEODE-7076,False
GEODE-7087,True
GEODE-6556,True
GEODE-7107,True
GEODE-7090,False
GEODE-7169,True
GEODE-7164,False
GEODE-7158,True
GEODE-6916,False
GEODE-7136,True
GEODE-7114,True
GEODE-7118,True
GEODE-6867,True
GEODE-7106,True
GEODE-7049,False
GEODE-7119,True
GEODE-7138,True
GEODE-6941,False
GEODE-7139,False
GEODE-7140,False
GEODE-7078,False
GEODE-6907,False
GEODE-6909,False
GEODE-6805,False
GEODE-7133,False
GEODE-7083,False
GEODE-7108,True
GEODE-7085,True
GEODE-7089,True
GEODE-7132,False
GEODE-6944,False
GEODE-7088,True
GEODE-7120,False
GEODE-6910,False
GEODE-7066,True
GEODE-7112,True
GEODE-7072,True
GEODE-7091,False
GEODE-130,True
GEODE-7104,False
GEODE-6764,False
GEODE-6915,False
GEODE-7064,False
GEODE-7099,False
GEODE-6734,True
GEODE-7050,True
GEODE-6959,True
GEODE-7058,False
GEODE-7102,False
GEODE-7105,True
GEODE-7103,True
GEODE-7079,True
GEODE-7071,False
GEODE-7092,True
GEODE-7080,True
GEODE-6613,True
GEODE-7081,True
GEODE-7062,True
GEODE-6946,False
GEODE-7067,True
GEODE-7022,True
GEODE-7063,False
GEODE-7048,True
GEODE-4993,False
GEODE-7036,True
GEODE-6748,True
GEODE-7055,True
GEODE-7010,False
GEODE-7051,False
GEODE-7042,False
GEODE-7014,False
GEODE-7015,False
GEODE-6747,True
GEODE-6998,True
GEODE-7047,False
GEODE-7001,False
GEODE-7031,False
GEODE-7038,True
GEODE-6982,False
GEODE-7033,True
GEODE-5557,True
GEODE-6651,True
GEODE-6954,True
GEODE-7024,False
GEODE-7030,True
GEODE-6804,False
GEODE-6975,True
GEODE-6976,True
GEODE-6958,False
GEODE-7029,True
GEODE-7037,True
GEODE-7003,True
GEODE-6298,True
GEODE-6912,False
GEODE-7012,True
GEODE-7028,False
GEODE-7008,True
GEODE-7004,False
GEODE-7006,True
GEODE-7013,False
GEODE-7018,False
GEODE-6799,True
GEODE-7005,True
GEODE-7011,False
GEODE-6918,False
GEODE-7007,False
GEODE-6999,True
GEODE-3718,True
GEODE-6875,False
GEODE-6798,True
GEODE-6779,False
GEODE-6712,True
GEODE-6920,False
GEODE-6977,False
GEODE-6972,True
GEODE-6979,True
GEODE-6762,False
GEODE-6947,False
GEODE-6913,False
GEODE-6933,True
GEODE-6955,True
GEODE-3942,False
GEODE-6822,True
GEODE-6967,True
GEODE-6891,True
GEODE-6811,True
GEODE-6938,False
GEODE-6904,True
GEODE-6948,False
GEODE-6949,False
GEODE-6911,False
GEODE-4958,False
GEODE-6932,True
GEODE-6934,False
GEODE-6831,False
GEODE-6930,True
GEODE-6929,True
GEODE-6928,True
GEODE-6861,False
GEODE-6908,True
GEODE-6893,True
GEODE-6761,False
GEODE-6922,True
GEODE-2863,True
GEODE-6899,True
GEODE-6870,True
GEODE-6905,True
GEODE-6825,False
GEODE-6846,False
GEODE-6862,False
GEODE-6898,False
GEODE-6888,True
GEODE-6387,True
GEODE-6834,False
GEODE-6895,False
GEODE-6889,False
GEODE-6887,False
GEODE-6892,True
GEODE-6652,True
GEODE-6850,False
GEODE-6886,True
GEODE-6880,False
GEODE-6863,True
GEODE-6849,True
GEODE-6857,False
GEODE-6588,False
GEODE-2878,True
GEODE-6660,False
GEODE-6854,True
GEODE-6677,True
GEODE-6810,False
GEODE-6654,True
GEODE-6691,False
GEODE-6783,False
GEODE-6730,False
GEODE-6808,True
GEODE-5222,False
GEODE-6856,False
GEODE-6855,False
GEODE-6768,False
GEODE-6812,True
GEODE-6853,True
GEODE-6796,False
GEODE-6837,False
GEODE-6851,True
GEODE-6535,True
GEODE-6852,True
GEODE-6763,True
GEODE-6829,False
GEODE-6786,False
GEODE-6845,False
GEODE-6828,False
GEODE-6842,True
GEODE-6797,True
GEODE-6802,True
GEODE-6839,True
GEODE-6827,False
GEODE-6321,True
GEODE-6770,False
GEODE-6785,False
GEODE-6773,False
GEODE-6803,False
GEODE-6749,True
GEODE-2685,False
GEODE-6806,True
GEODE-6821,True
GEODE-6777,False
GEODE-6824,False
GEODE-6823,True
GEODE-6472,True
GEODE-6820,False
GEODE-6696,False
GEODE-4240,True
GEODE-2600,True
GEODE-6794,False
GEODE-6765,True
GEODE-6571,False
GEODE-6813,False
GEODE-6809,True
GEODE-6583,True
GEODE-6732,True
GEODE-6815,False
GEODE-6669,False
GEODE-6733,False
GEODE-6754,True
GEODE-6745,False
GEODE-6790,False
GEODE-6750,False
GEODE-6791,True
GEODE-6793,False
GEODE-5731,True
GEODE-6769,True
GEODE-6789,True
GEODE-6784,True
GEODE-6182,True
GEODE-6772,True
GEODE-6678,False
GEODE-6776,True
GEODE-6701,True
GEODE-6759,True
GEODE-6775,False
GEODE-6771,False
GEODE-6767,True
GEODE-6327,False
GEODE-6760,False
GEODE-6756,False
GEODE-6672,True
GEODE-6757,False
GEODE-6752,False
GEODE-6744,False
GEODE-6707,False
GEODE-6686,False
GEODE-6676,False
GEODE-6741,True
GEODE-6743,False
GEODE-6746,True
GEODE-6742,True
GEODE-6719,True
GEODE-6670,False
GEODE-6739,False
GEODE-6687,False
GEODE-6698,False
GEODE-6728,False
GEODE-6683,True
GEODE-6690,False
GEODE-6174,False
GEODE-6721,True
GEODE-6724,True
GEODE-6702,False
GEODE-6626,False
GEODE-6727,True
GEODE-6720,False
GEODE-6561,True
GEODE-6708,True
GEODE-6673,False
GEODE-6704,False
GEODE-6688,False
GEODE-6674,False
GEODE-6692,False
GEODE-6580,False
GEODE-5971,False
GEODE-6667,True
GEODE-6709,False
GEODE-6595,False
GEODE-6612,False
GEODE-6693,True
GEODE-6620,False
GEODE-6697,False
GEODE-6694,False
GEODE-6607,True
GEODE-6656,False
GEODE-6629,False
GEODE-6679,False
GEODE-6630,True
GEODE-6611,False
GEODE-5986,True
GEODE-6665,True
GEODE-6423,True
GEODE-6666,True
GEODE-6579,False
GEODE-6640,True
GEODE-6662,True
GEODE-6646,True
GEODE-6664,True
GEODE-6639,False
GEODE-5231,True
GEODE-6195,True
GEODE-6649,False
GEODE-6638,True
GEODE-6557,False
GEODE-6634,True
GEODE-3948,False
GEODE-6647,True
GEODE-1703,True
GEODE-6653,True
GEODE-6643,True
GEODE-5724,True
GEODE-6633,False
GEODE-6618,True
GEODE-6152,True
GEODE-6621,True
GEODE-6608,False
GEODE-5142,False
GEODE-6383,False
GEODE-6603,False
GEODE-6609,False
GEODE-6505,False
GEODE-6518,True
GEODE-6602,False
GEODE-6584,False
GEODE-6606,False
GEODE-6592,True
GEODE-6551,True
GEODE-6560,False
GEODE-4267,True
GEODE-6600,True
GEODE-6534,False
GEODE-6598,True
GEODE-6430,True
GEODE-6573,False
GEODE-6593,True
GEODE-6527,True
GEODE-6589,False
GEODE-6559,True
GEODE-6574,False
GEODE-6587,True
GEODE-6585,True
GEODE-6577,False
GEODE-6582,False
GEODE-5683,False
GEODE-6400,False
GEODE-6515,False
GEODE-6578,False
GEODE-6443,False
GEODE-6570,True
GEODE-6558,False
GEODE-4318,True
GEODE-6569,True
GEODE-6565,True
GEODE-6544,True
GEODE-6562,True
GEODE-6529,False
GEODE-6533,False
GEODE-5604,False
GEODE-85,False
GEODE-849,True
GEODE-6384,False
GEODE-6526,True
GEODE-4806,False
GEODE-6503,True
GEODE-6553,True
GEODE-6552,True
GEODE-6523,False
GEODE-6550,True
GEODE-6271,True
GEODE-6450,False
GEODE-6513,False
GEODE-6540,False
GEODE-2275,True
GEODE-6488,True
GEODE-6539,True
GEODE-5016,False
GEODE-6528,False
GEODE-6483,False
GEODE-6522,True
GEODE-6525,False
GEODE-3322,True
GEODE-6295,False
GEODE-5013,False
GEODE-6517,True
GEODE-6506,False
GEODE-6519,True
GEODE-6511,True
GEODE-6447,False
GEODE-6380,True
GEODE-6512,False
GEODE-6461,False
GEODE-6412,True
GEODE-6460,False
GEODE-6348,True
GEODE-6479,False
GEODE-6497,True
GEODE-6033,False
GEODE-6492,True
GEODE-6459,False
GEODE-6196,False
GEODE-7,False
GEODE-6481,True
GEODE-6487,False
GEODE-6486,False
GEODE-6421,True
GEODE-6442,True
GEODE-2059,True
GEODE-6477,True
GEODE-6475,False
GEODE-6399,False
GEODE-6470,True
GEODE-5135,False
GEODE-6473,False
GEODE-6468,False
GEODE-6365,False
GEODE-5711,True
GEODE-6456,True
GEODE-4794,True
GEODE-6464,False
GEODE-6451,True
GEODE-6457,False
GEODE-6449,False
GEODE-6379,True
GEODE-6437,True
GEODE-6434,False
GEODE-6372,True
GEODE-6439,False
GEODE-6435,True
GEODE-6404,True
GEODE-6444,True
GEODE-6425,True
GEODE-6422,True
GEODE-6398,False
GEODE-6440,True
GEODE-6441,True
GEODE-6414,True
GEODE-6389,True
GEODE-6291,False
GEODE-6438,False
GEODE-6420,False
GEODE-6386,True
GEODE-6283,False
GEODE-6424,True
GEODE-6433,True
GEODE-6369,True
GEODE-5694,False
GEODE-6391,True
GEODE-6409,True
GEODE-6416,True
GEODE-6396,False
GEODE-6322,True
GEODE-6405,True
GEODE-6395,False
GEODE-6381,False
GEODE-6334,True
GEODE-6340,False
GEODE-6382,False
GEODE-6355,True
GEODE-6323,True
GEODE-3583,False
GEODE-6363,True
GEODE-6370,True
GEODE-6373,True
GEODE-6364,True
GEODE-6277,True
GEODE-6354,True
GEODE-6244,False
GEODE-4582,False
GEODE-6347,False
GEODE-6345,True
GEODE-6366,True
GEODE-6350,False
GEODE-5782,False
GEODE-4500,False
GEODE-6310,True
GEODE-3668,False
GEODE-6301,False
GEODE-4592,False
GEODE-3649,True
GEODE-6353,False
GEODE-6349,True
GEODE-6351,False
GEODE-6273,False
GEODE-6339,True
GEODE-6329,True
GEODE-2113,False
GEODE-6344,True
GEODE-6293,True
GEODE-6342,True
GEODE-6333,True
GEODE-6330,True
GEODE-6304,True
GEODE-6314,True
GEODE-6325,False
GEODE-6185,False
GEODE-6294,False
GEODE-6326,True
GEODE-6287,True
GEODE-6319,False
GEODE-6315,True
GEODE-6306,False
GEODE-6320,True
GEODE-6112,True
GEODE-6317,False
GEODE-6308,True
GEODE-6313,True
GEODE-6309,True
GEODE-6316,True
GEODE-6255,True
GEODE-6302,False
GEODE-6267,True
GEODE-6307,True
GEODE-6290,True
GEODE-6280,False
GEODE-6303,True
GEODE-6297,True
GEODE-6305,False
GEODE-6268,True
GEODE-6232,True
GEODE-6292,False
GEODE-6212,True
GEODE-6289,True
GEODE-6285,True
GEODE-6288,True
GEODE-5913,False
GEODE-6269,False
GEODE-6276,True
GEODE-6281,True
GEODE-6187,False
GEODE-6272,False
GEODE-6279,False
GEODE-6274,False
GEODE-6275,True
GEODE-6184,False
GEODE-6259,False
GEODE-6270,True
GEODE-6265,False
GEODE-4391,False
GEODE-6261,True
GEODE-6264,False
GEODE-6225,False
GEODE-6135,False
GEODE-6246,True
GEODE-92,True
GEODE-6260,True
GEODE-5787,False
GEODE-6252,False
GEODE-6253,True
GEODE-6247,True
GEODE-6011,True
GEODE-3967,True
GEODE-6242,False
GEODE-6143,True
GEODE-6235,True
GEODE-6124,False
GEODE-6037,False
GEODE-6221,True
GEODE-5955,True
GEODE-3205,True
GEODE-6219,True
GEODE-6236,True
GEODE-6205,True
GEODE-6176,False
GEODE-6231,True
GEODE-6230,False
GEODE-6224,True
GEODE-6154,True
GEODE-6227,True
GEODE-6215,True
GEODE-6103,False
GEODE-6194,False
GEODE-6223,False
GEODE-6186,True
GEODE-6216,True
GEODE-6198,False
GEODE-6177,True
GEODE-6209,False
GEODE-3613,True
GEODE-6122,True
GEODE-5786,True
GEODE-5674,True
GEODE-6197,False
GEODE-6036,True
GEODE-6102,False
GEODE-6166,False
GEODE-6189,False
GEODE-6188,False
GEODE-6156,False
GEODE-6179,False
GEODE-6032,True
GEODE-6178,False
GEODE-6066,True
GEODE-6164,True
GEODE-6168,True
GEODE-6167,True
GEODE-6117,False
GEODE-6142,False
GEODE-6149,True
GEODE-6151,True
GEODE-6129,False
GEODE-5883,False
GEODE-6100,True
GEODE-6127,False
GEODE-6107,True
GEODE-6144,True
GEODE-6109,True
GEODE-6130,True
GEODE-5994,False
GEODE-6123,False
GEODE-6119,False
GEODE-6029,False
GEODE-6118,True
GEODE-6108,True
GEODE-6110,False
GEODE-6115,True
GEODE-6111,False
GEODE-6113,True
GEODE-6092,False
GEODE-6096,False
GEODE-5342,True
GEODE-6098,True
GEODE-6097,True
GEODE-6067,False
GEODE-6105,True
GEODE-6068,True
GEODE-6013,True
GEODE-5228,True
GEODE-4883,False
GEODE-6035,False
GEODE-1842,True
GEODE-6077,True
GEODE-1168,True
GEODE-5998,False
GEODE-5667,False
GEODE-6088,False
GEODE-6078,True
GEODE-6046,True
GEODE-6093,False
GEODE-6074,True
GEODE-6075,False
GEODE-6028,True
GEODE-5996,False
GEODE-6052,False
GEODE-1585,True
GEODE-5547,True
GEODE-6062,True
GEODE-6091,True
GEODE-6061,True
GEODE-6090,True
GEODE-6034,False
GEODE-5943,False
GEODE-6039,False
GEODE-6065,True
GEODE-6064,True
GEODE-5076,False
GEODE-6073,False
GEODE-6059,True
GEODE-4110,False
GEODE-6026,True
GEODE-6063,True
GEODE-6072,True
GEODE-2644,True
GEODE-5637,True
GEODE-6053,True
GEODE-6025,False
GEODE-5884,True
GEODE-5074,False
GEODE-5993,True
GEODE-4712,True
GEODE-6058,True
GEODE-6051,True
GEODE-3835,False
GEODE-6048,True
GEODE-6010,False
GEODE-5072,False
GEODE-6042,True
GEODE-5873,True
GEODE-6040,True
GEODE-6030,False
GEODE-5959,True
GEODE-6031,False
GEODE-6009,False
GEODE-3416,True
GEODE-6019,False
GEODE-6020,False
GEODE-5830,True
GEODE-6018,True
GEODE-5931,False
GEODE-6000,False
GEODE-5982,True
GEODE-5887,False
GEODE-5987,False
GEODE-5742,True
GEODE-5983,True
GEODE-5999,False
GEODE-6003,False
GEODE-5338,False
GEODE-5977,False
GEODE-5947,False
GEODE-5918,False
GEODE-5978,False
GEODE-5985,True
GEODE-5984,True
GEODE-5992,True
GEODE-5980,True
GEODE-5976,True
GEODE-5937,False
GEODE-5938,False
GEODE-5975,True
GEODE-5981,True
GEODE-5974,True
GEODE-5963,False
GEODE-5970,False
GEODE-5969,False
GEODE-5686,False
GEODE-5968,False
GEODE-5967,False
GEODE-5951,False
GEODE-5965,False
GEODE-5966,False
GEODE-5960,False
GEODE-5803,True
GEODE-5881,False
GEODE-5948,True
GEODE-5953,True
GEODE-5952,True
GEODE-5961,True
GEODE-5935,False
GEODE-5568,True
GEODE-5864,False
GEODE-5945,True
GEODE-5917,True
GEODE-5819,False
GEODE-3,False
GEODE-5950,False
GEODE-5797,True
GEODE-1603,True
GEODE-5925,False
GEODE-5941,False
GEODE-5946,True
GEODE-5927,False
GEODE-5922,False
GEODE-5936,False
GEODE-5764,True
GEODE-5923,True
GEODE-5827,False
GEODE-5783,False
GEODE-5934,True
GEODE-5929,True
GEODE-5930,False
GEODE-5933,True
GEODE-5909,False
GEODE-5899,False
GEODE-5897,True
GEODE-5886,False
GEODE-5926,True
GEODE-5861,False
GEODE-5915,False
GEODE-5911,True
GEODE-5841,False
GEODE-5916,True
GEODE-5888,True
GEODE-5910,True
GEODE-5912,True
GEODE-5908,True
GEODE-5846,False
GEODE-5889,True
GEODE-5902,True
GEODE-5890,True
GEODE-5892,True
GEODE-5501,True
GEODE-4872,True
GEODE-5907,False
GEODE-5906,False
GEODE-5904,False
GEODE-5885,False
GEODE-5424,False
GEODE-5872,False
GEODE-5863,False
GEODE-5852,True
GEODE-5891,False
GEODE-5877,False
GEODE-5894,False
GEODE-5875,True
GEODE-5893,False
GEODE-5845,True
GEODE-5857,True
GEODE-5879,False
GEODE-5844,True
GEODE-5676,True
GEODE-5856,False
GEODE-5880,False
GEODE-5823,False
GEODE-5811,True
GEODE-5851,False
GEODE-5858,True
GEODE-5821,False
GEODE-5855,False
GEODE-5849,True
GEODE-5843,False
GEODE-5212,False
GEODE-5848,False
GEODE-5853,True
GEODE-5807,True
GEODE-5838,False
GEODE-5252,True
GEODE-5828,True
GEODE-5799,False
GEODE-5829,False
GEODE-5780,False
GEODE-5794,True
GEODE-5820,False
GEODE-4338,False
GEODE-5824,False
GEODE-5815,False
GEODE-5806,False
GEODE-5777,False
GEODE-5814,False
GEODE-5812,False
GEODE-5792,False
GEODE-5805,False
GEODE-5747,True
GEODE-5784,True
GEODE-5808,False
GEODE-5781,True
GEODE-5776,True
GEODE-5523,False
GEODE-5788,False
GEODE-5726,True
GEODE-5748,True
GEODE-5771,True
GEODE-5778,False
GEODE-5741,True
GEODE-5728,True
GEODE-369,True
GEODE-5679,True
GEODE-5551,True
GEODE-5765,False
GEODE-5761,True
GEODE-5314,True
GEODE-5762,True
GEODE-5757,False
GEODE-5600,False
GEODE-3720,True
GEODE-4273,True
GEODE-5712,True
GEODE-4052,True
GEODE-5696,False
GEODE-5709,False
GEODE-5714,True
GEODE-5688,False
GEODE-5732,True
GEODE-5605,False
GEODE-5737,True
GEODE-5722,False
GEODE-5729,True
GEODE-5716,False
GEODE-5700,False
GEODE-5725,True
GEODE-5094,True
GEODE-5727,True
GEODE-5723,False
GEODE-5697,True
GEODE-5668,False
GEODE-5628,True
GEODE-5565,True
GEODE-5705,False
GEODE-5673,True
GEODE-5527,True
GEODE-5704,True
GEODE-5574,False
GEODE-4650,True
GEODE-5591,True
GEODE-5399,True
GEODE-5699,True
GEODE-5687,False
GEODE-5702,True
GEODE-3778,True
GEODE-5607,False
GEODE-5684,False
GEODE-5695,False
GEODE-5678,True
GEODE-5682,True
GEODE-5685,False
GEODE-5649,True
GEODE-5204,False
GEODE-5481,True
GEODE-5622,True
GEODE-3200,False
GEODE-5657,False
GEODE-5660,False
GEODE-5665,False
GEODE-5411,False
GEODE-5653,True
GEODE-5671,False
GEODE-3451,True
GEODE-5509,False
GEODE-5530,False
GEODE-5652,False
GEODE-5594,False
GEODE-5475,False
GEODE-5596,False
GEODE-5645,True
GEODE-5662,True
GEODE-5536,False
GEODE-5661,True
GEODE-5601,True
GEODE-5656,False
GEODE-5636,True
GEODE-5639,False
GEODE-5641,False
GEODE-5633,False
GEODE-5650,False
GEODE-5608,False
GEODE-5618,True
GEODE-5646,True
GEODE-5642,False
GEODE-5597,False
GEODE-5620,False
GEODE-5630,True
GEODE-5631,True
GEODE-5623,True
GEODE-5629,True
GEODE-5614,False
GEODE-5632,True
GEODE-5562,True
GEODE-5353,False
GEODE-5627,True
GEODE-5617,True
GEODE-5440,True
GEODE-5460,True
GEODE-5610,True
GEODE-5619,False
GEODE-5613,False
GEODE-3530,True
GEODE-5615,True
GEODE-5505,True
GEODE-5612,True
GEODE-5571,True
GEODE-5585,False
GEODE-5609,True
GEODE-4384,False
GEODE-5592,True
GEODE-5593,False
GEODE-5589,True
GEODE-5531,True
GEODE-5257,True
GEODE-5579,False
GEODE-5248,True
GEODE-5587,True
GEODE-3839,True
GEODE-5588,True
GEODE-5583,False
GEODE-5584,False
GEODE-5438,False
GEODE-5560,True
GEODE-5387,False
GEODE-5578,False
GEODE-5541,True
GEODE-5575,False
GEODE-5559,True
GEODE-5535,False
GEODE-5480,True
GEODE-5546,True
GEODE-5549,True
GEODE-5555,False
GEODE-5553,True
GEODE-5548,False
GEODE-5544,False
GEODE-5485,False
GEODE-5534,True
GEODE-5540,True
GEODE-5538,False
GEODE-838,True
GEODE-5470,True
GEODE-5499,True
GEODE-5521,True
GEODE-5463,True
GEODE-5197,False
GEODE-5533,False
GEODE-5502,True
GEODE-577,True
GEODE-5529,False
GEODE-5528,True
GEODE-4858,False
GEODE-5525,False
GEODE-5522,False
GEODE-5524,True
GEODE-5495,True
GEODE-5246,False
GEODE-5055,False
GEODE-5520,True
GEODE-5517,False
GEODE-5157,True
GEODE-5493,True
GEODE-5513,True
GEODE-5515,True
GEODE-5433,True
GEODE-5512,True
GEODE-5479,False
GEODE-5496,False
GEODE-5508,True
GEODE-5500,False
GEODE-5420,True
GEODE-5425,False
GEODE-5497,True
GEODE-5510,True
GEODE-5401,True
GEODE-5511,False
GEODE-5507,False
GEODE-5451,True
GEODE-5478,True
GEODE-5400,True
GEODE-5503,False
GEODE-5490,False
GEODE-5492,False
GEODE-5437,True
GEODE-5443,True
GEODE-5464,True
GEODE-5476,False
GEODE-5494,True
GEODE-5488,False
GEODE-5489,False
GEODE-5471,False
GEODE-5484,False
GEODE-4118,True
GEODE-5467,True
GEODE-1942,True
GEODE-5453,False
GEODE-5474,True
GEODE-5477,True
GEODE-5465,False
GEODE-1009,True
GEODE-5472,True
GEODE-5468,True
GEODE-5256,True
GEODE-5097,True
GEODE-5455,True
GEODE-5388,False
GEODE-4593,False
GEODE-5461,False
GEODE-5459,True
GEODE-5325,True
GEODE-5456,True
GEODE-5452,True
GEODE-5446,True
GEODE-5436,False
GEODE-567,True
GEODE-5363,False
GEODE-5396,True
GEODE-5448,True
GEODE-5445,True
GEODE-5421,True
GEODE-5441,True
GEODE-5405,False
GEODE-5431,False
GEODE-5430,False
GEODE-5435,False
GEODE-5371,False
GEODE-4965,False
GEODE-5014,False
GEODE-5367,False
GEODE-5362,False
GEODE-5357,False
GEODE-5356,False
GEODE-4726,True
GEODE-5432,False
GEODE-5145,True
GEODE-5426,False
GEODE-5423,False
GEODE-5394,True
GEODE-5377,False
GEODE-5295,False
GEODE-5408,False
GEODE-5404,True
GEODE-5379,True
GEODE-5351,False
GEODE-5369,True
GEODE-5393,True
GEODE-5392,False
GEODE-5391,False
GEODE-5390,False
GEODE-5383,True
GEODE-5398,False
GEODE-5375,False
GEODE-5385,True
GEODE-4803,True
GEODE-5281,True
GEODE-5355,False
GEODE-5341,False
GEODE-5336,False
GEODE-5361,False
GEODE-5359,True
GEODE-5373,True
GEODE-5380,False
GEODE-5350,False
GEODE-5352,False
GEODE-5349,True
GEODE-5296,False
GEODE-5339,False
GEODE-5328,False
GEODE-5285,False
GEODE-1198,True
GEODE-5346,True
GEODE-1655,True
GEODE-4511,False
GEODE-4791,False
GEODE-5335,True
GEODE-5333,True
GEODE-5109,False
GEODE-5330,False
GEODE-5284,False
GEODE-5313,False
GEODE-5065,True
GEODE-5327,True
GEODE-5306,False
GEODE-5322,True
GEODE-5323,False
GEODE-5318,True
GEODE-5320,False
GEODE-5319,True
GEODE-4822,True
GEODE-5308,False
GEODE-5310,True
GEODE-5312,True
GEODE-5307,True
GEODE-5288,True
GEODE-5311,False
GEODE-5302,True
GEODE-5292,True
GEODE-5298,False
GEODE-5294,True
GEODE-5279,True
GEODE-5276,True
GEODE-5300,False
GEODE-5287,False
GEODE-5291,True
GEODE-5290,True
GEODE-3013,True
GEODE-5270,True
GEODE-5283,False
GEODE-5267,False
GEODE-3692,True
GEODE-5280,True
GEODE-5269,False
GEODE-5278,True
GEODE-5249,False
GEODE-5274,True
GEODE-5265,True
GEODE-5273,True
GEODE-5272,True
GEODE-5223,False
GEODE-5268,True
GEODE-5250,True
GEODE-5266,False
GEODE-5245,False
GEODE-5255,True
GEODE-5262,True
GEODE-4614,True
GEODE-5261,False
GEODE-5254,False
GEODE-3733,True
GEODE-5237,True
GEODE-5247,True
GEODE-5186,True
GEODE-5208,False
GEODE-5071,False
GEODE-5242,True
GEODE-5032,False
GEODE-4953,False
GEODE-5011,False
GEODE-3563,True
GEODE-5010,False
GEODE-5230,True
GEODE-4386,False
GEODE-974,True
GEODE-5220,True
GEODE-5218,False
GEODE-5195,False
GEODE-5002,False
GEODE-5185,True
GEODE-5206,False
GEODE-5041,False
GEODE-5207,False
GEODE-5210,True
GEODE-5199,True
GEODE-5187,True
GEODE-5001,True
GEODE-5211,True
GEODE-5201,False
GEODE-5087,True
GEODE-5203,False
GEODE-5144,True
GEODE-5200,True
GEODE-5172,False
GEODE-5198,False
GEODE-5184,False
GEODE-5182,False
GEODE-5183,False
GEODE-5150,False
GEODE-5177,True
GEODE-5047,False
GEODE-5132,True
GEODE-5141,True
GEODE-2668,True
GEODE-5173,True
GEODE-5166,True
GEODE-5146,True
GEODE-2953,False
GEODE-2542,True
GEODE-4860,False
GEODE-4890,True
GEODE-5083,True
GEODE-924,True
GEODE-5164,False
GEODE-845,True
GEODE-4218,True
GEODE-5155,True
GEODE-5131,True
GEODE-5165,True
GEODE-5143,False
GEODE-5152,False
GEODE-5153,False
GEODE-5111,True
GEODE-1279,False
GEODE-3881,True
GEODE-5059,False
GEODE-5130,False
GEODE-5134,False
GEODE-4172,True
GEODE-5138,True
GEODE-4459,False
GEODE-4624,True
GEODE-4963,True
GEODE-5118,False
GEODE-9252,
GEODE-925,True
GEODE-5129,False
GEODE-4647,True
GEODE-5113,True
GEODE-4957,True
GEODE-5122,True
GEODE-4996,False
GEODE-3438,True
GEODE-5103,True
GEODE-5070,False
GEODE-5020,False
GEODE-5040,True
GEODE-5100,False
GEODE-3523,True
GEODE-5114,False
GEODE-5033,True
GEODE-5060,False
GEODE-4876,False
GEODE-5058,False
GEODE-5102,True
GEODE-5082,False
GEODE-5089,False
GEODE-5119,False
GEODE-5078,False
GEODE-5038,False
GEODE-5110,False
GEODE-5056,True
GEODE-5095,True
GEODE-5085,True
GEODE-5106,True
GEODE-5043,True
GEODE-5104,False
GEODE-4838,True
GEODE-5081,True
GEODE-4716,False
GEODE-5077,True
GEODE-4986,True
GEODE-4954,False
GEODE-4959,True
GEODE-5048,True
GEODE-5088,False
GEODE-5080,True
GEODE-5000,True
GEODE-5086,False
GEODE-5057,False
GEODE-5046,True
GEODE-5068,True
GEODE-5069,False
GEODE-4863,False
GEODE-5039,True
GEODE-3926,False
GEODE-4856,False
GEODE-5064,True
GEODE-5035,False
GEODE-4990,True
GEODE-4952,False
GEODE-5044,True
GEODE-5051,False
GEODE-4874,True
GEODE-4962,True
GEODE-4385,False
GEODE-4919,True
GEODE-3237,True
GEODE-4909,False
GEODE-4942,True
GEODE-4999,True
GEODE-4991,True
GEODE-5027,True
GEODE-4915,True
GEODE-5009,False
GEODE-5008,False
GEODE-4995,False
GEODE-3820,True
GEODE-5029,False
GEODE-5024,False
GEODE-5007,False
GEODE-5006,False
GEODE-4518,False
GEODE-5026,False
GEODE-5021,True
GEODE-5004,False
GEODE-5005,False
GEODE-4819,False
GEODE-4830,False
GEODE-5003,False
GEODE-4947,False
GEODE-4961,False
GEODE-4849,True
GEODE-4971,False
GEODE-4960,True
GEODE-4644,False
GEODE-4456,False
GEODE-4984,False
GEODE-4983,True
GEODE-4970,True
GEODE-4893,True
GEODE-4989,True
GEODE-4911,False
GEODE-4902,True
GEODE-4972,False
GEODE-4840,True
GEODE-4867,True
GEODE-4981,True
GEODE-4979,True
GEODE-3456,True
GEODE-4817,False
GEODE-4980,True
GEODE-4917,False
GEODE-4976,False
GEODE-4974,True
GEODE-4928,True
GEODE-4811,False
GEODE-4934,True
GEODE-4929,True
GEODE-2321,True
GEODE-4913,True
GEODE-4973,False
GEODE-4969,True
GEODE-4922,True
GEODE-4787,True
GEODE-4520,False
GEODE-4945,False
GEODE-4943,True
GEODE-4933,True
GEODE-4808,False
GEODE-4941,False
GEODE-4715,False
GEODE-4827,True
GEODE-4894,True
GEODE-4924,True
GEODE-4859,False
GEODE-4910,False
GEODE-4749,True
GEODE-4881,False
GEODE-3922,True
GEODE-4451,True
GEODE-2999,False
GEODE-4907,True
GEODE-4873,True
GEODE-4901,True
GEODE-4885,True
GEODE-4832,True
GEODE-4898,False
GEODE-4869,False
GEODE-4864,False
GEODE-4896,False
GEODE-4771,True
GEODE-4888,False
GEODE-4882,True
GEODE-4815,False
GEODE-4833,True
GEODE-4878,False
GEODE-4857,False
GEODE-4884,False
GEODE-4497,True
GEODE-4880,False
GEODE-4875,True
GEODE-4783,False
GEODE-4782,True
GEODE-4820,True
GEODE-4821,True
GEODE-4789,False
GEODE-4845,False
GEODE-4846,True
GEODE-4622,False
GEODE-4868,True
GEODE-4769,False
GEODE-4870,True
GEODE-4844,True
GEODE-4816,False
GEODE-4693,True
GEODE-4824,True
GEODE-4831,True
GEODE-4834,False
GEODE-4689,False
GEODE-4785,True
GEODE-3891,True
GEODE-4797,True
GEODE-4829,True
GEODE-4823,True
GEODE-4669,False
GEODE-4527,False
GEODE-4768,False
GEODE-4266,True
GEODE-4813,False
GEODE-4814,False
GEODE-4825,True
GEODE-4818,False
GEODE-4807,False
GEODE-4772,False
GEODE-4801,False
GEODE-4685,True
GEODE-4735,False
GEODE-4750,False
GEODE-4751,False
GEODE-4795,False
GEODE-4792,False
GEODE-4778,False
GEODE-4755,True
GEODE-4800,True
GEODE-4788,False
GEODE-4766,True
GEODE-4793,True
GEODE-4777,False
GEODE-4217,True
GEODE-4779,False
GEODE-4781,True
GEODE-4776,False
GEODE-4775,False
GEODE-4764,False
GEODE-4770,True
GEODE-4662,False
GEODE-4780,False
GEODE-4672,False
GEODE-182,False
GEODE-2667,True
GEODE-4696,True
GEODE-4767,True
GEODE-4759,True
GEODE-4765,True
GEODE-4721,True
GEODE-3465,False
GEODE-4401,False
GEODE-4394,False
GEODE-4661,False
GEODE-4762,False
GEODE-4517,False
GEODE-4761,False
GEODE-4182,False
GEODE-4756,True
GEODE-4757,True
GEODE-4734,False
GEODE-4101,True
GEODE-4740,True
GEODE-4746,False
GEODE-3126,False
GEODE-4695,True
GEODE-4362,True
GEODE-4733,False
GEODE-4745,True
GEODE-4725,True
GEODE-4753,True
GEODE-4744,False
GEODE-4743,True
GEODE-4404,False
GEODE-4625,False
GEODE-4406,False
GEODE-3875,False
GEODE-4736,False
GEODE-3915,False
GEODE-4737,False
GEODE-4738,True
GEODE-4675,True
GEODE-2673,True
GEODE-4638,False
GEODE-4704,True
GEODE-4541,False
GEODE-4407,False
GEODE-4559,False
GEODE-3813,True
GEODE-4327,False
GEODE-4722,False
GEODE-4703,True
GEODE-4402,False
GEODE-4691,True
GEODE-4656,False
GEODE-3876,False
GEODE-4690,True
GEODE-4570,False
GEODE-4493,False
GEODE-4464,False
GEODE-4713,False
GEODE-4414,False
GEODE-3928,False
GEODE-4719,False
GEODE-4718,False
GEODE-4717,False
GEODE-4698,True
GEODE-4705,False
GEODE-4678,False
GEODE-4325,False
GEODE-4373,True
GEODE-4686,True
GEODE-4579,False
GEODE-4626,False
GEODE-4628,False
GEODE-4180,True
GEODE-4670,False
GEODE-4671,False
GEODE-4653,False
GEODE-4694,True
GEODE-4467,False
GEODE-4473,False
GEODE-4295,True
GEODE-4633,False
GEODE-4615,True
GEODE-4377,False
GEODE-4476,False
GEODE-4585,False
GEODE-4640,True
GEODE-4655,True
GEODE-4528,False
GEODE-800,True
GEODE-4403,False
GEODE-4649,False
GEODE-4651,True
GEODE-3974,True
GEODE-4645,False
GEODE-3643,False
GEODE-4652,False
GEODE-3921,False
GEODE-3616,False
GEODE-4613,True
GEODE-4642,True
GEODE-4636,False
GEODE-4372,False
GEODE-4629,True
GEODE-4586,False
GEODE-4575,False
GEODE-4566,False
GEODE-4639,True
GEODE-3540,True
GEODE-2569,True
GEODE-4583,False
GEODE-4588,False
GEODE-4320,True
GEODE-4435,True
GEODE-4607,True
GEODE-4573,True
GEODE-4631,True
GEODE-4621,True
GEODE-4353,True
GEODE-4354,False
GEODE-4609,True
GEODE-1758,False
GEODE-4596,False
GEODE-4616,True
GEODE-4618,True
GEODE-4590,False
GEODE-4604,True
GEODE-4392,False
GEODE-4389,True
GEODE-4598,True
GEODE-4499,False
GEODE-4375,True
GEODE-4442,False
GEODE-4487,False
GEODE-4509,False
GEODE-4397,False
GEODE-3966,False
GEODE-4076,True
GEODE-4439,False
GEODE-4270,True
GEODE-3127,False
GEODE-4405,False
GEODE-3800,False
GEODE-3653,False
GEODE-4013,True
GEODE-3834,False
GEODE-4390,True
GEODE-4430,False
GEODE-4432,False
GEODE-4433,False
GEODE-4431,False
GEODE-4429,False
GEODE-4364,False
GEODE-4219,True
GEODE-4380,True
GEODE-4417,True
GEODE-4308,False
GEODE-4438,True
GEODE-4328,False
GEODE-4368,False
GEODE-4149,False
GEODE-4418,True
GEODE-4139,False
GEODE-4374,True
GEODE-4300,True
GEODE-4094,True
GEODE-4142,True
GEODE-4387,False
GEODE-4379,True
GEODE-3738,True
GEODE-4309,True
GEODE-4334,False
GEODE-4329,False
GEODE-4369,False
GEODE-4223,True
GEODE-4370,True
GEODE-4079,True
GEODE-4360,True
GEODE-4061,True
GEODE-4358,True
GEODE-4355,True
GEODE-4365,False
GEODE-4330,False
GEODE-4317,True
GEODE-4315,True
GEODE-4306,True
GEODE-4136,False
GEODE-4138,False
GEODE-3554,False
GEODE-4333,False
GEODE-4332,True
GEODE-4015,True
GEODE-4031,False
GEODE-4307,False
GEODE-4312,True
GEODE-4251,True
GEODE-4275,True
GEODE-427,True
GEODE-4129,True
GEODE-4238,True
GEODE-4304,False
GEODE-4316,False
GEODE-4147,False
GEODE-4305,False
GEODE-4299,False
GEODE-4310,False
GEODE-4285,True
GEODE-4303,True
GEODE-4140,True
GEODE-527,True
GEODE-3745,True
GEODE-4291,False
GEODE-4298,True
GEODE-4294,True
GEODE-4292,True
GEODE-4296,True
GEODE-4290,True
GEODE-4227,False
GEODE-4257,True
GEODE-4144,True
GEODE-4280,True
GEODE-2556,True
GEODE-4293,True
GEODE-4281,True
GEODE-4252,True
GEODE-4286,True
GEODE-4268,False
GEODE-4239,False
GEODE-4246,True
GEODE-4255,True
GEODE-4232,True
GEODE-4236,True
GEODE-3946,True
GEODE-4225,False
GEODE-4241,True
GEODE-3539,False
GEODE-4237,True
GEODE-4016,False
GEODE-4231,True
GEODE-4230,True
GEODE-4131,True
GEODE-4148,False
GEODE-4247,True
GEODE-4192,False
GEODE-4160,True
GEODE-3965,False
GEODE-4051,True
GEODE-4158,True
GEODE-4221,True
GEODE-4135,True
GEODE-4229,True
GEODE-4177,True
GEODE-4184,True
GEODE-4165,True
GEODE-4096,True
GEODE-4193,True
GEODE-4191,True
GEODE-4161,True
GEODE-4009,False
GEODE-4113,False
GEODE-3861,True
GEODE-4185,False
GEODE-4178,True
GEODE-4176,True
GEODE-4146,True
GEODE-4008,True
GEODE-4122,True
GEODE-4092,False
GEODE-4168,True
GEODE-4170,False
GEODE-4097,True
GEODE-4175,True
GEODE-4163,True
GEODE-3764,False
GEODE-4132,True
GEODE-4087,True
GEODE-4145,False
GEODE-4154,False
GEODE-4159,True
GEODE-4030,True
GEODE-2665,False
GEODE-4133,True
GEODE-4134,True
GEODE-4077,True
GEODE-4114,False
GEODE-4137,False
GEODE-4112,True
GEODE-551,True
GEODE-4124,True
GEODE-4080,False
GEODE-3788,False
GEODE-4117,False
GEODE-4127,True
GEODE-4054,False
GEODE-4093,True
GEODE-4088,True
GEODE-4106,True
GEODE-4111,False
GEODE-4090,False
GEODE-4109,False
GEODE-4047,False
GEODE-4084,False
GEODE-3923,False
GEODE-4103,False
GEODE-2296,True
GEODE-3799,False
GEODE-4099,True
GEODE-4083,True
GEODE-4070,True
GEODE-3956,False
GEODE-4091,True
GEODE-4085,True
GEODE-4081,False
GEODE-3869,False
GEODE-4078,False
GEODE-3929,False
GEODE-3063,True
GEODE-3964,True
GEODE-4072,True
GEODE-4074,True
GEODE-4042,True
GEODE-4073,False
GEODE-3976,False
GEODE-3637,True
GEODE-4059,False
GEODE-4068,True
GEODE-3241,False
GEODE-3622,False
GEODE-4053,False
GEODE-4007,True
GEODE-3955,False
GEODE-4058,True
GEODE-3683,True
GEODE-4049,True
GEODE-4033,True
GEODE-4029,True
GEODE-4035,True
GEODE-1683,True
GEODE-4000,True
GEODE-1897,False
GEODE-4023,False
GEODE-3987,True
GEODE-4011,True
GEODE-3242,False
GEODE-4014,True
GEODE-3969,True
GEODE-4002,False
GEODE-3038,True
GEODE-3962,True
GEODE-2567,False
GEODE-3995,False
GEODE-3999,True
GEODE-3980,True
GEODE-2676,True
GEODE-3341,False
GEODE-3982,True
GEODE-3985,True
GEODE-3761,True
GEODE-3940,True
GEODE-1920,True
GEODE-3007,False
GEODE-3938,False
GEODE-3979,True
GEODE-3978,True
GEODE-1019,True
GEODE-3935,True
GEODE-3920,False
GEODE-3961,True
GEODE-3898,True
GEODE-3973,True
GEODE-2565,False
GEODE-3951,True
GEODE-3970,True
GEODE-3872,False
GEODE-3592,False
GEODE-3593,False
GEODE-3594,False
GEODE-3595,False
GEODE-3596,False
GEODE-3597,False
GEODE-3598,False
GEODE-3599,False
GEODE-3963,False
GEODE-3601,False
GEODE-3591,False
GEODE-3335,True
GEODE-3957,False
GEODE-3801,False
GEODE-2566,False
GEODE-3930,False
GEODE-3953,True
GEODE-3952,False
GEODE-3870,False
GEODE-3947,True
GEODE-3941,True
GEODE-3895,False
GEODE-3936,True
GEODE-3933,True
GEODE-3894,False
GEODE-3338,False
GEODE-3919,True
GEODE-3902,True
GEODE-3190,True
GEODE-3899,True
GEODE-3901,True
GEODE-3913,True
GEODE-3909,True
GEODE-3914,False
GEODE-3896,True
GEODE-3910,True
GEODE-3908,True
GEODE-3903,False
GEODE-3843,True
GEODE-3299,True
GEODE-3705,False
GEODE-3880,True
GEODE-3815,True
GEODE-3520,True
GEODE-1036,True
GEODE-1319,True
GEODE-3885,True
GEODE-3245,False
GEODE-3882,True
GEODE-3871,True
GEODE-1772,True
GEODE-3521,False
GEODE-3810,True
GEODE-3345,False
GEODE-3830,False
GEODE-3859,False
GEODE-3873,True
GEODE-3719,False
GEODE-3847,False
GEODE-3866,False
GEODE-3068,False
GEODE-3864,False
GEODE-3739,False
GEODE-3026,True
GEODE-3701,False
GEODE-3538,False
GEODE-3857,True
GEODE-3708,True
GEODE-3614,True
GEODE-3841,True
GEODE-2405,False
GEODE-3819,False
GEODE-2563,False
GEODE-3727,False
GEODE-3784,True
GEODE-3798,False
GEODE-3774,True
GEODE-3846,True
GEODE-3827,True
GEODE-3838,False
GEODE-3837,False
GEODE-2046,True
GEODE-3500,True
GEODE-3716,False
GEODE-1568,True
GEODE-3829,False
GEODE-3828,False
GEODE-3826,True
GEODE-3792,False
GEODE-3825,False
GEODE-3797,False
GEODE-3805,True
GEODE-3791,False
GEODE-3445,False
GEODE-3808,True
GEODE-1176,True
GEODE-3685,True
GEODE-3247,True
GEODE-3802,False
GEODE-3796,True
GEODE-3803,True
GEODE-3131,True
GEODE-3740,True
GEODE-3722,True
GEODE-3714,False
GEODE-3751,False
GEODE-3785,True
GEODE-1290,True
GEODE-3244,False
GEODE-3743,True
GEODE-3787,True
GEODE-3790,False
GEODE-3763,False
GEODE-3786,True
GEODE-3762,False
GEODE-3775,False
GEODE-3773,True
GEODE-3612,True
GEODE-3746,True
GEODE-1998,False
GEODE-1698,True
GEODE-3779,False
GEODE-3378,False
GEODE-3777,True
GEODE-3753,False
GEODE-3755,True
GEODE-3742,True
GEODE-3096,False
GEODE-3679,True
GEODE-3736,True
GEODE-3760,True
GEODE-3695,False
GEODE-3687,True
GEODE-2817,False
GEODE-3567,True
GEODE-3747,False
GEODE-3542,True
GEODE-3703,False
GEODE-3750,True
GEODE-3744,True
GEODE-3723,True
GEODE-3749,True
GEODE-3621,True
GEODE-3732,True
GEODE-3730,True
GEODE-3712,True
GEODE-3441,True
GEODE-3673,True
GEODE-3275,False
GEODE-3647,True
GEODE-3715,False
GEODE-3628,True
GEODE-3721,True
GEODE-3713,True
GEODE-3699,False
GEODE-3717,True
GEODE-3273,False
GEODE-3710,False
GEODE-3620,True
GEODE-3684,True
GEODE-3707,True
GEODE-3640,True
GEODE-3704,True
GEODE-1706,True
GEODE-3578,True
GEODE-3686,True
GEODE-3702,False
GEODE-3187,True
GEODE-3495,False
GEODE-3473,False
GEODE-3269,False
GEODE-3678,True
GEODE-3680,True
GEODE-3083,False
GEODE-3546,False
GEODE-3618,False
GEODE-3080,False
GEODE-3606,False
GEODE-3482,False
GEODE-3481,False
GEODE-3480,False
GEODE-3479,False
GEODE-3478,False
GEODE-3477,False
GEODE-3476,False
GEODE-3672,True
GEODE-3638,True
GEODE-3340,True
GEODE-3552,False
GEODE-2788,False
GEODE-3569,False
GEODE-3590,True
GEODE-3629,True
GEODE-3609,False
GEODE-3548,False
GEODE-3626,True
GEODE-2818,False
GEODE-2719,False
GEODE-3619,True
GEODE-3636,True
GEODE-3545,False
GEODE-3553,True
GEODE-3426,True
GEODE-3623,False
GEODE-3180,True
GEODE-3082,False
GEODE-3615,True
GEODE-3185,True
GEODE-3079,True
GEODE-3562,True
GEODE-3544,True
GEODE-3579,False
GEODE-3580,True
GEODE-3240,False
GEODE-3587,False
GEODE-3543,False
GEODE-3586,True
GEODE-3283,False
GEODE-3277,True
GEODE-3557,True
GEODE-3449,True
GEODE-3249,True
GEODE-3555,True
GEODE-3566,True
GEODE-3274,True
GEODE-3331,True
GEODE-3581,True
GEODE-3575,True
GEODE-3568,True
GEODE-3516,True
GEODE-3316,True
GEODE-3556,True
GEODE-3514,False
GEODE-3550,False
GEODE-3059,True
GEODE-3547,False
GEODE-3549,True
GEODE-3525,True
GEODE-3330,False
GEODE-2859,True
GEODE-3472,False
GEODE-3502,True
GEODE-3404,True
GEODE-3529,False
GEODE-3519,True
GEODE-3515,True
GEODE-3385,False
GEODE-3436,True
GEODE-3448,False
GEODE-3447,False
GEODE-3508,False
GEODE-3527,True
GEODE-3513,True
GEODE-3522,True
GEODE-3512,True
GEODE-3164,True
GEODE-3510,True
GEODE-2842,True
GEODE-3506,True
GEODE-3503,False
GEODE-3461,True
GEODE-3408,True
GEODE-3409,True
GEODE-3395,False
GEODE-3276,True
GEODE-3507,True
GEODE-3184,False
GEODE-3504,False
GEODE-3047,True
GEODE-3406,False
GEODE-3306,True
GEODE-3471,True
GEODE-3474,False
GEODE-3469,True
GEODE-3430,True
GEODE-3470,True
GEODE-2708,False
GEODE-3217,True
GEODE-3410,True
GEODE-3314,True
GEODE-3393,True
GEODE-3235,True
GEODE-3313,False
GEODE-3055,True
GEODE-3169,False
GEODE-3434,True
GEODE-3444,True
GEODE-3437,True
GEODE-3329,False
GEODE-2886,True
GEODE-3427,True
GEODE-3383,False
GEODE-3328,True
GEODE-3412,False
GEODE-3386,False
GEODE-3423,False
GEODE-3402,False
GEODE-3435,True
GEODE-3264,False
GEODE-3259,False
GEODE-3254,False
GEODE-3403,False
GEODE-3262,False
GEODE-3260,False
GEODE-3258,False
GEODE-3337,False
GEODE-3265,False
GEODE-3261,False
GEODE-3267,False
GEODE-3270,False
GEODE-3268,False
GEODE-3266,False
GEODE-3257,False
GEODE-3255,False
GEODE-3230,False
GEODE-3300,True
GEODE-3304,True
GEODE-3413,False
GEODE-3396,False
GEODE-3397,True
GEODE-3111,True
GEODE-2226,True
GEODE-3292,True
GEODE-3407,True
GEODE-3073,False
GEODE-3387,True
GEODE-3321,False
GEODE-3307,True
GEODE-3286,True
GEODE-3379,True
GEODE-3305,True
GEODE-3308,False
GEODE-3380,True
GEODE-3384,True
GEODE-3028,False
GEODE-3319,False
GEODE-3284,False
GEODE-1359,False
GEODE-3339,True
GEODE-3315,True
GEODE-3333,True
GEODE-3256,False
GEODE-3324,False
GEODE-3317,True
GEODE-2971,True
GEODE-3326,True
GEODE-3030,True
GEODE-2924,False
GEODE-3310,True
GEODE-231,False
GEODE-3301,True
GEODE-3231,True
GEODE-3192,False
GEODE-3271,False
GEODE-2936,True
GEODE-3290,False
GEODE-3253,False
GEODE-3291,True
GEODE-2654,False
GEODE-3312,False
GEODE-3296,False
GEODE-240,False
GEODE-2986,True
GEODE-3097,True
GEODE-3031,False
GEODE-3115,True
GEODE-3175,True
GEODE-3049,False
GEODE-3214,True
GEODE-393,False
GEODE-2900,True
GEODE-3213,False
GEODE-3206,True
GEODE-3112,True
GEODE-3090,True
GEODE-3208,True
GEODE-3108,False
GEODE-3156,False
GEODE-3113,True
GEODE-3272,True
GEODE-2707,False
GEODE-2920,False
GEODE-3232,True
GEODE-3141,False
GEODE-2860,False
GEODE-3166,True
GEODE-3207,False
GEODE-2189,True
GEODE-2601,True
GEODE-3204,True
GEODE-3052,True
GEODE-3170,True
GEODE-3051,False
GEODE-2612,False
GEODE-2594,False
GEODE-3198,False
GEODE-3203,True
GEODE-2997,False
GEODE-3128,False
GEODE-1988,True
GEODE-3179,True
GEODE-3194,True
GEODE-3178,True
GEODE-3181,False
GEODE-1731,True
GEODE-3121,False
GEODE-2998,False
GEODE-2901,False
GEODE-3172,True
GEODE-3177,True
GEODE-3153,True
GEODE-3109,False
GEODE-3015,True
GEODE-3105,False
GEODE-3150,True
GEODE-3129,False
GEODE-3117,True
GEODE-3167,True
GEODE-2991,True
GEODE-3139,True
GEODE-2804,False
GEODE-3157,True
GEODE-3152,True
GEODE-3098,True
GEODE-3147,True
GEODE-3154,True
GEODE-3140,True
GEODE-2018,False
GEODE-3146,True
GEODE-3145,False
GEODE-3103,False
GEODE-3132,True
GEODE-3072,True
GEODE-2996,False
GEODE-3130,True
GEODE-2919,True
GEODE-1958,True
GEODE-3075,False
GEODE-2995,False
GEODE-2819,True
GEODE-3062,True
GEODE-3101,True
GEODE-2820,False
GEODE-2861,False
GEODE-3104,True
GEODE-3092,True
GEODE-3095,True
GEODE-3056,True
GEODE-3091,False
GEODE-3071,False
GEODE-2854,False
GEODE-2301,False
GEODE-2632,True
GEODE-3070,True
GEODE-3060,False
GEODE-2558,False
GEODE-2629,False
GEODE-2626,False
GEODE-2628,False
GEODE-2622,False
GEODE-3024,True
GEODE-3023,True
GEODE-2294,True
GEODE-3048,True
GEODE-3066,True
GEODE-2928,True
GEODE-290,False
GEODE-2925,False
GEODE-3065,True
GEODE-3021,True
GEODE-3042,False
GEODE-2420,False
GEODE-2933,False
GEODE-3044,False
GEODE-3025,True
GEODE-3054,True
GEODE-3043,True
GEODE-3041,True
GEODE-3029,True
GEODE-3032,True
GEODE-3050,True
GEODE-3027,False
GEODE-194,True
GEODE-2555,True
GEODE-3040,True
GEODE-3034,True
GEODE-2908,True
GEODE-3033,True
GEODE-2981,False
GEODE-1672,True
GEODE-265,False
GEODE-269,False
GEODE-2947,True
GEODE-2661,True
GEODE-2892,False
GEODE-3018,True
GEODE-3014,True
GEODE-2966,False
GEODE-2989,False
GEODE-2983,True
GEODE-3006,True
GEODE-3011,True
GEODE-2994,False
GEODE-2967,True
GEODE-3002,True
GEODE-3000,False
GEODE-2975,True
GEODE-2957,True
GEODE-2974,True
GEODE-2952,True
GEODE-2941,True
GEODE-2960,True
GEODE-2951,True
GEODE-2939,True
GEODE-2950,True
GEODE-2993,True
GEODE-2977,True
GEODE-2944,True
GEODE-2954,True
GEODE-2913,True
GEODE-2955,True
GEODE-2958,True
GEODE-1994,True
GEODE-2970,True
GEODE-2964,True
GEODE-2961,True
GEODE-2943,True
GEODE-2918,True
GEODE-2956,True
GEODE-2916,True
GEODE-1597,True
GEODE-2959,True
GEODE-2929,False
GEODE-1930,True
GEODE-2662,True
GEODE-2938,True
GEODE-2937,True
GEODE-2874,True
GEODE-2875,True
GEODE-2927,True
GEODE-2587,True
GEODE-2934,False
GEODE-2914,True
GEODE-2836,False
GEODE-2915,True
GEODE-2912,True
GEODE-2865,True
GEODE-2787,True
GEODE-2853,False
GEODE-2905,True
GEODE-2876,True
GEODE-2880,True
GEODE-2890,True
GEODE-2637,True
GEODE-237,False
GEODE-254,False
GEODE-1130,True
GEODE-11,False
GEODE-2907,True
GEODE-2909,True
GEODE-2883,True
GEODE-2812,False
GEODE-2897,False
GEODE-1775,True
GEODE-2898,True
GEODE-2902,True
GEODE-2866,False
GEODE-2895,True
GEODE-2889,True
GEODE-236,False
GEODE-2896,True
GEODE-1728,True
GEODE-2754,True
GEODE-2879,True
GEODE-2738,False
GEODE-2887,False
GEODE-2884,True
GEODE-2858,False
GEODE-2815,True
GEODE-2352,False
GEODE-2882,True
GEODE-2881,True
GEODE-2824,True
GEODE-2776,True
GEODE-1996,True
GEODE-2870,True
GEODE-2852,True
GEODE-2837,True
GEODE-2864,True
GEODE-2847,True
GEODE-2828,True
GEODE-2830,True
GEODE-2825,True
GEODE-2778,False
GEODE-2843,True
GEODE-2857,False
GEODE-2823,True
GEODE-2840,True
GEODE-2795,True
GEODE-2723,False
GEODE-2811,True
GEODE-2801,True
GEODE-2816,True
GEODE-2821,False
GEODE-2802,True
GEODE-2689,True
GEODE-2681,True
GEODE-253,False
GEODE-255,False
GEODE-260,False
GEODE-266,False
GEODE-2398,True
GEODE-1228,True
GEODE-2752,True
GEODE-267,False
GEODE-289,False
GEODE-2785,True
GEODE-2809,False
GEODE-2097,True
GEODE-2808,True
GEODE-2799,True
GEODE-2806,True
GEODE-576,True
GEODE-728,False
GEODE-2796,True
GEODE-510,True
GEODE-2605,True
GEODE-2103,False
GEODE-2653,True
GEODE-2703,True
GEODE-2768,True
GEODE-2290,False
GEODE-2775,True
GEODE-2770,False
GEODE-2686,False
GEODE-2705,True
GEODE-2730,False
GEODE-2764,True
GEODE-2647,True
GEODE-2762,True
GEODE-2777,False
GEODE-2773,True
GEODE-2193,True
GEODE-2217,True
GEODE-2745,True
GEODE-1577,True
GEODE-2737,True
GEODE-2694,True
GEODE-2725,False
GEODE-2485,True
GEODE-2765,True
GEODE-2767,False
GEODE-1274,True
GEODE-2757,True
GEODE-2732,True
GEODE-2756,False
GEODE-2716,False
GEODE-2684,False
GEODE-2749,False
GEODE-2751,True
GEODE-2750,True
GEODE-2748,True
GEODE-2638,True
GEODE-2404,False
GEODE-2619,True
GEODE-2640,True
GEODE-2670,True
GEODE-2690,True
GEODE-2720,True
GEODE-2472,False
GEODE-2395,True
GEODE-2535,True
GEODE-2671,True
GEODE-2704,True
GEODE-2634,False
GEODE-688,True
GEODE-2679,True
GEODE-2692,True
GEODE-2683,True
GEODE-2649,True
GEODE-2674,True
GEODE-2672,True
GEODE-2648,True
GEODE-2536,False
GEODE-2655,True
GEODE-2645,False
GEODE-2379,False
GEODE-2599,True
GEODE-2641,True
GEODE-2522,False
GEODE-2639,True
GEODE-2643,True
GEODE-2303,False
GEODE-2267,False
GEODE-2633,True
GEODE-2539,True
GEODE-2548,False
GEODE-1793,True
GEODE-2635,True
GEODE-2595,False
GEODE-2620,True
GEODE-2618,True
GEODE-2642,True
GEODE-1195,True
GEODE-1969,True
GEODE-2576,False
GEODE-2592,False
GEODE-2617,True
GEODE-2553,True
GEODE-2616,True
GEODE-2614,True
GEODE-2621,True
GEODE-2579,True
GEODE-2593,True
GEODE-2591,False
GEODE-2604,True
GEODE-2596,True
GEODE-2488,True
GEODE-2416,False
GEODE-2568,True
GEODE-2590,True
GEODE-2589,True
GEODE-2560,True
GEODE-2571,True
GEODE-2541,True
GEODE-2572,True
GEODE-2562,True
GEODE-2561,True
GEODE-2551,True
GEODE-2538,False
GEODE-2461,False
GEODE-2547,True
GEODE-2526,False
GEODE-880,False
GEODE-2460,False
GEODE-1995,False
GEODE-2550,False
GEODE-2545,True
GEODE-2515,True
GEODE-2142,True
GEODE-1887,False
GEODE-2428,False
GEODE-2543,False
GEODE-2507,False
GEODE-2489,True
GEODE-2534,True
GEODE-2530,True
GEODE-2497,True
GEODE-2491,True
GEODE-2457,False
GEODE-2523,False
GEODE-2529,False
GEODE-52,True
GEODE-2514,False
GEODE-2520,False
GEODE-2029,False
GEODE-2490,True
GEODE-2402,True
GEODE-2498,True
GEODE-2496,True
GEODE-2052,False
GEODE-2481,False
GEODE-2474,True
GEODE-2471,True
GEODE-2479,True
GEODE-2475,False
GEODE-1716,True
GEODE-2459,True
GEODE-2454,True
GEODE-2198,False
GEODE-2433,True
GEODE-2458,True
GEODE-2456,True
GEODE-2429,True
GEODE-2324,True
GEODE-2455,True
GEODE-2247,True
GEODE-2422,False
GEODE-2400,False
GEODE-2437,False
GEODE-2430,False
GEODE-2411,True
GEODE-2434,True
GEODE-1434,False
GEODE-2403,True
GEODE-2314,True
GEODE-2432,True
GEODE-2369,True
GEODE-2206,False
GEODE-2431,False
GEODE-2421,False
GEODE-1435,False
GEODE-2386,True
GEODE-2409,False
GEODE-2172,True
GEODE-2227,True
GEODE-2269,False
GEODE-2410,True
GEODE-2372,True
GEODE-2317,False
GEODE-2365,False
GEODE-2414,False
GEODE-2329,False
GEODE-2406,True
GEODE-2384,True
GEODE-2368,True
GEODE-2250,True
GEODE-2344,True
GEODE-2394,True
GEODE-2393,False
GEODE-1276,False
GEODE-1965,False
GEODE-2367,True
GEODE-2308,False
GEODE-2370,True
GEODE-2325,True
GEODE-2342,False
GEODE-2351,False
GEODE-2373,True
GEODE-2298,True
GEODE-2282,True
GEODE-2343,False
GEODE-2346,False
GEODE-2300,False
GEODE-2353,False
GEODE-2354,True
GEODE-2230,False
GEODE-2340,False
GEODE-2313,True
GEODE-2137,False
GEODE-2333,True
GEODE-2316,True
GEODE-2297,True
GEODE-2319,True
GEODE-2332,False
GEODE-2240,True
GEODE-2311,False
GEODE-2326,False
GEODE-2199,False
GEODE-2273,True
GEODE-2733,True
GEODE-1733,True
GEODE-2293,True
GEODE-2277,True
GEODE-2309,False
GEODE-2306,False
GEODE-2003,True
GEODE-2260,False
GEODE-2261,False
GEODE-2031,False
GEODE-2307,False
GEODE-2310,True
GEODE-2272,True
GEODE-2305,False
GEODE-2194,True
GEODE-1114,False
GEODE-2236,True
GEODE-523,False
GEODE-2049,True
GEODE-2287,True
GEODE-209,True
GEODE-2138,True
GEODE-2279,True
GEODE-2274,True
GEODE-958,True
GEODE-2288,True
GEODE-2280,True
GEODE-2278,True
GEODE-1155,True
GEODE-2286,True
GEODE-2285,True
GEODE-2239,True
GEODE-2271,True
GEODE-1165,True
GEODE-1657,True
GEODE-2016,True
GEODE-2155,True
GEODE-2241,True
GEODE-1294,True
GEODE-165,True
GEODE-2253,True
GEODE-1580,True
GEODE-2197,False
GEODE-2257,True
GEODE-2216,True
GEODE-2258,True
GEODE-2259,False
GEODE-2233,True
GEODE-2252,False
GEODE-2251,False
GEODE-419,True
GEODE-2243,False
GEODE-2235,False
GEODE-2099,True
GEODE-2242,True
GEODE-2234,True
GEODE-2238,True
GEODE-2109,True
GEODE-2215,True
GEODE-1943,True
GEODE-77,True
GEODE-1893,False
GEODE-2119,True
GEODE-2167,True
GEODE-2188,True
GEODE-2207,True
GEODE-1272,True
GEODE-2228,True
GEODE-2224,True
GEODE-2177,True
GEODE-2213,True
GEODE-1550,True
GEODE-1541,False
GEODE-2212,True
GEODE-2196,False
GEODE-2209,False
GEODE-2214,True
GEODE-789,True
GEODE-2183,True
GEODE-2208,False
GEODE-2061,False
GEODE-105,True
GEODE-1974,True
GEODE-1975,True
GEODE-1977,True
GEODE-1333,True
GEODE-1334,True
GEODE-1027,False
GEODE-2204,True
GEODE-2098,False
GEODE-2201,False
GEODE-2186,True
GEODE-1984,False
GEODE-2175,True
GEODE-2192,True
GEODE-2190,True
GEODE-1835,True
GEODE-734,False
GEODE-2112,True
GEODE-2179,True
GEODE-2004,True
GEODE-2092,True
GEODE-2187,True
GEODE-2185,True
GEODE-2182,True
GEODE-1831,True
GEODE-1862,True
GEODE-2164,True
GEODE-2156,False
GEODE-2174,True
GEODE-2180,False
GEODE-2178,False
GEODE-2163,True
GEODE-2124,True
GEODE-2123,True
GEODE-2095,True
GEODE-2161,True
GEODE-2176,True
GEODE-2146,False
GEODE-1978,True
GEODE-2153,False
GEODE-2141,False
GEODE-2129,True
GEODE-1931,True
GEODE-1740,True
GEODE-2159,True
GEODE-2158,True
GEODE-2157,True
GEODE-1594,True
GEODE-2011,True
GEODE-1955,True
GEODE-2147,True
GEODE-224,True
GEODE-1509,False
GEODE-1122,True
GEODE-2139,False
GEODE-2135,True
GEODE-2136,True
GEODE-2125,True
GEODE-2133,True
GEODE-2117,True
GEODE-2121,False
GEODE-2127,False
GEODE-1989,True
GEODE-2120,True
GEODE-2126,True
GEODE-2107,True
GEODE-2100,True
GEODE-2114,False
GEODE-2073,True
GEODE-2104,True
GEODE-1247,True
GEODE-1617,True
GEODE-2110,False
GEODE-2088,True
GEODE-2101,False
GEODE-2105,False
GEODE-2102,True
GEODE-2074,True
GEODE-2078,True
GEODE-2094,True
GEODE-2080,True
GEODE-2091,True
GEODE-1993,False
GEODE-2089,True
GEODE-2084,True
GEODE-1785,True
GEODE-2090,True
GEODE-1808,True
GEODE-1570,True
GEODE-2014,False
GEODE-2068,False
GEODE-2005,True
GEODE-2070,False
GEODE-2082,True
GEODE-2077,True
GEODE-1971,True
GEODE-2063,True
GEODE-2064,True
GEODE-1874,True
GEODE-2017,True
GEODE-2079,True
GEODE-1985,True
GEODE-1821,True
GEODE-2072,True
GEODE-2071,True
GEODE-2013,True
GEODE-2065,False
GEODE-2060,False
GEODE-1932,True
GEODE-2062,False
GEODE-2051,True
GEODE-2050,False
GEODE-2028,True
GEODE-2047,False
GEODE-2012,True
GEODE-2045,True
GEODE-2044,False
GEODE-2034,False
GEODE-1098,True
GEODE-2043,True
GEODE-1912,True
GEODE-2030,True
GEODE-1983,True
GEODE-2027,True
GEODE-2000,True
GEODE-2040,False
GEODE-17,False
GEODE-2024,True
GEODE-2036,True
GEODE-2026,True
GEODE-2023,False
GEODE-2015,False
GEODE-2025,True
GEODE-502,True
GEODE-706,True
GEODE-2021,True
GEODE-2020,False
GEODE-2019,False
GEODE-2022,True
GEODE-388,False
GEODE-1959,False
GEODE-538,True
GEODE-1927,True
GEODE-1353,True
GEODE-2007,True
GEODE-2009,True
GEODE-2006,True
GEODE-1883,False
GEODE-1952,False
GEODE-1466,False
GEODE-1981,True
GEODE-1991,True
GEODE-1999,True
GEODE-999,False
GEODE-1532,True
GEODE-1966,True
GEODE-1979,True
GEODE-1986,True
GEODE-1180,True
GEODE-1586,True
GEODE-1962,True
GEODE-1967,True
GEODE-1972,False
GEODE-1926,True
GEODE-1956,True
GEODE-1973,True
GEODE-1914,True
GEODE-136,True
GEODE-1968,False
GEODE-1938,True
GEODE-420,True
GEODE-1902,False
GEODE-1148,True
GEODE-1364,True
GEODE-1804,True
GEODE-1147,True
GEODE-1384,True
GEODE-1963,False
GEODE-1957,True
GEODE-1907,True
GEODE-1548,True
GEODE-1949,True
GEODE-1675,False
GEODE-1921,True
GEODE-1944,True
GEODE-1947,False
GEODE-1941,False
GEODE-1945,False
GEODE-1659,False
GEODE-1937,True
GEODE-1769,True
GEODE-1939,True
GEODE-1940,True
GEODE-1885,True
GEODE-1801,True
GEODE-1934,True
GEODE-1894,True
GEODE-1915,True
GEODE-1906,True
GEODE-37,False
GEODE-1909,True
GEODE-1864,True
GEODE-1903,False
GEODE-1128,True
GEODE-1925,True
GEODE-1791,True
GEODE-1513,True
GEODE-1860,True
GEODE-1524,False
GEODE-1905,False
GEODE-1908,True
GEODE-1886,True
GEODE-1899,False
GEODE-599,True
GEODE-1648,False
GEODE-1898,True
GEODE-1644,True
GEODE-1872,True
GEODE-762,True
GEODE-1817,False
GEODE-1840,True
GEODE-1873,True
GEODE-1881,True
GEODE-1809,False
GEODE-1880,True
GEODE-1777,True
GEODE-1863,True
GEODE-1792,False
GEODE-1836,True
GEODE-1834,True
GEODE-1828,True
GEODE-1820,True
GEODE-1838,False
GEODE-1832,False
GEODE-1774,True
GEODE-1805,True
GEODE-1818,True
GEODE-1833,True
GEODE-1819,True
GEODE-1372,False
GEODE-900,True
GEODE-1830,True
GEODE-1812,True
GEODE-1770,True
GEODE-1803,True
GEODE-1569,False
GEODE-1816,True
GEODE-1699,True
GEODE-1813,True
GEODE-1814,True
GEODE-1811,True
GEODE-1810,True
GEODE-1711,True
GEODE-1768,True
GEODE-1066,True
GEODE-1800,True
GEODE-1761,True
GEODE-1799,True
GEODE-1781,False
GEODE-1782,True
GEODE-1776,True
GEODE-1760,True
GEODE-67,True
GEODE-1691,True
GEODE-1784,False
GEODE-1714,True
GEODE-1745,True
GEODE-1241,False
GEODE-1744,True
GEODE-1673,True
GEODE-1759,False
GEODE-1755,False
GEODE-225,False
GEODE-1756,False
GEODE-1743,False
GEODE-1583,True
GEODE-1742,True
GEODE-1715,True
GEODE-1726,True
GEODE-1676,True
GEODE-1467,False
GEODE-1727,True
GEODE-1712,False
GEODE-1718,True
GEODE-1713,True
GEODE-1724,True
GEODE-977,True
GEODE-1317,True
GEODE-1723,True
GEODE-1722,False
GEODE-1645,True
GEODE-1682,False
GEODE-1666,False
GEODE-1207,True
GEODE-933,True
GEODE-1643,False
GEODE-64,False
GEODE-1011,True
GEODE-1671,True
GEODE-1062,True
GEODE-1032,True
GEODE-1121,True
GEODE-1678,True
GEODE-1687,True
GEODE-1701,False
GEODE-1619,True
GEODE-1700,True
GEODE-1385,True
GEODE-1674,True
GEODE-1695,False
GEODE-1696,False
GEODE-1692,True
GEODE-1694,False
GEODE-1669,True
GEODE-1677,True
GEODE-1420,True
GEODE-1685,True
GEODE-1680,False
GEODE-1647,False
GEODE-1571,False
GEODE-746,True
GEODE-1612,True
GEODE-1590,True
GEODE-1668,True
GEODE-1667,False
GEODE-1665,True
GEODE-1664,True
GEODE-1600,True
GEODE-1660,False
GEODE-1654,True
GEODE-1656,True
GEODE-1639,True
GEODE-1587,True
GEODE-1646,False
GEODE-1642,True
GEODE-1598,True
GEODE-1649,True
GEODE-1452,False
GEODE-1588,True
GEODE-1614,True
GEODE-1641,True
GEODE-33,False
GEODE-1525,True
GEODE-1531,True
GEODE-1566,False
GEODE-1302,True
GEODE-1613,True
GEODE-1558,True
GEODE-1640,True
GEODE-1631,True
GEODE-1593,True
GEODE-1615,True
GEODE-1610,True
GEODE-1582,True
GEODE-1573,False
GEODE-1377,True
GEODE-1576,False
GEODE-1374,False
GEODE-1339,False
GEODE-1599,True
GEODE-1607,True
GEODE-1551,True
GEODE-1751,True
GEODE-1546,True
GEODE-1574,True
GEODE-1209,True
GEODE-1494,False
GEODE-1575,True
GEODE-1565,True
GEODE-1572,False
GEODE-1549,True
GEODE-117,True
GEODE-1557,True
GEODE-1560,True
GEODE-1567,True
GEODE-1493,True
GEODE-985,True
GEODE-1563,False
GEODE-835,True
GEODE-1559,False
GEODE-1349,True
GEODE-1556,False
GEODE-1487,True
GEODE-68,True
GEODE-1521,True
GEODE-1544,True
GEODE-1543,True
GEODE-1542,True
GEODE-1547,False
GEODE-1470,False
GEODE-1421,True
GEODE-1545,False
GEODE-1443,True
GEODE-1514,True
GEODE-1540,True
GEODE-1517,True
GEODE-1508,True
GEODE-1422,True
GEODE-1528,True
GEODE-1527,True
GEODE-1416,False
GEODE-1516,False
GEODE-837,True
GEODE-745,True
GEODE-1495,True
GEODE-986,True
GEODE-744,True
GEODE-1464,False
GEODE-1498,True
GEODE-1491,True
GEODE-1471,True
GEODE-1331,True
GEODE-308,True
GEODE-1468,True
GEODE-1469,True
GEODE-1450,False
GEODE-1463,True
GEODE-1185,True
GEODE-1400,True
GEODE-1316,False
GEODE-1454,False
GEODE-1455,False
GEODE-1267,True
GEODE-1460,True
GEODE-1456,True
GEODE-1451,False
GEODE-748,False
GEODE-1296,True
GEODE-1458,True
GEODE-1428,True
GEODE-1425,True
GEODE-1453,True
GEODE-1413,True
GEODE-1410,True
GEODE-1389,True
GEODE-1426,False
GEODE-1424,True
GEODE-1417,False
GEODE-1367,True
GEODE-1431,True
GEODE-695,True
GEODE-1146,True
GEODE-1427,True
GEODE-1246,True
GEODE-1414,True
GEODE-1415,True
GEODE-1407,True
GEODE-988,True
GEODE-1243,False
GEODE-1397,True
GEODE-1412,True
GEODE-1352,True
GEODE-1391,True
GEODE-1387,True
GEODE-1292,True
GEODE-357,True
GEODE-1378,True
GEODE-1133,False
GEODE-1293,False
GEODE-1392,False
GEODE-1344,True
GEODE-1405,True
GEODE-1256,False
GEODE-1401,True
GEODE-1402,True
GEODE-1351,True
GEODE-1222,True
GEODE-1252,True
GEODE-1393,True
GEODE-493,True
GEODE-1390,False
GEODE-430,True
GEODE-732,True
GEODE-1350,True
GEODE-1376,True
GEODE-1327,True
GEODE-1203,True
GEODE-1224,True
GEODE-1375,True
GEODE-951,True
GEODE-1153,True
GEODE-1371,False
GEODE-1380,True
GEODE-1330,True
GEODE-1289,True
GEODE-1379,False
GEODE-1356,True
GEODE-248,False
GEODE-1282,True
GEODE-1370,True
GEODE-699,True
GEODE-1360,True
GEODE-1373,True
GEODE-364,True
GEODE-1369,False
GEODE-1260,True
GEODE-1139,True
GEODE-1234,True
GEODE-596,True
GEODE-1340,True
GEODE-1346,True
GEODE-1255,False
GEODE-1183,True
GEODE-625,True
GEODE-641,False
GEODE-613,True
GEODE-1347,True
GEODE-656,True
GEODE-1028,True
GEODE-558,True
GEODE-1288,True
GEODE-1278,True
GEODE-1329,True
GEODE-1240,True
GEODE-1259,True
GEODE-1323,False
GEODE-1326,False
GEODE-1324,False
GEODE-1321,True
GEODE-1262,False
GEODE-710,True
GEODE-935,True
GEODE-1059,False
GEODE-1258,True
GEODE-1072,False
GEODE-1311,True
GEODE-1238,True
GEODE-1304,True
GEODE-54,False
GEODE-1237,True
GEODE-1271,True
GEODE-1197,True
GEODE-1150,True
GEODE-1188,True
GEODE-1164,True
GEODE-1265,True
GEODE-1264,True
GEODE-1263,True
GEODE-1227,True
GEODE-1268,True
GEODE-1266,True
GEODE-1244,False
GEODE-1215,True
GEODE-1236,True
GEODE-1233,False
GEODE-1257,False
GEODE-1220,False
GEODE-1044,True
GEODE-978,True
GEODE-1190,True
GEODE-1125,True
GEODE-1174,True
GEODE-840,True
GEODE-336,True
GEODE-1231,False
GEODE-1162,False
GEODE-1226,False
GEODE-1225,True
GEODE-1230,True
GEODE-679,False
GEODE-1201,False
GEODE-1018,True
GEODE-1213,True
GEODE-1219,False
GEODE-1218,True
GEODE-1204,True
GEODE-1216,False
GEODE-1199,True
GEODE-1217,True
GEODE-1221,True
GEODE-1214,False
GEODE-235,False
GEODE-1178,True
GEODE-1212,True
GEODE-1200,False
GEODE-389,False
GEODE-1163,True
GEODE-386,False
GEODE-1025,True
GEODE-904,True
GEODE-704,True
GEODE-914,True
GEODE-961,True
GEODE-1196,True
GEODE-1194,False
GEODE-1177,True
GEODE-1187,True
GEODE-1184,False
GEODE-960,True
GEODE-902,True
GEODE-1172,True
GEODE-1170,True
GEODE-1151,False
GEODE-1171,True
GEODE-1169,True
GEODE-564,True
GEODE-1167,True
GEODE-1061,True
GEODE-1173,True
GEODE-920,True
GEODE-103,True
GEODE-1160,True
GEODE-962,True
GEODE-1159,False
GEODE-915,False
GEODE-483,True
GEODE-1143,False
GEODE-1142,True
GEODE-1031,True
GEODE-1152,False
GEODE-1123,True
GEODE-1145,True
GEODE-1079,True
GEODE-693,True
GEODE-923,True
GEODE-337,True
GEODE-1134,True
GEODE-1131,True
GEODE-1141,True
GEODE-1035,True
GEODE-1127,True
GEODE-478,True
GEODE-511,False
GEODE-874,True
GEODE-884,False
GEODE-178,False
GEODE-1107,True
GEODE-1129,True
GEODE-1126,True
GEODE-952,True
GEODE-1108,True
GEODE-535,True
GEODE-911,True
GEODE-1054,False
GEODE-857,True
GEODE-1056,True
GEODE-345,True
GEODE-722,True
GEODE-247,True
GEODE-912,True
GEODE-1109,True
GEODE-1115,True
GEODE-1016,True
GEODE-1118,True
GEODE-1116,False
GEODE-980,True
GEODE-559,True
GEODE-27,True
GEODE-971,True
GEODE-956,True
GEODE-936,True
GEODE-1050,False
GEODE-249,True
GEODE-1112,True
GEODE-934,True
GEODE-1106,True
GEODE-1100,True
GEODE-515,True
GEODE-514,True
GEODE-519,True
GEODE-947,True
GEODE-1111,True
GEODE-982,False
GEODE-949,True
GEODE-620,True
GEODE-1095,True
GEODE-1067,True
GEODE-670,True
GEODE-1017,True
GEODE-992,False
GEODE-1103,True
GEODE-1096,True
GEODE-1007,True
GEODE-1099,True
GEODE-1101,True
GEODE-1053,False
GEODE-640,True
GEODE-639,True
GEODE-1097,False
GEODE-1070,False
GEODE-1049,True
GEODE-1078,True
GEODE-1081,False
GEODE-1084,True
GEODE-573,False
GEODE-1039,True
GEODE-990,True
GEODE-589,True
GEODE-1055,False
GEODE-1010,True
GEODE-1076,True
GEODE-1030,True
GEODE-1064,True
GEODE-1063,True
GEODE-1005,True
GEODE-562,True
GEODE-1037,True
GEODE-1042,True
GEODE-417,True
GEODE-1038,True
GEODE-1043,False
GEODE-1052,False
GEODE-36,True
GEODE-1021,True
GEODE-966,True
GEODE-1040,False
GEODE-991,True
GEODE-1029,True
GEODE-996,True
GEODE-967,True
GEODE-1014,True
GEODE-953,True
GEODE-774,True
GEODE-870,True
GEODE-831,False
GEODE-1006,True
GEODE-1004,False
GEODE-1003,False
GEODE-983,True
GEODE-979,True
GEODE-876,True
GEODE-998,True
GEODE-944,True
GEODE-906,True
GEODE-930,True
GEODE-448,False
GEODE-856,False
GEODE-907,True
GEODE-917,False
GEODE-829,False
GEODE-929,True
GEODE-866,True
GEODE-323,True
GEODE-981,True
GEODE-964,True
GEODE-905,True
GEODE-969,True
GEODE-970,False
GEODE-481,True
GEODE-855,False
GEODE-968,False
GEODE-826,True
GEODE-965,True
GEODE-303,False
GEODE-945,True
GEODE-903,True
GEODE-901,True
GEODE-899,True
GEODE-954,False
GEODE-794,True
GEODE-890,True
GEODE-550,True
GEODE-918,False
GEODE-26,True
GEODE-913,False
GEODE-657,True
GEODE-887,True
GEODE-268,False
GEODE-12,False
GEODE-948,True
GEODE-946,True
GEODE-557,True
GEODE-909,True
GEODE-730,True
GEODE-773,False
GEODE-886,True
GEODE-602,True
GEODE-14,False
GEODE-891,False
GEODE-922,True
GEODE-841,True
GEODE-867,True
GEODE-898,True
GEODE-873,True
GEODE-560,True
GEODE-896,True
GEODE-895,True
GEODE-894,False
GEODE-892,True
GEODE-830,False
GEODE-572,False
GEODE-852,True
GEODE-73,False
GEODE-893,True
GEODE-631,True
GEODE-799,False
GEODE-445,True
GEODE-646,False
GEODE-883,False
GEODE-869,False
GEODE-805,True
GEODE-871,True
GEODE-795,False
GEODE-859,False
GEODE-882,True
GEODE-875,True
GEODE-634,True
GEODE-851,False
GEODE-735,False
GEODE-862,True
GEODE-872,True
GEODE-865,True
GEODE-610,True
GEODE-815,False
GEODE-769,True
GEODE-863,True
GEODE-858,True
GEODE-864,True
GEODE-819,False
GEODE-787,False
GEODE-854,True
GEODE-836,True
GEODE-781,True
GEODE-832,False
GEODE-833,True
GEODE-803,False
GEODE-719,False
GEODE-850,False
GEODE-804,False
GEODE-802,False
GEODE-825,True
GEODE-827,True
GEODE-681,True
GEODE-785,False
GEODE-784,False
GEODE-301,False
GEODE-304,False
GEODE-300,False
GEODE-814,False
GEODE-715,False
GEODE-772,False
GEODE-749,False
GEODE-716,True
GEODE-822,True
GEODE-798,True
GEODE-701,True
GEODE-797,True
GEODE-601,True
GEODE-783,False
GEODE-780,True
GEODE-776,False
GEODE-775,False
GEODE-777,False
GEODE-778,False
GEODE-765,True
GEODE-766,True
GEODE-643,False
GEODE-245,True
GEODE-771,True
GEODE-714,False
GEODE-452,True
GEODE-412,True
GEODE-401,True
GEODE-739,True
GEODE-712,True
GEODE-356,True
GEODE-731,True
GEODE-574,True
GEODE-718,False
GEODE-627,False
GEODE-708,False
GEODE-707,True
GEODE-614,True
GEODE-473,True
GEODE-608,False
GEODE-649,True
GEODE-709,True
GEODE-299,True
GEODE-543,True
GEODE-660,True
GEODE-663,False
GEODE-568,True
GEODE-700,True
GEODE-588,True
GEODE-680,False
GEODE-678,True
GEODE-651,False
GEODE-653,True
GEODE-338,True
GEODE-668,False
GEODE-667,False
GEODE-666,False
GEODE-669,True
GEODE-650,True
GEODE-654,True
GEODE-291,True
GEODE-528,True
GEODE-647,True
GEODE-624,False
GEODE-655,True
GEODE-503,True
GEODE-644,False
GEODE-18,False
GEODE-53,False
GEODE-623,False
GEODE-637,False
GEODE-642,True
GEODE-638,False
GEODE-563,False
GEODE-590,True
GEODE-622,False
GEODE-617,True
GEODE-626,False
GEODE-184,True
GEODE-607,False
GEODE-621,True
GEODE-581,False
GEODE-611,False
GEODE-606,False
GEODE-616,True
GEODE-578,True
GEODE-584,False
GEODE-605,True
GEODE-592,True
GEODE-587,True
GEODE-580,False
GEODE-416,True
GEODE-438,True
GEODE-390,False
GEODE-570,False
GEODE-192,True
GEODE-331,True
GEODE-565,True
GEODE-151,False
GEODE-542,True
GEODE-546,True
GEODE-402,True
GEODE-544,True
GEODE-539,False
GEODE-545,True
GEODE-540,True
GEODE-524,True
GEODE-541,True
GEODE-494,True
GEODE-537,True
GEODE-534,True
GEODE-516,True
GEODE-533,True
GEODE-532,True
GEODE-227,True
GEODE-500,True
GEODE-529,True
GEODE-526,True
GEODE-525,True
GEODE-522,True
GEODE-296,True
GEODE-328,False
GEODE-518,True
GEODE-142,True
GEODE-520,True
GEODE-485,True
GEODE-454,True
GEODE-381,True
GEODE-380,True
GEODE-512,True
GEODE-513,True
GEODE-371,True
GEODE-467,True
GEODE-453,True
GEODE-411,True
GEODE-501,True
GEODE-366,True
GEODE-469,True
GEODE-504,False
GEODE-487,False
GEODE-367,True
GEODE-479,True
GEODE-244,True
GEODE-361,True
GEODE-464,True
GEODE-489,True
GEODE-474,False
GEODE-471,True
GEODE-96,True
GEODE-376,True
GEODE-392,True
GEODE-468,True
GEODE-370,True
GEODE-408,True
GEODE-465,True
GEODE-466,False
GEODE-429,False
GEODE-346,True
GEODE-450,True
GEODE-441,True
GEODE-407,True
GEODE-164,True
GEODE-426,True
GEODE-398,True
GEODE-399,True
GEODE-410,True
GEODE-60,False
GEODE-406,True
GEODE-405,True
GEODE-397,True
GEODE-396,True
GEODE-189,True
GEODE-391,True
GEODE-377,False
GEODE-385,True
GEODE-243,False
GEODE-362,True
GEODE-378,True
GEODE-379,True
GEODE-324,True
GEODE-352,True
GEODE-350,True
GEODE-372,True
GEODE-363,True
GEODE-365,True
GEODE-219,False
GEODE-332,False
GEODE-354,True
GEODE-343,True
GEODE-347,True
GEODE-278,True
GEODE-171,True
GEODE-335,True
GEODE-334,True
GEODE-333,True
GEODE-320,True
GEODE-322,True
GEODE-311,False
GEODE-313,True
GEODE-309,True
GEODE-307,True
GEODE-306,True
GEODE-295,True
GEODE-287,False
GEODE-222,True
GEODE-233,True
GEODE-139,True
GEODE-279,True
GEODE-275,True
GEODE-264,True
GEODE-246,True
GEODE-232,True
GEODE-229,True
GEODE-213,True
GEODE-228,True
GEODE-223,True
GEODE-220,True
GEODE-214,False
GEODE-216,True
GEODE-212,True
GEODE-196,True
GEODE-195,True
GEODE-211,True
GEODE-116,True
GEODE-193,False
GEODE-138,True
GEODE-179,True
GEODE-190,True
GEODE-191,True
GEODE-137,True
GEODE-185,True
GEODE-188,True
GEODE-187,True
GEODE-155,True
GEODE-181,True
GEODE-175,True
GEODE-162,True
GEODE-124,False
GEODE-95,True
GEODE-172,True
GEODE-169,True
GEODE-168,True
GEODE-86,True
GEODE-135,True
GEODE-127,True
GEODE-156,True
GEODE-91,True
GEODE-100,True
GEODE-148,True
GEODE-153,True
GEODE-152,True
GEODE-143,True
GEODE-149,True
GEODE-83,False
GEODE-56,True
GEODE-133,True
GEODE-134,True
GEODE-120,False
GEODE-123,True
GEODE-108,True
GEODE-113,True
GEODE-128,True
GEODE-10,False
GEODE-121,False
GEODE-114,False
GEODE-115,False
GEODE-74,False
GEODE-102,False
GEODE-75,False
GEODE-94,True
GEODE-16,False
GEODE-101,False
GEODE-97,True
GEODE-90,True
GEODE-71,True
GEODE-87,True
GEODE-81,True
GEODE-82,True
GEODE-9,False
GEODE-21,False
GEODE-41,False
GEODE-19,True
GEODE-7027,True
GEODE-6766,False
GEODE-5664,True
GEODE-5580,False
GEODE-5545,False
GEODE-5539,False
GEODE-5519,False
GEODE-5449,False
GEODE-5427,False
GEODE-5378,False
GEODE-5368,True
GEODE-5243,True
GEODE-4891,True
GEODE-4835,True
GEODE-4760,False
GEODE-4688,False
GEODE-4676,False
GEODE-4630,False
GEODE-4371,True
GEODE-4274,False
GEODE-4265,False
GEODE-4123,False
GEODE-2295,True
GEODE-2381,True
GEODE-2412,True
GEODE-2191,False
GEODE-1923,True
GEODE-2144,False
GEODE-2037,True
GEODE-619,False
GEODE-585,False
GEODE-480,True
GEODE-140,True
GEODE-409,False
GEODE-440,True
GEODE-384,True
GEODE-146,True
GEODE-280,True
GEODE-157,True
GEODE-329,True
GEODE-177,False
GEODE-176,True
GEODE-160,False
GEODE-161,False
GEODE-144,False
GEODE-42,True
GEODE-51,True
GEODE-20,True
GEODE-38,True
GEODE-5,False
GEODE-23,True
GEODE-39,False
GEOE-7617,
GEDOE-6486,
GEM-2250,
GEDOE-5864,
GEM-2229,
GEM-2031,
GEDOE-4919,
