HDFS-15389,False
HADOOP-17029,True
HDFS-15330,False
HDFS-15359,True
YARN-10292,False
HDFS-15386,True
HADOOP-14698,True
YARN-10284,False
YARN-10274,False
YARN-10296,True
YARN-10286,True
HADOOP-17056,True
HDFS-14054,True
HADOOP-17062,True
HADOOP-17016,False
HADOOP-16568,False
HADOOP-14566,False
HDFS-11041,True
HDFS-14960,True
HADOOP-16828,False
HDFS-15321,False
YARN-10254,True
HDFS-14931,True
HADOOP-17052,True
YARN-6492,True
YARN-10259,True
HADOOP-16900,True
HDFS-10792,False
HADOOP-7002,True
HADOOP-17055,False
HDFS-15168,False
HDFS-15368,False
HDFS-13183,False
MAPREDUCE-7278,True
HADOOP-17053,False
HADOOP-16852,False
HDFS-15362,True
YARN-10108,True
HADOOP-17054,False
HDFS-15373,True
HDFS-15369,False
HDFS-15355,False
HDFS-12288,True
HDFS-15093,True
HDFS-15288,False
HDFS-15363,True
HADOOP-17040,True
HDFS-15322,False
HADOOP-17049,True
HDFS-13639,False
HDFS-15353,False
HADOOP-17004,False
YARN-10228,True
YARN-9606,True
HDFS-15340,False
HADOOP-16586,True
HDFS-9376,True
MAPREDUCE-6826,True
HADOOP-17024,True
HDFS-15293,True
HDFS-15356,False
HDFS-14999,True
HDFS-15207,False
HADOOP-17042,False
HADOOP-17045,True
HDFS-15082,False
HDFS-15264,False
HDFS-15358,False
HDFS-15306,False
HDFS-15038,True
HADOOP-17036,True
YARN-10265,True
YARN-9898,True
HADOOP-14254,False
HDFS-15344,False
YARN-8942,True
HADOOP-12077,False
HADOOP-8299,True
HDFS-15316,True
YARN-10154,True
HDFS-15305,False
HADOOP-15565,True
HADOOP-16916,False
YARN-10260,False
HDFS-15300,True
HADOOP-17035,True
HDFS-15345,False
YARN-9301,True
HDFS-15255,False
HDFS-15350,True
HDFS-14367,True
HDFS-15243,True
YARN-10160,False
HDFS-15270,True
YARN-9444,True
HADOOP-17033,False
HDFS-15338,False
HADOOP-16768,True
HDFS-15250,True
HDFS-15347,False
HDFS-15343,True
HADOOP-17027,False
HDFS-15339,True
HADOOP-17018,True
HADOOP-17025,True
YARN-9017,True
HDFS-15332,True
YARN-8959,True
HDFS-14283,False
HDFS-15334,True
HDFS-15331,True
YARN-10257,False
HDFS-15272,True
HDFS-14599,True
HDFS-15323,True
YARN-10256,True
YARN-10247,False
HDFS-15328,False
HDFS-15325,True
HDFS-15320,True
YARN-6553,False
HDFS-14647,True
HADOOP-16952,False
HADOOP-16886,False
HDFS-15313,True
HDFS-15302,True
YARN-10255,True
HDFS-10499,True
HADOOP-17011,True
YARN-8193,True
HADOOP-16957,True
HDFS-15309,True
HADOOP-17007,True
HDFS-15286,True
HDFS-15265,True
YARN-6973,False
HDFS-15285,True
YARN-10237,False
HDFS-15301,True
HDFS-15210,True
HADOOP-17010,True
YARN-10215,False
YARN-10194,False
MAPREDUCE-7277,False
YARN-8382,True
YARN-9848,True
HADOOP-17014,True
HDFS-1820,True
YARN-10156,True
YARN-10189,False
HDFS-15297,True
HDFS-15281,True
HADOOP-16054,True
HDFS-15295,False
HADOOP-16117,False
YARN-9999,False
YARN-9998,False
HADOOP-16647,False
HADOOP-16739,True
YARN-10223,True
HADOOP-17002,False
YARN-9996,False
YARN-9997,False
HDFS-15276,True
HADOOP-17001,False
HADOOP-16922,False
HADOOP-16965,False
HDFS-14004,True
HADOOP-16944,True
YARN-10240,False
HDFS-14742,False
HDFS-15275,True
HADOOP-16953,False
HADOOP-16986,False
HADOOP-16959,True
HADOOP-15062,True
HADOOP-14597,False
HADOOP-16971,True
YARN-8369,True
HDFS-15218,True
MAPREDUCE-7199,False
YARN-10001,False
HADOOP-16972,False
YARN-9954,False
HADOOP-16951,False
HADOOP-13873,False
HDFS-15266,True
HDFS-15283,True
MAPREDUCE-7273,True
HADOOP-16988,False
HADOOP-16933,False
HADOOP-16778,False
HADOOP-16734,False
HDFS-15036,True
HADOOP-16361,True
HADOOP-16979,True
HADOOP-16982,True
HADOOP-16985,True
HDFS-15277,False
YARN-10233,True
YARN-10002,False
YARN-9354,False
YARN-9995,False
YARN-5277,False
YARN-10234,False
YARN-8680,False
HADOOP-16855,False
HADOOP-16941,False
YARN-10219,True
HADOOP-16958,True
MAPREDUCE-7272,True
HDFS-15048,True
HDFS-14476,True
HADOOP-16869,True
HDFS-15247,False
HADOOP-16967,True
HDFS-15261,False
YARN-10212,False
HADOOP-16962,True
HADOOP-16932,True
YARN-8242,True
HDFS-15269,True
YARN-10003,False
YARN-10226,True
MAPREDUCE-7266,False
YARN-10207,True
YARN-2710,True
HADOOP-14836,True
HDFS-15263,True
YARN-10063,False
HDFS-15256,True
MAPREDUCE-7269,True
HADOOP-16954,False
HADOOP-16949,True
HDFS-15258,False
YARN-10120,False
MAPREDUCE-7268,True
HDFS-15252,True
HDFS-15051,False
HDFS-15242,False
MAPREDUCE-7241,False
YARN-10202,True
HDFS-15196,True
HDFS-15245,False
HDFS-15239,False
HDFS-15193,True
YARN-8213,False
HDFS-15191,True
HDFS-15238,False
HDFS-13470,False
YARN-10210,False
YARN-10043,False
YARN-10197,False
HDFS-14434,True
HDFS-14006,False
HDFS-15219,True
HDFS-15158,True
HDFS-14986,True
HDFS-15223,True
HDFS-15234,True
HDFS-15075,False
YARN-10200,False
HDFS-15154,False
HADOOP-16912,False
HADOOP-16938,False
YARN-9879,True
HADOOP-16930,False
HADOOP-16935,False
HDFS-15215,True
HDFS-13377,False
HDFS-15088,False
HDFS-15232,True
HADOOP-15636,False
HADOOP-14918,True
HDFS-15113,True
YARN-10198,True
HDFS-15227,True
HDFS-15214,True
HADOOP-16818,True
HADOOP-16927,False
HDFS-15200,True
YARN-10034,True
HDFS-15208,True
HDFS-14919,True
HADOOP-16858,False
HADOOP-16319,False
HADOOP-16661,False
MAPREDUCE-7237,True
HDFS-15211,True
HDFS-15197,False
HDFS-15159,False
HDFS-14820,True
HDFS-11396,True
YARN-9567,False
YARN-9538,False
HADOOP-16775,False
HDFS-14743,True
YARN-10195,True
HDFS-15216,True
HDFS-15155,True
YARN-10110,False
HDFS-15039,False
HDFS-14612,True
HADOOP-15430,False
HDFS-14442,True
YARN-10193,False
YARN-10191,False
HDFS-15077,True
HDFS-15135,True
YARN-942,True
YARN-9419,True
YARN-10168,False
HADOOP-16871,False
HADOOP-16643,True
HADOOP-16840,True
HADOOP-16898,False
HADOOP-14206,False
YARN-6924,False
HADOOP-16905,True
HDFS-15212,True
YARN-10167,False
YARN-10173,True
HDFS-14977,True
HDFS-15204,True
HADOOP-16899,False
HADOOP-16885,True
YARN-10175,False
HDFS-15111,True
HADOOP-14936,True
HADOOP-16897,True
HADOOP-16794,False
YARN-10148,False
HDFS-15033,False
HDFS-15149,True
HDFS-15190,False
HADOOP-16891,True
HADOOP-16882,False
HDFS-15199,True
HDFS-13660,True
HDFS-12999,False
HDFS-15068,True
HDFS-14731,True
YARN-10161,False
YARN-10155,True
HDFS-15186,True
HADOOP-16730,False
HDFS-15124,True
HDFS-15147,True
HADOOP-16888,False
HDFS-15167,True
YARN-10152,True
HDFS-15120,False
YARN-10141,True
YARN-9593,True
HDFS-14861,False
YARN-8767,True
YARN-10130,False
HDFS-13404,True
YARN-10140,True
YARN-10074,False
HADOOP-16841,True
HDFS-15174,False
YARN-10135,False
YARN-10157,False
YARN-10143,True
HADOOP-16853,False
HADOOP-16859,False
HDFS-15187,True
HDFS-15166,True
HDFS-15176,False
HDFS-15041,False
HDFS-15182,True
HDFS-15172,False
HDFS-15185,True
HADOOP-16711,True
HADOOP-16706,False
HDFS-15052,True
YARN-10119,True
HDFS-15165,True
HDFS-15115,True
YARN-10147,True
HDFS-10659,True
HADOOP-16868,True
YARN-10139,False
HDFS-13739,False
YARN-8374,True
HADOOP-16833,False
HADOOP-16759,False
HDFS-12459,True
HADOOP-15961,False
HADOOP-13666,False
HDFS-15173,False
HDFS-15164,True
YARN-10136,True
HADOOP-16850,False
HADOOP-16823,False
HDFS-15086,False
YARN-10137,False
YARN-10029,False
YARN-9521,True
HDFS-13989,True
HDFS-15161,True
MAPREDUCE-7263,False
HDFS-15127,False
HADOOP-16856,True
HADOOP-16849,True
HDFS-14758,False
YARN-10022,False
YARN-10127,False
HDFS-15150,False
HADOOP-16851,True
HADOOP-16847,False
YARN-10101,True
YARN-10109,False
YARN-9624,False
HDFS-15157,True
YARN-8292,True
HDFS-15136,True
HADOOP-16834,True
HADOOP-16596,True
HADOOP-15787,False
HADOOP-16825,False
HADOOP-16845,False
HADOOP-16832,False
YARN-10116,False
HDFS-15148,True
HDFS-14989,False
HDFS-12491,False
HDFS-15046,False
HDFS-7175,True
HDFS-13179,True
YARN-8982,False
YARN-10084,False
YARN-10099,False
HADOOP-16801,False
YARN-9743,True
HDFS-15118,True
MAPREDUCE-7079,True
HDFS-15146,True
MAPREDUCE-7260,False
YARN-10107,True
YARN-10015,False
MAPREDUCE-7259,True
YARN-9768,False
HDFS-15145,True
HDFS-14993,True
MAPREDUCE-7262,False
YARN-10104,False
YARN-10085,False
HDFS-15143,True
HADOOP-16746,False
HADOOP-16811,False
HDFS-15128,True
HADOOP-16827,False
HADOOP-16683,True
HADOOP-16580,True
HDFS-15119,False
HADOOP-16792,False
HADOOP-16826,False
YARN-9790,True
HADOOP-16732,False
HDFS-15117,False
YARN-10083,False
YARN-7913,True
HDFS-14968,False
YARN-9462,True
HADOOP-16670,False
HDFS-15092,False
HDFS-15126,True
HADOOP-16346,True
HDFS-15125,False
HADOOP-16793,True
HADOOP-16808,True
HADOOP-16753,False
HADOOP-16785,True
YARN-9525,False
YARN-10081,True
YARN-8148,True
HDFS-15112,False
HADOOP-16621,True
YARN-9970,True
HADOOP-16790,False
YARN-10070,True
MAPREDUCE-7247,True
YARN-9512,True
HDFS-13616,False
HDFS-13339,True
YARN-10082,False
YARN-8373,True
HADOOP-16803,False
YARN-10028,False
MAPREDUCE-7256,True
HADOOP-16005,False
YARN-9788,False
HDFS-15097,False
YARN-9912,True
YARN-9868,False
YARN-9989,False
HADOOP-16797,True
YARN-9866,True
YARN-10026,False
YARN-10067,False
HDFS-14578,True
HDFS-15108,True
HDFS-15099,True
YARN-10019,True
HADOOP-16590,True
HDFS-15095,True
HADOOP-16749,True
HADOOP-16697,False
HDFS-15110,True
YARN-10071,False
YARN-7007,True
HDFS-15100,False
HDFS-15107,False
HDFS-15102,True
YARN-9018,False
MAPREDUCE-7252,True
HADOOP-15993,False
HDFS-14957,True
HDFS-15094,False
HDFS-15096,False
YARN-8672,True
YARN-7387,True
YARN-10072,False
HADOOP-16642,False
HADOOP-16751,False
HADOOP-16772,False
HDFS-15080,True
YARN-10068,False
HDFS-15072,True
HADOOP-16727,True
HADOOP-16699,False
HADOOP-16773,True
HADOOP-16645,False
HDFS-15066,False
HDFS-14788,False
YARN-9956,True
YARN-10035,False
HDFS-15090,False
MAPREDUCE-7255,True
HDFS-15089,True
HDFS-15091,False
HADOOP-16789,True
HADOOP-16784,False
HADOOP-16777,False
YARN-10053,True
HDFS-14740,False
HDFS-15063,True
HDFS-14937,False
HDFS-15074,False
HDFS-14934,True
HDFS-15081,False
YARN-10041,True
HADOOP-16042,True
HDFS-15003,False
HDFS-14997,True
HADOOP-16610,False
HADOOP-16609,False
HDFS-15054,True
YARN-10057,True
HDFS-15073,True
HDFS-15076,True
YARN-10055,True
YARN-10054,True
YARN-10036,True
YARN-10009,False
HADOOP-16774,True
HADOOP-16771,False
YARN-10042,True
YARN-10038,False
HDFS-15062,False
YARN-10037,True
YARN-9894,False
YARN-10039,False
HDFS-15012,True
YARN-10020,True
YARN-10033,False
HDFS-14519,True
HDFS-14908,True
HADOOP-16765,True
HADOOP-16450,False
HADOOP-16755,True
HADOOP-16764,False
YARN-9923,False
HDFS-15053,False
HDFS-15016,False
HADOOP-16757,False
HDFS-15044,False
HDFS-15047,False
HDFS-15050,False
HDFS-13511,True
HADOOP-16754,True
HDFS-14983,False
HADOOP-16758,False
HDFS-15032,True
HDFS-15045,True
HDFS-14854,True
HADOOP-16424,False
YARN-7721,True
HDFS-15040,True
HDFS-15043,False
HDFS-14522,False
YARN-9985,True
HADOOP-16660,False
HADOOP-16455,False
HADOOP-16612,False
HADOOP-16587,False
YARN-9561,False
YARN-10012,True
YARN-4901,True
HDFS-15017,True
HDFS-15028,False
HDFS-15005,True
HDFS-14751,True
HDFS-14998,True
YARN-10006,True
HADOOP-16744,True
HADOOP-16735,False
YARN-9607,False
YARN-9938,True
YARN-9969,True
YARN-9789,False
YARN-9780,False
YARN-9781,False
YARN-5106,True
HDFS-15023,True
YARN-9052,False
MAPREDUCE-7250,False
HDFS-13811,False
HADOOP-16729,False
YARN-9958,False
HADOOP-16441,True
HDFS-14825,False
HADOOP-16718,False
HADOOP-16700,True
YARN-9205,True
HADOOP-16685,True
HDFS-15026,True
HDFS-9695,True
HDFS-12090,False
HDFS-13794,False
HDFS-13421,False
HDFS-13310,False
HDFS-15009,True
YARN-9990,True
HDFS-15013,False
HDFS-15010,True
HDFS-14961,True
YARN-9993,True
MAPREDUCE-7249,True
HDFS-15019,False
YARN-9949,True
YARN-9937,True
MAPREDUCE-7240,True
HDFS-14649,False
HDFS-14973,True
YARN-9290,True
YARN-9362,False
YARN-9991,False
YARN-9899,False
HADOOP-16709,False
YARN-9011,True
YARN-9966,False
HADOOP-16717,False
YARN-9915,True
YARN-9773,False
YARN-9968,True
YARN-9838,True
HDFS-13842,True
HDFS-14924,True
HDFS-14651,True
YARN-7589,True
HDFS-15002,False
YARN-8842,True
HDFS-14940,True
HDFS-14996,True
HADOOP-16687,True
HADOOP-16276,True
HADOOP-15852,False
HADOOP-15686,True
HDFS-14949,False
HDFS-14995,False
HADOOP-16707,False
HADOOP-16719,True
YARN-7411,False
HDFS-14952,False
YARN-9836,False
HADOOP-16703,False
YARN-9886,True
YARN-9983,True
HDFS-14992,True
YARN-9873,False
YARN-9986,True
YARN-9791,False
YARN-9909,False
YARN-9950,False
YARN-9984,True
HDFS-14991,False
YARN-9965,True
HADOOP-16657,False
YARN-9562,False
HDFS-14942,True
HADOOP-16712,False
HDFS-14967,True
HADOOP-16484,False
HDFS-14955,False
HDFS-14974,False
YARN-9982,True
YARN-9900,False
HADOOP-16710,True
HDFS-14648,False
HADOOP-16705,False
HDFS-14802,True
HDFS-14882,True
HADOOP-16654,False
YARN-8179,True
HADOOP-15097,True
HDFS-14884,True
YARN-8202,True
YARN-7541,True
YARN-7739,True
HADOOP-16691,False
HADOOP-16708,False
HADOOP-16585,True
HADOOP-16677,True
HDFS-14959,False
HADOOP-16676,True
HADOOP-16656,False
HDFS-14922,True
HADOOP-16665,True
YARN-9537,False
HADOOP-16477,False
YARN-9697,False
HADOOP-16702,True
HADOOP-16701,True
YARN-9865,True
HDFS-14975,False
HDFS-14962,True
HDFS-14928,False
HDFS-14720,True
YARN-9890,False
YARN-9677,False
HDFS-14815,False
HDFS-14958,True
HDFS-14590,False
HDFS-14806,True
HDFS-14941,True
HDFS-14946,True
HDFS-14880,True
HDFS-14384,True
MAPREDUCE-7208,True
HDFS-14775,True
YARN-8004,True
HADOOP-16681,True
HDFS-14891,False
HDFS-14938,True
HADOOP-16013,True
YARN-9689,False
HADOOP-16678,False
HDFS-14945,True
HDFS-14925,True
HDFS-13736,True
HDFS-14927,False
HDFS-14768,True
HDFS-14824,False
HADOOP-16598,True
YARN-9945,True
HDFS-14920,True
HDFS-14936,False
HADOOP-16510,False
YARN-9889,False
HADOOP-16675,False
HADOOP-16669,True
HDFS-14907,False
YARN-2442,False
HDFS-14935,True
HDFS-14730,True
HDFS-14912,False
YARN-9914,False
HADOOP-16653,False
HDFS-14818,False
HDFS-14700,False
HDFS-14357,False
HDFS-14458,False
HDFS-14356,False
HDFS-14402,False
HDFS-14401,False
HDFS-14393,False
HDFS-14354,False
HDFS-14923,False
HDFS-14308,True
HDFS-14933,True
HDFS-14917,False
HDFS-14638,False
HDFS-14910,True
HDFS-14492,True
HADOOP-16615,False
HADOOP-16614,True
HDFS-14921,False
YARN-9921,True
HADOOP-16658,True
HDFS-13901,True
HDFS-14667,False
HDFS-14915,False
HDFS-14918,False
HDFS-12749,True
YARN-9922,False
HDFS-14913,True
HDFS-14916,True
HADOOP-16662,True
HDFS-14847,True
HDFS-14887,True
YARN-9875,False
YARN-9884,False
HADOOP-16579,False
HADOOP-16152,True
MAPREDUCE-6441,True
YARN-9841,True
HADOOP-16600,True
HDFS-14909,True
HDFS-14810,False
HADOOP-16640,False
HADOOP-16652,False
HDFS-14739,True
HADOOP-16478,False
HADOOP-16655,True
HADOOP-15169,True
YARN-8750,True
YARN-9840,False
YARN-8453,True
HDFS-14886,True
HDFS-14856,False
HADOOP-16635,False
YARN-9699,False
HDFS-14238,False
HDFS-14899,False
HADOOP-13907,True
HDDS-2213,False
HADOOP-16520,False
HDDS-2282,True
HDDS-1986,False
YARN-9860,False
HADOOP-15870,True
HDFS-14509,True
HDDS-1984,False
HDDS-2269,False
HADOOP-16650,False
HDFS-14245,True
HDFS-14162,True
HDFS-14900,True
HDDS-2266,True
HADOOP-16619,True
HADOOP-16533,True
HADOOP-16487,True
HADOOP-16451,True
HADOOP-16365,True
YARN-7243,False
HDFS-14898,False
HDFS-14754,True
HDDS-2265,True
HDDS-2217,False
YARN-9552,True
YARN-9128,False
YARN-9356,False
HDDS-2244,False
HADOOP-16491,False
YARN-9760,False
HDDS-2260,True
YARN-6715,True
HDFS-14859,True
HDFS-14814,False
HDFS-14655,True
HDDS-2245,True
HDDS-2262,True
HDDS-2259,False
HDDS-2264,False
HDDS-2238,False
HDFS-14373,True
HDDS-2239,True
HDDS-2071,False
HDDS-2252,False
HADOOP-16512,False
HDDS-2169,True
HADOOP-16626,False
HDDS-2251,False
HDDS-2257,True
HDDS-2250,True
HDFS-13806,True
HDDS-2158,True
HDFS-14890,True
HDFS-14497,False
HDFS-2470,True
HADOOP-16570,False
HDDS-2237,False
HDFS-14686,True
HDFS-13693,False
HDDS-2230,True
HDDS-2222,True
HDDS-2216,False
HDDS-2199,True
HDDS-2140,False
YARN-9782,True
HDFS-14879,True
HDDS-2225,True
HDFS-14637,True
HDFS-14889,False
HDDS-2223,False
HDDS-2198,True
HDDS-2226,False
HADOOP-16127,True
HDFS-14850,False
HADOOP-16624,False
HADOOP-12282,True
HDFS-14624,False
HDFS-14499,True
HDFS-14113,False
HDFS-14124,False
HDFS-14262,False
HDFS-14660,True
HDFS-14494,True
HDFS-14187,False
HDFS-14064,False
HDFS-14849,True
HADOOP-16625,False
HDFS-14527,True
HDDS-2231,True
HDDS-2234,True
HDDS-2211,False
HDFS-12979,True
HDDS-2020,False
HDFS-14881,True
HDFS-14888,False
HADOOP-16605,True
HADOOP-16620,True
HDDS-2228,False
HADOOP-16542,False
HADOOP-16588,False
HDFS-14216,True
HDFS-14678,False
HDDS-2072,False
HDFS-14858,False
HADOOP-16126,True
HDFS-14523,False
HADOOP-16599,False
HDDS-2019,False
HDDS-2224,False
HDDS-2162,False
HDFS-14618,True
HDFS-14610,True
HDFS-14808,True
HDFS-14699,True
HDDS-2227,False
HDDS-2073,False
HDDS-2068,False
YARN-9792,False
HDDS-2201,False
YARN-9870,False
HDDS-2187,True
HDDS-2210,True
HDFS-14885,True
YARN-9862,True
HADOOP-16161,True
HDFS-14313,True
HDFS-14192,False
HADOOP-16032,True
HADOOP-16140,True
HADOOP-16458,False
HDFS-14460,False
HDFS-14175,True
HDFS-14202,True
HDFS-14418,True
HADOOP-15418,True
HDDS-2166,True
HADOOP-15909,False
YARN-9801,False
YARN-9864,False
YARN-9858,True
HDDS-1615,True
HDFS-14305,True
HADOOP-16531,False
HADOOP-15865,True
HADOOP-15014,False
HADOOP-16461,True
HDFS-14235,False
HDDS-2205,True
HADOOP-15849,False
HADOOP-16544,False
YARN-9859,False
HDDS-2207,True
HDDS-2202,True
HDDS-2153,True
HDDS-2183,False
HDFS-14876,True
HDFS-14853,True
HDDS-1146,True
HDFS-14564,True
HDDS-2185,True
HADOOP-15616,False
HDDS-2149,False
HDDS-2179,True
HDDS-2174,True
HDFS-14785,False
HDFS-14461,True
HDDS-2180,False
YARN-9857,False
HDFS-11934,False
HDFS-14873,True
HDDS-2182,True
HDFS-14874,True
HDDS-2067,False
YARN-9855,True
HDFS-14832,False
HADOOP-16602,True
HDDS-2165,True
HDDS-1738,False
HDDS-2171,True
YARN-9808,False
HDFS-14845,True
HDDS-2168,False
HDDS-2172,True
YARN-9730,True
HDDS-2170,False
HDFS-14843,False
HDFS-14837,False
HDFS-14868,True
HDDS-2167,True
HDDS-2081,True
HADOOP-16561,False
HADOOP-16560,False
HDDS-2159,True
HDDS-2160,True
HDDS-2161,False
YARN-9762,False
HADOOP-16581,True
HADOOP-16138,True
HDDS-2089,False
HDDS-1571,False
HDDS-1577,False
HADOOP-16558,True
HDDS-2150,True
HADOOP-16445,True
HDDS-2163,False
HADOOP-16589,False
HDFS-14833,True
HDDS-2128,False
HDDS-2157,False
HDFS-14844,True
HDDS-1982,False
HDDS-2001,False
HDDS-1949,True
HADOOP-16557,False
HDDS-2101,True
HDDS-2156,True
HDDS-2127,True
HDDS-2110,True
HADOOP-16069,False
YARN-7410,True
YARN-7860,True
YARN-7817,True
HDDS-2154,True
HDDS-1054,False
HDFS-14609,True
HDDS-2151,True
HADOOP-16556,False
HADOOP-16582,True
HDDS-2141,True
HDDS-2148,True
HDDS-2119,True
HDDS-2016,False
HDDS-2147,False
HDDS-730,True
HDFS-14822,False
HDFS-13959,True
HDDS-2144,True
HDDS-2121,False
HDFS-14569,True
HADOOP-16547,False
HDDS-2032,True
HDFS-14836,True
HDDS-2065,False
HDDS-2143,True
HDDS-2137,False
HDDS-2138,True
HDDS-2134,True
HDDS-2022,False
HADOOP-16565,False
HDFS-14759,True
YARN-9814,True
YARN-9833,True
YARN-2255,True
HDDS-2139,True
HDDS-2136,True
HDDS-2142,True
HDFS-14846,True
HDFS-14795,False
YARN-9837,True
HDFS-14771,True
HDDS-2117,True
HDDS-2132,True
HDDS-2114,True
HDDS-2111,True
HDDS-2135,True
HADOOP-16371,True
HDDS-2120,False
HADOOP-16555,False
HADOOP-15804,True
HDDS-2107,True
HDDS-1879,False
HDDS-2030,False
HDDS-2078,True
HDDS-2124,True
HDDS-2109,False
HDDS-2096,True
HDDS-2044,True
HDDS-2129,True
YARN-9794,False
HDDS-2126,True
HDFS-14799,False
HDFS-14303,True
HDDS-2125,True
HDDS-2007,False
HDFS-14821,True
YARN-9787,False
HDDS-2057,True
HDDS-2122,True
YARN-9825,True
HADOOP-16562,False
HADOOP-16566,False
HDDS-2076,True
HDFS-14798,True
HDDS-2075,False
HADOOP-16423,False
YARN-9816,True
HDFS-14840,False
YARN-9819,False
HDDS-2106,False
HADOOP-16490,True
HDDS-2103,True
HDFS-14838,True
HADOOP-15184,False
HDFS-14835,True
YARN-9824,False
YARN-9728,True
HADOOP-16554,True
HADOOP-16530,False
HDDS-2048,True
YARN-8948,True
YARN-8361,False
YARN-8016,False
HADOOP-16549,False
HDDS-2053,True
HDDS-2102,True
HDDS-1843,True
HADOOP-16438,True
YARN-9821,False
YARN-9820,True
HDDS-2087,True
YARN-9764,False
HDDS-2100,True
YARN-9784,True
YARN-9812,True
YARN-9813,True
YARN-8995,True
HDDS-1553,False
YARN-9795,False
YARN-9817,True
HADOOP-16255,True
HDDS-2015,False
YARN-9763,False
HDFS-14817,False
YARN-9761,False
HDFS-4819,False
HDFS-13913,False
HDFS-14826,True
HDDS-1561,True
HDFS-14784,True
HDFS-14633,False
HDDS-1708,False
YARN-9718,True
YARN-9810,False
HDFS-12904,False
HDFS-14276,False
HADOOP-16430,True
YARN-8567,True
HDDS-1898,True
HDDS-2079,True
HDDS-2050,True
YARN-9374,False
YARN-7537,False
YARN-9418,True
YARN-9389,False
YARN-9387,False
YARN-6735,False
YARN-6149,False
YARN-9034,False
YARN-7754,False
YARN-8871,False
YARN-9804,False
HDFS-14812,False
HADOOP-16268,False
HDDS-2077,True
HDFS-14777,True
HADOOP-16025,True
HADOOP-16439,False
YARN-9785,True
HDFS-14611,False
HDFS-13699,True
HDFS-13617,False
HDFS-13566,False
HDFS-13547,False
HDDS-2018,False
HDDS-1909,False
YARN-9806,True
HDFS-14807,True
HDDS-2069,True
HADOOP-16534,True
HDDS-1810,False
HDFS-14630,True
YARN-9797,True
HDFS-14706,True
HDFS-14654,False
YARN-9400,False
YARN-8174,True
YARN-7982,False
HDFS-13843,True
HDFS-14711,False
YARN-9793,True
YARN-8678,False
HDDS-2060,False
YARN-9800,True
YARN-9798,True
HDDS-1413,True
YARN-9162,True
HDDS-2042,True
HDFS-14726,True
HDFS-8178,True
HDDS-2061,True
HDDS-2063,True
HDDS-2058,True
HDDS-2014,False
HDDS-2047,True
YARN-9540,True
HDFS-14796,True
YARN-9714,True
HADOOP-15998,False
HDFS-12212,True
YARN-7585,True
YARN-9783,False
HDDS-1935,False
YARN-6909,False
YARN-9409,False
YARN-9272,True
YARN-9271,False
YARN-8183,True
YARN-7383,False
YARN-7143,False
YARN-7345,False
YARN-9291,False
YARN-9397,False
YARN-7223,False
YARN-7594,True
YARN-7573,True
YARN-9289,False
YARN-7396,True
YARN-9174,False
YARN-9280,False
YARN-9180,False
YARN-9187,False
YARN-9175,True
YARN-7137,False
YARN-9188,False
YARN-7056,False
YARN-6933,False
YARN-7093,False
YARN-7039,False
YARN-7067,False
YARN-7043,False
YARN-6781,False
YARN-6789,False
YARN-7042,False
YARN-7030,False
YARN-6610,False
YARN-6892,False
YARN-6994,False
YARN-6788,False
YARN-6786,False
YARN-6761,True
YARN-9182,False
YARN-9177,False
YARN-9181,False
YARN-5588,False
YARN-5587,False
YARN-5586,False
YARN-5242,False
YARN-4830,False
YARN-4829,False
YARN-4715,False
YARN-4172,False
YARN-4081,False
HDFS-14256,False
HDFS-14104,False
HDFS-11246,True
HDFS-14721,True
HDDS-1950,True
HDDS-1942,False
YARN-9664,False
HDDS-2045,True
YARN-9796,False
YARN-9754,True
YARN-9640,True
HADOOP-16460,True
HADOOP-16315,False
HADOOP-16479,False
HADOOP-16404,False
HADOOP-16376,False
HADOOP-16251,True
HADOOP-16269,False
HADOOP-16242,False
HDDS-1941,True
YARN-9756,False
HDDS-2051,True
HDDS-1937,True
HDFS-8631,False
HDDS-1915,True
HDDS-2000,False
HDDS-1999,True
HDFS-14710,False
HDDS-1881,False
HDDS-1094,True
HDDS-738,False
HDDS-1596,False
HDDS-2037,True
HADOOP-16527,False
HDDS-1753,True
HDDS-1946,False
HDFS-14760,True
HADOOP-16416,False
YARN-9438,True
HDDS-2026,True
HADOOP-15832,True
HADOOP-16340,False
HADOOP-16163,False
HDDS-1610,True
HDFS-14779,False
YARN-9755,False
HDDS-1998,True
HDFS-14772,True
HDDS-1981,True
HADOOP-15958,True
YARN-9775,False
HDFS-13977,True
HDDS-1927,True
HDDS-1975,False
YARN-9642,True
YARN-9771,True
YARN-8917,True
HDDS-2029,True
HDDS-2002,False
HDFS-14722,True
HDFS-14766,False
HDDS-1827,False
HDFS-14674,False
HDFS-14761,True
YARN-8025,True
HDDS-1978,False
HDDS-1948,True
HDFS-14747,True
HDDS-2024,True
HDDS-2023,False
HDFS-14396,True
HDFS-13596,True
HDFS-13642,True
YARN-9774,True
HDDS-1808,True
HDFS-14617,True
HDFS-14675,False
HDDS-1347,False
HDFS-14583,True
HDFS-14755,False
HADOOP-16470,False
HADOOP-16193,False
HDFS-14763,False
HDDS-1871,True
HDFS-14358,False
HADOOP-16061,True
HDFS-14741,True
HADOOP-16494,True
HDFS-14725,True
YARN-7637,False
YARN-7330,True
YARN-6620,True
YARN-7033,False
HDFS-14744,False
HDDS-1973,False
HDFS-14756,False
HDFS-14714,False
HDFS-14582,True
HDDS-1768,False
HDDS-1972,False
YARN-9752,False
YARN-7291,True
YARN-9217,True
YARN-5857,True
YARN-9765,False
HADOOP-16496,True
HDDS-1965,True
HADOOP-16523,False
HDFS-14665,False
HDFS-14311,True
HDFS-13201,True
YARN-9758,True
HDFS-14729,False
HDFS-13709,True
HDFS-14746,False
HADOOP-14784,False
HDFS-13101,True
HADOOP-16158,True
HADOOP-15246,False
HDDS-1971,False
HDFS-14687,True
HDDS-1974,False
HDDS-1938,False
HDDS-1979,False
HDFS-14127,True
HDFS-12012,True
HDDS-1959,True
YARN-2599,True
HDFS-14723,True
HDFS-14595,True
HADOOP-16351,False
HDDS-1913,True
HDDS-1911,False
HDFS-14456,True
HDDS-1969,False
YARN-9100,False
YARN-9461,True
YARN-8586,False
YARN-9749,True
HDDS-1894,False
HADOOP-16504,True
HDDS-1910,True
HDDS-1954,True
YARN-9679,False
YARN-9488,False
MAPREDUCE-7230,True
HDFS-14719,True
HDDS-1887,False
HDFS-14707,False
HDFS-14403,False
YARN-9683,False
HDDS-1964,True
YARN-9140,False
HDDS-1966,True
YARN-9676,False
YARN-9133,False
HDFS-14713,False
HDDS-1955,True
YARN-9134,False
YARN-9747,True
HDDS-1914,True
HDDS-1929,True
HDDS-1947,True
HDFS-14423,True
HDDS-1956,True
HDDS-1920,True
HADOOP-16495,True
HDDS-1928,True
HDFS-14491,False
HDDS-1659,False
HDDS-1916,True
HDFS-14625,False
HDDS-1917,True
HDDS-1961,True
HDDS-1891,False
HDDS-1488,False
HDDS-1886,False
HADOOP-16459,False
YARN-9442,False
HDFS-14717,False
HDFS-14370,False
YARN-9135,False
HDFS-13505,False
HDDS-1952,True
YARN-9744,True
HDDS-1908,True
HDDS-1951,True
HDFS-14708,True
HDFS-14148,True
YARN-9719,True
YARN-9723,True
YARN-9451,True
MAPREDUCE-7197,False
HDDS-1912,False
YARN-9464,False
YARN-9722,True
HADOOP-16453,False
YARN-9657,False
YARN-9729,False
HDDS-1366,False
HDDS-1943,False
HDDS-1895,False
HDFS-13359,True
HDFS-12125,True
HDFS-12836,True
HDFS-14537,True
HDFS-14279,True
HDFS-14435,True
HDFS-14211,False
HDFS-14272,True
HDFS-14317,True
HDFS-14250,False
HDFS-14170,False
HDFS-14154,False
HDFS-14160,False
HDFS-14149,False
HDFS-14116,False
HDFS-14146,False
HDFS-14138,False
HDFS-13873,True
HDFS-14142,False
HDFS-14131,False
HDFS-14120,False
HDFS-14094,False
HDFS-14067,True
HDFS-14017,False
HDFS-14035,False
HDFS-14016,False
HDFS-13924,False
HDFS-13925,False
HDFS-13523,False
HDFS-13961,False
HDFS-13791,False
HDFS-13898,False
HDFS-13749,False
HDFS-13778,False
HDFS-13880,False
HDFS-13779,False
HDFS-13782,False
HDFS-13851,False
HDFS-13767,False
HDFS-13789,False
HDFS-13688,False
HDFS-13610,False
HDFS-13665,False
HDFS-12976,True
HDFS-13706,False
HDFS-13609,False
HDFS-13608,True
HDFS-13607,False
HDFS-13399,False
HDFS-13578,False
HDFS-13286,True
HDFS-13331,False
HDFS-12977,True
HDFS-12975,False
HDFS-14623,True
HDFS-14195,False
HDDS-1906,True
YARN-9527,True
YARN-9732,True
HADOOP-16481,False
HADOOP-16499,False
YARN-9715,True
YARN-9124,False
YARN-9092,False
YARN-9096,False
YARN-9094,False
YARN-9727,True
YARN-9694,False
HDDS-1934,True
HDDS-1884,False
HDDS-1863,True
HDFS-14696,False
HDFS-14693,False
HDFS-14705,False
HDFS-14701,False
HDFS-14662,False
HDFS-14459,True
HDFS-14034,True
HDDS-1619,False
HDDS-1926,True
YARN-9711,False
YARN-9685,True
HDDS-1888,True
HDDS-1925,True
YARN-9601,True
HDDS-1900,True
HDDS-1865,False
HDFS-14631,True
HDFS-14616,False
HDFS-14608,False
HDDS-1924,True
YARN-8045,False
HDDS-1907,True
HDDS-1918,False
HDDS-1921,True
HDDS-1919,True
HADOOP-15908,True
HDFS-14692,True
HDFS-14652,False
YARN-9559,False
HDFS-12914,True
HADOOP-16457,True
HDFS-14557,True
HADOOP-16275,False
HDDS-1901,True
YARN-9678,False
HDFS-14697,False
HDFS-14513,False
YARN-9410,True
HDDS-1905,True
HDFS-14679,True
YARN-9667,False
HDDS-1893,True
HDDS-1896,False
YARN-8944,False
YARN-8915,False
YARN-8896,True
YARN-6851,False
HDFS-14691,True
HDDS-1798,False
HDDS-1870,True
HDDS-1788,False
HDFS-14669,True
HDFS-12826,True
HADOOP-15942,False
HADOOP-16472,False
HDFS-14685,True
HDDS-1878,True
HDDS-1782,True
YARN-9093,False
YARN-9375,False
HDFS-13131,True
HADOOP-15681,True
HDFS-14683,True
HDFS-13529,True
HDDS-1882,True
MAPREDUCE-7225,True
HADOOP-15237,True
HDFS-14661,True
HDDS-1885,True
HDDS-1834,True
HDFS-14681,True
HADOOP-16398,True
HDDS-1875,False
HDDS-1849,False
HDDS-1877,True
HDDS-1876,True
HDDS-1816,True
HDDS-1856,False
HDFS-14419,False
HDFS-13783,True
YARN-9596,True
HDFS-14449,False
HDFS-14464,True
HADOOP-16452,True
HDFS-14677,True
HDDS-1872,True
HADOOP-16469,False
HADOOP-15910,True
HADOOP-16435,True
HDFS-12703,True
HDFS-14429,True
HADOOP-16245,True
HDFS-14639,False
HDFS-14670,False
YARN-9702,True
HDDS-1833,True
HDFS-14632,False
HDFS-12967,False
HDDS-1725,True
HDDS-1682,True
HDDS-1852,False
HDDS-1867,True
HDFS-14425,True
HDFS-14673,False
HDDS-1864,False
HDDS-1839,False
MAPREDUCE-6973,True
HADOOP-9844,True
HDDS-1861,False
HDDS-1855,True
HDFS-14135,True
HDDS-1850,True
HDDS-1858,True
HDDS-1842,False
HDDS-1817,True
HDDS-1846,True
HDDS-1819,False
HDDS-1853,True
HADOOP-16433,False
YARN-9563,True
HDDS-1848,False
HADOOP-16431,False
YARN-9668,True
HDDS-1845,False
HDDS-1710,True
HADOOP-16380,False
HADOOP-16443,True
MAPREDUCE-7076,True
HDDS-1803,True
HDDS-1799,True
HDDS-1585,False
HDDS-1686,False
HDDS-1811,True
HDDS-1649,False
HDDS-1840,True
HDDS-1841,True
HDDS-1805,False
HADOOP-16440,True
HDDS-1795,False
HDDS-1713,True
HADOOP-13868,True
HADOOP-15847,False
HDFS-14577,False
HDDS-1653,False
MAPREDUCE-6521,True
HDDS-1822,True
YARN-6046,True
HDDS-1820,False
YARN-9568,True
HDDS-1779,True
HDDS-1654,True
HDDS-1780,True
HDDS-1767,True
HDDS-1481,True
HDDS-1689,False
HDDS-1802,False
HDFS-14653,False
HDDS-1675,False
HDFS-13647,True
HDDS-1801,False
HADOOP-16341,True
HDDS-1785,True
HADOOP-16383,False
HDFS-9913,True
YARN-9682,True
YARN-9646,True
HADOOP-15729,False
HDDS-1775,False
HADOOP-16386,True
HDDS-1813,False
HDDS-1544,False
HDDS-1787,False
HDFS-14547,False
HDDS-1793,True
HDDS-1492,True
HDDS-1756,True
YARN-9645,True
HDDS-1736,False
HDFS-14642,True
HDDS-1666,True
HDDS-1761,False
HDFS-14593,False
HDDS-1800,True
HDDS-1735,False
YARN-9326,False
HDDS-1766,True
YARN-9127,False
HDDS-1384,True
HDDS-1754,True
HDDS-1784,True
HDDS-1611,False
HDDS-1718,False
HDDS-1705,False
YARN-9360,False
YARN-9337,True
YARN-9626,True
YARN-9235,True
HDDS-1791,True
HDDS-1778,True
HDDS-1790,True
HADOOP-16384,False
HDFS-14466,True
YARN-9625,True
YARN-9573,False
HADOOP-16357,False
HDFS-14410,False
HDFS-14640,False
HADOOP-16418,True
HDDS-1201,True
HADOOP-16381,True
HDFS-12748,True
YARN-9660,False
HADOOP-16393,False
HDFS-14622,False
HDDS-1525,True
HDDS-1764,True
HDDS-1741,False
HDDS-1716,True
HDDS-1698,False
HDDS-1748,True
YARN-9557,True
HADOOP-16401,False
HDDS-1603,True
HDDS-1586,False
HDDS-1742,False
HDDS-1717,True
HDDS-1550,False
HDDS-1750,True
HADOOP-16411,True
HADOOP-16409,False
HDFS-12862,True
HDDS-1728,True
HDFS-13694,False
HDDS-1758,True
HDFS-14620,False
HDDS-1763,True
HDFS-14629,True
YARN-9629,False
YARN-9644,True
HDDS-1731,False
HADOOP-16396,False
YARN-9658,True
HDDS-1757,False
HDDS-1616,True
HADOOP-16385,True
YARN-9655,True
YARN-9327,True
HDFS-13643,False
HDDS-1668,False
HDDS-1667,True
HDDS-1685,False
HDDS-1258,False
YARN-9661,True
HDDS-373,True
HDDS-1555,True
HDDS-1730,False
HDDS-1733,False
YARN-9560,False
HDDS-1672,False
YARN-9581,True
HDDS-1639,False
YARN-9623,True
HDFS-14047,False
HDFS-14036,False
YARN-9639,True
HDDS-1638,False
YARN-6055,False
YARN-9477,False
HDDS-1727,False
HDDS-1709,True
HADOOP-16350,True
HDDS-1723,False
HADOOP-16390,True
HDFS-14598,True
HDFS-14247,True
HDFS-14541,True
HDFS-13371,True
HDDS-1646,False
HDDS-1597,True
HDFS-14545,False
HDFS-14550,False
HDFS-14526,False
HDFS-14508,False
HDFS-13480,False
HDFS-13955,False
HDFS-14475,False
HDFS-13787,False
HDFS-14516,False
HDFS-13909,False
HDFS-13255,False
HDFS-14440,False
HDFS-13995,False
HDFS-14447,False
HDFS-14490,False
HDFS-14210,False
HDFS-14426,False
HDFS-14454,False
HDFS-14457,False
HDFS-13972,False
HDFS-14422,False
HDFS-14369,True
HDFS-13853,True
HDFS-14316,False
HDFS-14388,False
HDFS-14351,False
HDFS-14343,False
HDFS-14334,False
HDFS-14335,False
HDFS-14331,False
HDFS-14329,False
HDFS-14259,False
HDFS-14322,False
HDFS-14052,False
HDFS-14307,False
HDFS-14249,False
HDFS-14268,False
HDFS-14226,False
HDFS-13358,False
HDFS-14230,False
HDFS-14252,False
HDFS-14225,False
HDFS-14215,False
HDFS-14224,True
HDFS-14223,False
HDFS-14209,False
HDFS-14156,False
HDFS-14193,False
HDFS-14129,False
HDFS-14206,False
HDFS-13856,False
HDFS-14191,False
HDFS-14150,False
HDFS-14161,False
HDFS-14167,False
HDFS-13443,True
HDFS-14151,False
HDFS-13869,False
HDFS-14152,False
HDFS-14114,False
HDFS-14085,False
HDFS-14089,False
HDFS-13776,False
HDFS-14082,False
HDFS-13834,False
HDFS-13852,True
HDFS-12284,False
HDFS-14024,False
HDFS-13845,False
HDFS-14011,False
HDFS-13906,False
HDFS-14339,False
HDDS-1706,True
HDFS-14074,True
HDFS-12487,True
HADOOP-15989,True
HDDS-1690,False
HDDS-1715,True
HDDS-1678,True
YARN-9209,True
HDDS-1674,False
HDFS-13893,True
HDFS-12564,False
HADOOP-14385,False
HDFS-14465,True
HADOOP-16028,True
HDDS-1579,False
HDFS-14581,True
HDDS-1508,False
HADOOP-15183,True
HADOOP-16379,False
YARN-9631,False
HDFS-14103,True
HDDS-1454,True
HDFS-13287,True
HDFS-14398,False
HDDS-1684,True
HDDS-1702,False
HDFS-14101,True
HDFS-14078,True
HDDS-1699,False
YARN-9574,False
HDFS-14487,False
HDFS-14201,False
HDDS-1670,False
HDFS-14010,True
HDFS-13770,True
HDDS-1694,True
HADOOP-16156,False
HDFS-12314,True
HDFS-12315,True
YARN-9630,False
HADOOP-15914,False
HDFS-14340,False
YARN-9584,True
HADOOP-9157,False
HDFS-12770,False
HDFS-13730,True
HADOOP-14807,False
HDFS-11949,False
HADOOP-15711,True
HDFS-11950,False
HDDS-1532,True
HDFS-14535,True
HDDS-1660,False
YARN-9621,True
YARN-9608,False
HDDS-1692,False
HDFS-14556,True
HADOOP-16279,False
HDDS-1601,False
HADOOP-16053,False
HDFS-14203,False
HADOOP-16336,False
HADOOP-16359,False
HADOOP-16373,True
HDFS-14549,True
HADOOP-16366,False
HADOOP-16372,True
HDFS-14560,False
HADOOP-16369,False
HDDS-1680,True
HDDS-1677,True
YARN-8856,True
YARN-9599,False
HADOOP-16213,False
HDDS-1587,True
YARN-9578,False
HDDS-1620,False
HDDS-1543,False
HADOOP-16367,False
HDDS-1663,False
HDFS-13231,True
YARN-9543,False
YARN-9545,False
HDDS-1545,False
HADOOP-16354,True
HADOOP-16263,False
HDDS-1627,False
YARN-9547,True
HDDS-1635,False
HDDS-1630,False
YARN-9565,True
YARN-9594,True
HDDS-1669,True
YARN-9602,False
HDDS-1662,False
MAPREDUCE-7214,False
HDFS-14234,True
HDFS-14553,False
YARN-9569,False
HDFS-10210,True
YARN-9471,False
HDDS-1655,False
HDDS-1657,True
HDDS-1636,True
HADOOP-16345,True
HADOOP-15563,False
HADOOP-16182,False
HADOOP-16157,False
HADOOP-15860,False
HADOOP-15823,False
HADOOP-16174,True
HADOOP-15851,True
HADOOP-15825,False
HDDS-1622,False
HADOOP-16344,False
HDDS-1496,True
HDDS-1371,False
MAPREDUCE-6794,False
HDDS-1490,False
HDFS-14486,True
HDDS-1650,True
HDDS-1652,True
HDDS-1605,False
HDDS-1645,False
YARN-9590,False
HDDS-1621,False
HDDS-1458,True
HDDS-1612,False
HADOOP-16314,True
HDDS-1541,False
HDDS-1637,False
HDDS-1628,True
YARN-9600,True
HDDS-1640,False
MAPREDUCE-7210,False
YARN-8625,True
HDDS-1600,False
HDDS-1510,True
HDDS-1224,False
HADOOP-16266,True
HDDS-1641,True
YARN-9580,True
HDDS-1631,False
HDDS-1633,False
HDDS-1629,False
HDDS-1607,False
HDDS-1632,False
YARN-9595,True
HDDS-1558,True
HADOOP-16212,False
YARN-8906,True
YARN-8947,True
YARN-9507,True
YARN-9592,False
HDDS-1540,False
YARN-9027,True
HDDS-1382,False
YARN-9033,True
HDFS-13654,False
HDDS-1608,False
HDFS-14521,True
HDDS-1551,False
HADOOP-13656,False
YARN-9553,True
YARN-9452,True
HDDS-1581,True
HDDS-1497,True
HDDS-1502,True
HDDS-1539,False
HADOOP-16334,True
HDFS-14512,True
HDFS-14514,True
HDDS-1530,True
YARN-9542,True
HDDS-1542,False
HDDS-1231,False
HADOOP-16331,True
YARN-8693,False
HDDS-1559,False
HDDS-1604,True
HADOOP-16332,False
HDDS-1341,True
HDDS-1536,False
HDDS-1602,True
HDDS-1580,False
HDDS-1565,False
HDDS-1533,False
YARN-9500,True
YARN-9503,True
HDDS-1534,True
HDDS-1598,True
HDDS-1509,True
HDDS-1584,True
HDDS-1588,True
HADOOP-16323,True
YARN-9497,False
HDFS-14500,True
HDFS-14502,False
HDDS-1512,False
HDFS-14451,False
HDFS-13087,True
YARN-9558,True
YARN-9482,True
HDDS-1535,False
HDDS-700,False
YARN-9469,False
YARN-9080,True
HADOOP-16287,True
HADOOP-12948,True
MAPREDUCE-7198,True
HDDS-1065,False
HDDS-1517,True
HDDS-1449,True
MAPREDUCE-7205,True
HDFS-14507,False
HDDS-1406,False
HDDS-1538,False
YARN-9575,True
HADOOP-16321,True
HDDS-1442,False
HDDS-1461,False
HDFS-14353,False
HDDS-1487,False
YARN-9546,True
HDDS-1499,False
HADOOP-16085,False
HDDS-1422,True
YARN-9505,False
HDFS-14323,True
HADOOP-16248,True
HDDS-1527,True
YARN-9554,True
HDDS-1297,True
HDDS-1284,True
HADOOP-16050,True
HDDS-1518,False
HDDS-1522,False
HADOOP-16294,False
HADOOP-16307,False
HDDS-1531,True
HADOOP-16247,True
HDFS-14390,False
HDDS-1511,False
YARN-9508,True
YARN-2194,True
HADOOP-16306,False
HDFS-14482,True
YARN-9519,True
HDDS-1503,True
HDDS-1491,True
YARN-9453,False
YARN-9493,True
YARN-9539,False
HADOOP-14524,False
YARN-9504,True
HDDS-1474,False
YARN-9522,True
HADOOP-16278,True
YARN-8622,True
YARN-9483,True
YARN-9489,False
HDDS-1500,False
HADOOP-16299,True
YARN-9535,True
HADOOP-16293,True
YARN-9513,True
YARN-9432,True
HADOOP-16270,True
HADOOP-16238,True
HDDS-1489,True
HDDS-1395,True
HDDS-1424,True
YARN-9524,True
HADOOP-16289,True
HDFS-13677,True
YARN-9529,False
YARN-9440,False
HDDS-1464,False
HDFS-14372,True
HDFS-14438,True
YARN-9528,True
HADOOP-16292,False
YARN-9285,True
HADOOP-16059,False
HDFS-14453,False
HDDS-1473,False
HADOOP-16282,False
HADOOP-16183,False
HDDS-1482,False
HDDS-1469,False
HDDS-1479,True
HDDS-1468,False
HDDS-1478,False
HDDS-1412,False
HDDS-1483,False
HDFS-14463,True
HDFS-3246,False
YARN-6929,True
HADOOP-16221,False
YARN-9476,False
HDDS-1430,False
HDDS-1462,True
HDDS-1476,True
HDDS-1455,False
HDDS-1472,False
HDDS-1471,False
HDDS-1456,True
HDDS-1403,True
HDDS-1460,True
HDDS-999,True
YARN-9307,True
YARN-9486,False
MAPREDUCE-7200,True
HADOOP-16169,False
HADOOP-16136,False
HADOOP-15954,False
HADOOP-16041,False
HADOOP-16048,False
HADOOP-16044,False
HADOOP-15975,False
HADOOP-15662,False
HADOOP-16040,False
HADOOP-16004,False
HADOOP-15969,False
HADOOP-15968,False
HADOOP-15940,False
HADOOP-15872,False
HADOOP-15876,False
HADOOP-15812,False
HADOOP-15846,False
HADOOP-15809,False
HADOOP-15795,False
HADOOP-15792,False
HADOOP-15801,False
HADOOP-15793,False
HADOOP-15739,False
HADOOP-15723,False
HADOOP-15778,False
HADOOP-15704,False
HADOOP-15773,False
HADOOP-15769,False
HADOOP-15719,False
HADOOP-15714,False
HADOOP-15715,False
HADOOP-15744,False
HADOOP-15757,False
HADOOP-15753,False
HADOOP-15694,False
HADOOP-15740,False
HADOOP-15728,False
HADOOP-15703,False
HADOOP-15664,False
HADOOP-15663,False
HADOOP-15692,False
HADOOP-15682,False
HADOOP-15661,False
HADOOP-15660,False
HADOOP-15669,False
HADOOP-15659,False
HADOOP-15446,True
HADOOP-15560,False
HADOOP-15407,False
HADOOP-16222,False
HADOOP-16252,False
HDDS-1457,True
HDDS-1192,False
HADOOP-16232,True
HDDS-1450,True
YARN-9424,True
YARN-9081,False
YARN-9501,True
YARN-9491,True
YARN-9339,True
HDDS-1411,False
HDDS-1368,False
YARN-9475,False
YARN-9325,False
HADOOP-16026,True
YARN-8551,True
HDFS-14374,False
HDFS-14445,True
YARN-2889,False
HADOOP-16265,True
HDDS-1425,True
YARN-9495,True
YARN-8587,True
YARN-9254,False
YARN-9448,False
HDDS-976,False
YARN-6695,True
HDDS-1447,True
HDDS-1433,True
YARN-9470,False
YARN-9487,True
HDFS-14433,False
HDFS-14432,False
HADOOP-15881,True
HDDS-1373,True
HDDS-1402,False
HDDS-1434,True
YARN-9349,False
HDDS-1376,True
HDDS-1374,True
HDDS-1432,True
HDFS-10477,True
YARN-9123,False
YARN-9466,False
YARN-8530,False
HDDS-1380,True
HADOOP-16253,False
YARN-8943,False
HADOOP-16249,False
YARN-9379,True
YARN-9439,False
YARN-9481,True
YARN-9474,False
HADOOP-16227,True
YARN-9281,False
HDDS-1198,False
HADOOP-16237,True
HADOOP-14747,True
HDDS-1387,True
HDDS-1428,False
HDDS-1285,False
HDDS-1420,True
HDDS-1419,True
HDDS-1421,True
HDDS-1426,False
HDDS-1363,True
HDDS-1416,False
HDDS-1404,True
HADOOP-14544,True
HADOOP-16118,False
HDDS-1410,False
YARN-9435,False
HDDS-1348,False
HADOOP-16052,False
HDFS-12245,True
HDDS-1417,True
HADOOP-16243,False
HDDS-1418,True
HDFS-14420,True
HDDS-1370,True
HDDS-1397,True
HADOOP-16179,False
HADOOP-11572,True
HADOOP-16240,True
YARN-9463,False
HDDS-1401,True
YARN-9433,False
HDDS-1393,False
YARN-999,True
HDDS-1388,False
HDDS-1405,True
HDDS-1383,False
HDDS-1372,True
HDDS-372,False
HDFS-14414,True
HDDS-1340,False
HADOOP-12890,True
HADOOP-14635,True
YARN-9413,True
YARN-9313,False
HADOOP-15242,False
HADOOP-10848,True
HDFS-14371,False
HDDS-1329,False
HDDS-1332,True
HDDS-1390,True
HDFS-14415,True
HDDS-1389,True
HDDS-1385,True
HDDS-1333,True
HDFS-14416,True
HDDS-1379,True
HDFS-14407,True
HDDS-1189,False
HADOOP-16208,True
YARN-9441,False
YARN-9396,True
HDFS-14389,True
HDDS-1349,False
HDDS-1207,False
YARN-9394,False
HDDS-1339,False
HDFS-14397,True
HDFS-14327,True
HDDS-1324,True
HDDS-1377,True
HDDS-1211,False
HADOOP-16233,False
HADOOP-16011,True
HADOOP-16210,True
HDFS-14394,False
HDDS-1164,True
HDDS-1365,False
HADOOP-16226,True
HDFS-13960,False
HDDS-1355,True
HDDS-1153,True
HDDS-1337,False
HADOOP-16218,False
YARN-9214,False
HADOOP-16225,True
YARN-9428,False
HDFS-14399,True
YARN-9431,True
YARN-9227,True
MAPREDUCE-7190,False
HDDS-1260,False
YARN-9255,False
HDDS-1322,True
HDDS-1255,False
HDDS-1360,True
HDDS-1312,False
HDDS-1295,True
HADOOP-16220,False
HDDS-1288,True
HDDS-1357,True
YARN-9348,False
YARN-7129,True
YARN-9270,False
HADOOP-16058,True
HDDS-1300,True
HDDS-1352,False
HADOOP-16199,True
HDFS-14392,True
HDDS-1350,False
HDDS-1293,True
HDDS-1318,False
HDFS-14395,True
HDFS-14391,True
HADOOP-15999,False
HADOOP-16186,True
HDFS-14295,False
HDDS-1346,False
YARN-9411,True
YARN-9269,False
HDDS-1264,True
HDDS-1262,False
HDFS-14304,False
HDDS-139,False
HDFS-14348,True
HDFS-14205,True
HADOOP-16037,False
HDFS-14037,True
HDDS-939,True
HDDS-1310,True
YARN-8967,True
HDDS-1334,True
HDFS-14359,True
YARN-9405,False
YARN-9268,False
HDDS-1217,False
YARN-9391,False
HDDS-1234,False
HDDS-1185,False
HDDS-1317,True
HDDS-1331,True
HDDS-1299,False
HDDS-918,True
HDDS-1302,True
HDDS-1291,True
HDDS-1205,False
YARN-9404,True
HDDS-1323,True
HADOOP-16201,False
YARN-9358,False
HADOOP-16147,False
HADOOP-16181,False
HADOOP-16196,False
HDDS-1320,True
HDDS-1321,True
YARN-9402,False
YARN-9267,False
HDDS-1233,False
HDDS-1246,False
HDDS-1072,False
YARN-9370,False
YARN-9398,False
HDFS-14176,True
YARN-9299,False
YARN-9357,True
HDDS-1306,True
HDDS-1308,True
HDDS-1307,True
YARN-9392,False
HDDS-1215,False
HADOOP-16172,False
YARN-9365,True
HADOOP-16191,False
YARN-9364,False
HDDS-1250,False
HADOOP-16124,False
YARN-9363,False
YARN-9385,False
HADOOP-16167,False
HDDS-1296,False
HADOOP-16192,True
HDFS-14328,False
YARN-9340,False
MAPREDUCE-7188,False
HADOOP-16055,True
HDDS-699,False
HDDS-1281,True
HDDS-1263,True
YARN-4404,False
HDDS-1283,True
HDFS-14366,False
HDDS-1138,True
HDDS-1259,False
HDDS-807,False
HDDS-1088,True
HDDS-1098,False
HDDS-761,False
HDDS-1265,True
HADOOP-15625,False
HDDS-917,True
YARN-8376,False
HDDS-1257,True
HDDS-1237,False
HDDS-1247,False
HDDS-1241,True
HDFS-14346,True
HDDS-1254,False
HDDS-1087,False
HADOOP-16166,True
HADOOP-16109,False
HDDS-1209,False
HDDS-1128,True
HDDS-1226,True
HDDS-1256,True
MAPREDUCE-7192,False
HDFS-14081,True
YARN-9381,False
YARN-9266,False
HDDS-1163,False
HDDS-1043,False
HDFS-14333,True
HDDS-1253,False
YARN-9336,True
HDDS-1095,True
HDDS-1214,False
HDDS-1173,False
HDDS-1245,False
HDFS-14347,True
HDDS-596,False
HDFS-14270,True
HDDS-1236,False
YARN-8805,False
HDDS-1238,False
HDDS-1210,True
HDDS-1220,True
MAPREDUCE-7191,False
HDDS-1240,True
HDDS-1242,True
HDDS-1235,False
HDDS-594,False
HDDS-1213,True
HDDS-1196,False
YARN-9265,False
HDDS-1232,False
HDDS-1208,True
YARN-9239,False
YARN-9341,True
YARN-5714,True
HDDS-1093,True
HDDS-1113,False
HDDS-1216,False
HDDS-1222,False
HDDS-1219,False
HADOOP-16114,True
HDDS-1225,False
HDDS-1184,False
HDDS-935,False
HDDS-1175,False
YARN-7266,True
HDFS-14111,True
YARN-8803,True
YARN-9138,False
HDFS-14326,False
HDDS-1188,False
HDDS-919,True
HDDS-1171,True
HDDS-1193,False
HADOOP-16150,True
HDDS-1218,False
HDDS-623,True
HDDS-1156,False
HDFS-7663,True
YARN-9298,False
HDFS-14336,False
HADOOP-16162,False
HADOOP-16148,False
HDFS-14321,False
HDFS-14314,True
HDDS-1183,False
HADOOP-14170,True
HDFS-14182,False
YARN-7477,False
YARN-9332,False
HDDS-134,False
YARN-7904,False
HDDS-1204,False
HDDS-726,False
YARN-9139,False
HDDS-1190,True
HDFS-13997,True
HDDS-1182,False
HDDS-1191,False
HDDS-1187,False
HADOOP-15889,False
YARN-9334,True
HDFS-14324,True
HADOOP-16068,True
HADOOP-16151,True
HADOOP-16067,True
YARN-9323,True
YARN-9322,True
YARN-9324,False
HDDS-1061,False
HADOOP-16018,True
HADOOP-16107,True
YARN-9245,False
HDDS-1176,False
YARN-9318,True
HDDS-1178,True
YARN-9121,True
HDDS-1019,True
YARN-9248,True
YARN-9087,False
YARN-8378,True
YARN-9311,True
HDDS-1177,False
HDDS-1174,False
YARN-8783,False
HADOOP-16093,False
HDDS-1104,False
HDDS-1038,False
HDFS-14299,True
YARN-9331,False
HDFS-14130,True
HDDS-1151,False
HADOOP-16125,False
YARN-9287,False
HDFS-7133,True
YARN-9329,True
YARN-9168,False
HDDS-1170,True
YARN-9213,True
HDDS-1070,False
HDDS-1152,False
HDDS-1145,False
HDDS-1115,False
HDDS-1090,False
HDDS-1089,False
HDDS-1149,True
HDDS-1154,False
HDDS-1168,False
YARN-9316,False
YARN-9238,True
YARN-9300,True
YARN-8821,False
HDDS-1120,False
HDDS-1155,False
HDDS-1147,False
HDDS-1167,False
HDDS-1166,False
HDDS-1165,True
HDDS-1158,False
HDFS-14118,True
YARN-9317,True
HDFS-14285,True
HADOOP-16129,True
YARN-9244,False
HDDS-1148,True
HDFS-14298,False
YARN-8132,True
YARN-9118,True
YARN-8891,False
YARN-9156,False
HDDS-1161,False
HDDS-1141,False
YARN-9319,True
YARN-9258,False
HDDS-1126,True
HADOOP-16035,False
HADOOP-16105,True
HDDS-1129,True
YARN-9315,False
HADOOP-15813,True
HDFS-14273,True
HDFS-14219,True
HDDS-1109,False
HDFS-14302,False
HDDS-1053,False
HDFS-14267,False
HDDS-1060,False
HADOOP-16104,False
HDDS-1135,False
HDDS-1130,True
HADOOP-15967,True
HDFS-14188,False
YARN-9286,True
YARN-9309,False
HDDS-1121,True
HDDS-1101,False
HADOOP-15843,False
HDDS-1085,False
HDDS-1122,True
HDFS-14296,False
HDFS-9596,False
HDFS-14287,True
HDDS-1106,True
YARN-9060,True
HADOOP-16116,True
YARN-7824,True
HDDS-1041,False
HDFS-14258,False
HDDS-1114,True
HDDS-1116,False
HDDS-1117,False
HDDS-1092,False
YARN-8927,False
HDDS-1076,True
HDDS-1110,False
HDDS-1082,True
YARN-9283,True
HDDS-1028,True
HDDS-1103,True
HDDS-1097,True
HDDS-905,False
YARN-8295,False
HDDS-1068,False
YARN-9284,True
HDDS-1099,True
YARN-9308,True
HDDS-1108,False
HDDS-1100,True
YARN-9295,True
YARN-9293,False
HDFS-13209,True
YARN-7761,True
HDDS-1096,True
HDFS-14241,False
HDDS-936,True
HDFS-14263,True
HDFS-14274,True
HDDS-1091,False
HADOOP-16108,False
HDDS-1034,True
HDDS-972,False
HADOOP-16097,False
HDDS-1047,True
YARN-9184,False
HDFS-14266,True
HDDS-1050,False
HDDS-1080,False
HDDS-1081,True
HDDS-360,True
YARN-9252,False
HDDS-1074,True
YARN-9253,False
YARN-9191,False
HDDS-1012,False
YARN-996,False
YARN-9229,False
HADOOP-16098,True
HDDS-1075,True
HDFS-14261,True
HDFS-14260,False
HDDS-1040,True
HDDS-1017,False
YARN-8555,False
HDDS-1077,False
HDDS-1078,True
YARN-8761,True
HDDS-1026,True
HDDS-1018,True
HDDS-1048,False
YARN-9282,False
HDFS-14172,False
HDDS-1033,True
HDDS-1073,True
HDDS-981,True
YARN-9257,True
HDDS-1069,False
HDFS-14140,True
HADOOP-15281,True
YARN-7171,False
HDDS-1071,False
HDDS-922,False
YARN-9206,True
HDDS-1010,False
YARN-8498,True
YARN-8219,True
YARN-7627,True
HDDS-1044,True
HDFS-14242,True
HDDS-1027,True
HDFS-14231,True
HADOOP-15549,True
HDDS-631,True
HDDS-776,False
HADOOP-16074,True
HDDS-987,False
HADOOP-15229,True
YARN-9275,False
YARN-9149,True
HDDS-1029,True
HADOOP-15938,False
HDDS-1039,False
HDFS-14125,False
HADOOP-16076,True
HDFS-13713,True
YARN-9262,True
YARN-9263,False
HADOOP-16089,False
MAPREDUCE-7177,True
HDFS-14158,True
HDFS-14232,True
HDDS-1021,False
YARN-9231,True
HDDS-1037,False
HADOOP-16079,False
HDDS-997,True
HDDS-1025,True
HADOOP-16084,True
HDDS-956,False
YARN-9099,True
HDDS-1035,True
HDDS-549,False
HDDS-1016,False
HDDS-1031,True
HDDS-1030,True
YARN-9251,True
HDDS-1032,True
HDDS-1024,True
HADOOP-14178,True
HDFS-14236,True
YARN-6616,True
HDDS-1004,True
YARN-9086,True
HDDS-1022,True
YARN-9237,True
YARN-8901,True
YARN-9074,False
HDFS-12729,True
HDDS-974,False
HDDS-989,False
HADOOP-16075,False
HADOOP-16049,True
HDDS-1013,True
YARN-9221,False
HDDS-1011,True
YARN-9222,True
HDDS-991,True
HDFS-14084,True
HDFS-14228,True
HDDS-793,False
HDDS-1009,True
HDDS-973,True
HDDS-990,True
HDDS-906,False
HDDS-1007,True
HDDS-1006,True
HADOOP-16065,True
YARN-7088,True
YARN-8867,False
HDDS-948,False
HDDS-1002,True
HDDS-996,False
HDDS-993,True
YARN-9116,False
YARN-8961,True
HDDS-980,False
HDFS-14185,False
HDDS-975,False
HDFS-14061,False
HDDS-764,False
HDFS-14153,False
HDDS-982,True
YARN-8101,False
HDDS-932,True
YARN-9210,True
HDFS-14218,True
HADOOP-15922,True
YARN-9146,False
HDDS-992,True
HDDS-913,True
HDFS-14221,False
HDFS-14222,False
HDFS-14207,True
YARN-9204,True
YARN-9194,True
YARN-8747,True
YARN-9173,True
HADOOP-16046,False
YARN-8489,False
HDDS-983,False
HDDS-943,False
HADOOP-15481,True
HDDS-959,True
YARN-9197,True
HDFS-14213,True
HDDS-984,False
HDDS-960,False
HDDS-597,True
HADOOP-15617,True
YARN-9203,True
HDDS-971,True
HDDS-898,False
HDDS-967,False
HDDS-970,False
HDDS-964,False
HDDS-945,False
HDDS-963,False
HDDS-938,False
HDDS-955,False
HDDS-102,False
HDDS-937,False
HDDS-805,False
HDDS-929,False
HDDS-115,True
HDDS-884,False
HDDS-804,False
HDDS-696,False
HDDS-873,False
HDDS-9,False
HDDS-8,False
HDDS-836,False
HDDS-778,False
HDDS-592,False
HDDS-753,False
HDDS-760,False
HDDS-103,False
HDDS-101,False
HDDS-684,False
HDDS-704,False
HDDS-591,False
HDDS-588,False
HDDS-10,False
HDDS-566,False
HDDS-547,False
HDDS-548,False
HDDS-546,False
HDDS-100,False
HDDS-70,False
HDDS-7,False
HDDS-6,False
HDDS-5,False
HADOOP-15941,True
HDDS-978,True
HADOOP-16019,False
YARN-9179,True
HDDS-977,True
HADOOP-14556,True
HADOOP-16043,True
HADOOP-15994,True
HADOOP-16045,False
HADOOP-16029,False
HDDS-947,False
HDFS-14198,True
HADOOP-16016,True
HADOOP-16036,True
HDDS-941,False
HADOOP-16027,False
YARN-8833,True
HDFS-14132,True
YARN-6523,False
HDDS-965,False
HDFS-14189,True
HDDS-924,False
HDDS-969,True
HDDS-968,False
YARN-9037,False
HDDS-926,False
HADOOP-16031,True
HADOOP-15996,True
YARN-8822,False
YARN-9169,False
HDDS-931,False
HDDS-946,False
HDDS-930,False
HDDS-902,False
HDDS-901,False
HDDS-916,False
HADOOP-15937,False
HADOOP-16030,True
YARN-9160,False
YARN-9141,False
YARN-9178,True
HDDS-915,False
YARN-9166,False
HDDS-896,False
HADOOP-15997,True
YARN-9038,False
YARN-9164,True
YARN-9147,False
HDDS-957,True
HADOOP-15323,False
HDFS-14163,False
HDFS-14184,False
HDDS-393,False
HDDS-482,True
HDDS-949,False
MAPREDUCE-7174,True
HADOOP-16009,False
HDFS-14183,True
HDFS-14171,True
YARN-8894,False
YARN-8878,False
HADOOP-15962,False
HADOOP-15819,True
HDDS-951,False
YARN-9090,False
YARN-9125,False
HDFS-14046,True
HDDS-921,False
HDFS-14165,True
HDFS-13946,False
HDFS-14166,True
YARN-9154,True
YARN-5168,True
HADOOP-16014,False
YARN-9132,False
YARN-8925,False
YARN-9152,False
YARN-9131,False
HADOOP-16015,False
HADOOP-15965,False
HDDS-881,False
HADOOP-15973,True
HDDS-934,True
HADOOP-15935,False
YARN-9130,False
MAPREDUCE-7166,False
HDFS-13661,True
YARN-9129,False
YARN-9126,False
HDDS-893,True
HDDS-940,False
YARN-9084,True
YARN-9075,True
YARN-9117,False
HDDS-933,False
HDDS-911,False
YARN-9072,False
HDDS-914,False
HDDS-912,True
HDDS-925,False
HDDS-539,True
HADOOP-16008,True
HDDS-99,False
HDDS-908,True
YARN-9040,True
HDFS-14096,False
YARN-9095,False
YARN-9091,False
YARN-8963,False
YARN-9089,False
HADOOP-16000,True
YARN-9122,False
YARN-9032,False
HDFS-14088,True
HDFS-14145,True
HDFS-14121,False
HDFS-13970,False
HDFS-13985,False
HDDS-876,True
MAPREDUCE-7170,True
YARN-8962,False
YARN-9112,False
YARN-8714,False
YARN-8885,False
YARN-9015,False
YARN-9078,False
HDFS-14144,True
HADOOP-15995,True
HADOOP-15988,False
HDDS-889,False
YARN-9114,True
YARN-9008,True
YARN-9051,False
HDFS-14137,True
HADOOP-15808,True
HADOOP-15845,False
HDDS-872,False
HADOOP-15987,False
HADOOP-15428,False
YARN-8738,True
HDDS-879,False
YARN-9009,True
HDDS-870,True
HDFS-14001,False
YARN-8914,False
YARN-9085,False
HDDS-892,False
HDDS-858,False
HDDS-880,True
MAPREDUCE-7159,True
HDDS-864,False
YARN-9013,False
YARN-9025,True
YARN-9071,True
YARN-9019,True
YARN-8985,False
YARN-8994,True
YARN-9057,False
HADOOP-15974,True
YARN-9041,False
HDFS-13999,True
HADOOP-15966,True
HDDS-890,False
HADOOP-15970,True
HDDS-894,False
HADOOP-15950,False
HDFS-14119,False
HDDS-885,True
HDFS-13818,False
HDFS-12946,False
HDDS-848,True
HDFS-14075,True
HDDS-882,False
HDDS-887,False
HDDS-748,False
YARN-7794,True
HDFS-14105,False
HDFS-14106,False
YARN-9036,True
HDDS-886,True
HADOOP-15959,True
HADOOP-15957,False
MAPREDUCE-7165,True
HDFS-13870,True
YARN-9010,True
HDFS-14112,False
HDDS-877,False
HDFS-14095,False
YARN-9067,True
HADOOP-15932,False
HDDS-850,True
YARN-9069,False
HADOOP-14927,True
HDDS-808,False
HDDS-642,True
YARN-4245,False
YARN-9030,True
YARN-8934,False
YARN-8989,False
YARN-8975,False
YARN-8974,False
YARN-9061,False
MAPREDUCE-7164,False
YARN-8882,False
HDFS-14102,False
HDFS-14108,False
HDDS-284,False
HADOOP-15947,True
HADOOP-15798,False
HADOOP-15370,False
YARN-8812,True
MAPREDUCE-6190,True
YARN-9044,True
HDDS-839,True
YARN-9056,True
HDDS-846,False
YARN-8665,False
YARN-8986,False
YARN-8488,False
HDDS-766,True
MAPREDUCE-7162,True
YARN-9058,False
HDDS-868,False
YARN-8298,False
YARN-9054,False
HDFS-13816,True
HADOOP-15948,True
HDDS-820,False
HADOOP-15358,True
HADOOP-15943,False
YARN-9042,True
HDDS-869,True
HDDS-841,True
HDDS-866,True
HDDS-602,True
YARN-8984,True
HDDS-814,False
YARN-8964,True
HDDS-795,False
HDDS-861,True
HDDS-853,False
HDDS-816,True
HDDS-865,True
HDDS-732,False
HDDS-791,False
YARN-8936,True
HDDS-860,True
HDDS-835,False
HDDS-855,True
YARN-8992,True
YARN-8838,False
HDDS-852,False
HADOOP-14739,False
HDDS-164,False
HDDS-692,True
HDDS-817,True
YARN-8953,False
YARN-8778,False
HADOOP-15939,True
HDDS-718,False
HDDS-849,True
YARN-8960,False
YARN-8881,False
HDDS-847,True
HDDS-837,False
HDDS-845,True
HADOOP-15919,False
HDDS-844,True
HDFS-14015,True
HDDS-120,False
YARN-8160,False
YARN-8299,False
YARN-9001,False
YARN-8860,False
HDDS-840,True
HDDS-801,False
HDFS-14063,False
YARN-8303,False
HDFS-14056,True
HDFS-13963,True
HADOOP-15925,True
HDDS-825,True
HDDS-842,True
HDDS-843,True
HDDS-821,False
HADOOP-12558,False
HADOOP-15936,False
HDFS-14045,False
HDDS-223,False
HDDS-827,False
HDDS-828,True
HDDS-528,False
HDDS-658,False
HDDS-832,True
HADOOP-15926,True
HADOOP-15930,True
HDDS-819,True
HDDS-774,False
HDDS-834,True
HADOOP-15917,False
MAPREDUCE-7158,True
YARN-8918,False
HDDS-675,True
HADOOP-15869,True
HDFS-14070,False
HADOOP-15912,True
HADOOP-15923,True
HDDS-831,True
HDFS-14065,True
YARN-8862,False
YARN-7599,False
YARN-7953,False
YARN-7708,False
YARN-7402,False
YARN-7707,False
YARN-6648,False
YARN-3660,False
YARN-8997,False
HDDS-709,True
YARN-8776,False
HDDS-576,True
YARN-8877,False
HADOOP-15110,False
YARN-8987,False
HDDS-767,True
YARN-8902,False
YARN-8933,False
YARN-8233,True
YARN-9002,True
HDDS-826,False
HDDS-733,False
HADOOP-15916,True
HDDS-824,True
YARN-8990,True
YARN-8988,False
HDDS-823,True
HDDS-812,True
HADOOP-15903,True
HDDS-806,True
HDFS-14039,True
HDFS-13772,True
HDDS-802,True
HDDS-737,False
YARN-8880,False
YARN-8977,False
MAPREDUCE-7148,False
YARN-8866,True
HADOOP-15907,False
HDDS-809,False
YARN-8976,False
MAPREDUCE-7156,True
HDFS-14048,True
YARN-8957,False
HDDS-810,False
HDFS-14051,False
HDDS-798,False
YARN-8865,True
HDDS-811,True
HADOOP-15902,False
HADOOP-15904,False
YARN-8970,True
YARN-8969,False
HDFS-14053,True
YARN-8858,True
HDFS-14043,True
HDFS-14042,True
HDDS-794,False
HDDS-799,True
HDDS-797,True
YARN-8687,False
YARN-8938,True
HDDS-524,True
HDDS-796,True
HADOOP-15900,True
HADOOP-15899,True
HDFS-14049,True
HADOOP-15687,False
YARN-8905,False
YARN-8893,False
YARN-8932,True
YARN-8897,True
YARN-8954,False
HADOOP-15885,False
HDDS-788,False
HADOOP-15339,False
HDDS-751,False
HDFS-13996,False
HDFS-14008,False
YARN-7225,False
HADOOP-15895,False
HADOOP-15781,True
HDDS-775,True
HDDS-771,True
HDDS-786,True
HDDS-697,True
YARN-8404,True
YARN-7765,True
HDDS-777,True
HDDS-677,False
HDDS-759,False
HDDS-773,False
HDDS-659,False
HDDS-712,True
HDFS-14033,False
HDFS-13942,False
HDDS-755,False
YARN-8006,False
HDDS-754,True
HDDS-762,True
HADOOP-15886,True
YARN-6729,True
YARN-8854,True
HADOOP-15855,False
HDDS-721,True
HDDS-749,False
YARN-8950,True
HDFS-14027,True
HDFS-13719,False
MAPREDUCE-7027,True
HADOOP-15866,True
HDDS-620,False
HDDS-743,False
HDDS-728,True
HDDS-727,True
HDDS-714,True
HDDS-443,False
HDDS-604,True
HDDS-568,True
HDDS-559,True
HDDS-478,True
HDDS-573,False
HADOOP-15850,True
HDDS-739,False
HADOOP-9567,True
HDDS-744,True
YARN-8569,True
HDFS-14028,True
YARN-8921,False
HDDS-694,True
HADOOP-15815,True
HADOOP-15868,False
HADOOP-15882,False
HDDS-682,True
HDDS-702,True
HDFS-14029,False
YARN-8930,True
YARN-8929,True
HADOOP-15864,True
HDDS-703,True
HDDS-643,False
HDFS-13941,True
HDFS-14026,False
YARN-8941,True
HDFS-14025,True
HDDS-719,True
HDFS-14003,True
HDDS-516,False
HDDS-693,False
MAPREDUCE-7151,True
HDFS-14021,True
YARN-8911,True
HDDS-716,True
YARN-8939,True
HADOOP-14775,False
HADOOP-15856,True
HADOOP-15822,True
YARN-8814,True
MAPREDUCE-4669,True
YARN-8919,True
YARN-8904,True
HADOOP-15873,True
HDDS-676,True
HDDS-708,True
HDDS-695,False
YARN-8826,True
YARN-8873,True
YARN-8868,True
YARN-8923,False
YARN-8542,False
YARN-8922,True
HDDS-705,False
HDDS-638,True
YARN-7502,True
HDDS-544,True
HDDS-707,False
HADOOP-15821,True
HDFS-13983,True
HADOOP-15836,True
HDDS-679,False
HDDS-621,False
HDDS-612,True
YARN-8910,True
HDFS-9872,True
HDFS-13994,False
HDDS-701,False
YARN-8908,False
YARN-8916,False
HDDS-672,True
HDDS-680,False
YARN-8449,False
YARN-8907,False
HDFS-14005,True
HDFS-14007,True
HDFS-14002,True
HDFS-14009,True
YARN-8618,False
YARN-8899,True
YARN-6098,False
HDDS-690,True
YARN-8456,False
HDDS-673,True
HDFS-13990,True
HDFS-13668,True
YARN-8864,True
HDDS-687,True
HDDS-678,False
HDDS-670,True
HDDS-683,False
HDFS-14000,True
HDDS-651,False
HADOOP-15859,True
HADOOP-11100,False
HDDS-661,True
HDDS-662,True
HDDS-527,False
HDDS-563,False
YARN-8759,True
HADOOP-15861,True
HADOOP-15854,False
HDDS-656,True
HDFS-13662,True
HADOOP-15802,True
YARN-8582,False
YARN-8810,True
HDDS-665,False
YARN-8892,True
YARN-8798,False
YARN-8870,False
YARN-8875,False
MAPREDUCE-7150,False
YARN-8448,True
HADOOP-15826,False
HADOOP-15848,False
HDFS-13993,True
HDDS-378,False
HDDS-667,True
MAPREDUCE-7132,True
YARN-8879,True
HDDS-657,False
HADOOP-15857,True
HDDS-439,False
HDDS-490,True
HADOOP-15853,True
HDDS-629,True
HDDS-579,True
HDDS-603,True
HADOOP-14445,True
HDFS-13987,False
YARN-8775,True
YARN-8869,True
YARN-8830,True
YARN-8836,False
HDDS-519,False
HDDS-653,True
HDDS-654,False
HDDS-518,False
HDDS-616,False
HDDS-613,False
HDDS-445,False
HDDS-646,True
HDDS-587,True
HDDS-645,False
HDDS-644,True
HDDS-624,True
HDDS-606,False
HDDS-639,True
HDDS-555,True
HDDS-641,True
HDDS-577,False
HDFS-13802,True
HDFS-13945,True
HDFS-13156,False
HADOOP-15831,False
HADOOP-15837,False
HDDS-628,True
HDDS-609,True
HDFS-13973,True
HDDS-625,True
HDDS-634,True
HDDS-636,True
HDDS-550,True
HADOOP-15717,False
HADOOP-15676,True
HDDS-627,True
HDFS-13878,False
HDFS-13877,False
HDFS-13968,False
HDDS-601,True
HDFS-13951,True
MAPREDUCE-7149,False
HADOOP-15679,True
YARN-7274,False
YARN-8590,False
YARN-8777,False
HDDS-630,True
YARN-8710,True
YARN-8861,True
YARN-8753,True
YARN-8666,True
HADOOP-15785,True
HADOOP-15708,True
HDDS-619,False
HDFS-13976,True
HDFS-13956,False
HADOOP-15839,True
HDFS-13882,False
HADOOP-15835,True
HDDS-608,True
YARN-7644,False
HADOOP-15820,True
HDDS-517,False
HDFS-13949,True
YARN-8827,False
HDFS-13926,True
YARN-8720,True
YARN-8813,False
HDDS-583,True
HDDS-564,False
YARN-8807,False
YARN-8845,True
HDDS-585,False
HDFS-13979,False
HADOOP-15550,True
MAPREDUCE-7130,True
HDDS-590,True
YARN-7652,True
YARN-8852,False
HDDS-450,True
HDDS-599,True
YARN-8853,True
YARN-8468,False
MAPREDUCE-7035,True
HADOOP-15827,True
HDFS-13967,False
HADOOP-15775,True
HADOOP-15818,True
HDFS-13962,True
HDFS-13768,True
YARN-8763,False
YARN-8843,True
YARN-8659,True
HDDS-521,False
YARN-7825,True
YARN-8788,True
HDFS-13964,True
YARN-8819,True
HDDS-571,False
YARN-4254,True
YARN-8644,False
HDFS-13958,False
HDDS-512,False
HDDS-575,True
HADOOP-15791,True
YARN-8797,True
YARN-7957,True
HDDS-578,True
HADOOP-15816,True
HDDS-479,True
HDDS-354,True
HDDS-572,False
HDDS-565,True
HDFS-13957,True
HDFS-13950,False
YARN-8732,False
YARN-8844,True
YARN-8758,False
HADOOP-15817,True
YARN-8840,True
MAPREDUCE-6896,True
YARN-8808,False
HDFS-13947,False
HDDS-567,False
HDDS-526,True
HDDS-561,False
HDDS-557,False
HDDS-448,False
HDDS-401,True
HADOOP-15814,True
HDFS-13944,False
HDDS-520,False
HADOOP-15767,True
HDDS-560,False
YARN-8785,False
HDFS-13936,False
HDFS-13943,False
HDDS-562,False
YARN-8621,False
YARN-8760,False
HDDS-525,False
HDDS-325,True
YARN-8809,False
YARN-6672,True
YARN-8427,False
YARN-6794,False
YARN-8240,False
YARN-6675,True
YARN-6739,False
YARN-5473,False
MAPREDUCE-6926,True
YARN-7491,True
YARN-6750,True
YARN-6921,False
YARN-7337,False
YARN-7460,False
YARN-1015,False
HDDS-391,False
HDDS-455,False
YARN-8800,False
HDDS-289,True
YARN-8734,False
YARN-8774,True
HDFS-8196,False
YARN-8829,True
HDFS-13938,True
HADOOP-15764,False
HDDS-551,True
YARN-6456,False
HDFS-13932,True
YARN-8804,True
HDFS-13840,True
HDFS-13790,False
HDFS-13927,True
YARN-8824,True
YARN-7974,False
HDDS-554,False
HADOOP-15693,True
YARN-8745,True
YARN-8752,True
HDDS-370,False
YARN-8623,False
HADOOP-15671,True
HDFS-12319,True
HADOOP-15783,False
YARN-8815,True
YARN-8817,False
HDDS-444,False
YARN-8616,False
YARN-6338,True
MAPREDUCE-7125,True
HDDS-441,False
YARN-8696,False
HDFS-13876,True
HDDS-447,True
HDFS-13937,False
YARN-8742,True
YARN-4511,True
YARN-6510,True
HDFS-13830,True
YARN-8769,False
YARN-8658,False
YARN-8628,True
HADOOP-15735,True
HDDS-514,True
HDDS-394,True
YARN-8801,False
HADOOP-15726,False
HADOOP-15756,False
HDDS-511,False
HADOOP-15748,True
HADOOP-15736,True
HDFS-13892,True
YARN-8784,True
HDDS-513,True
HADOOP-15772,True
HDDS-214,True
HDDS-509,True
HADOOP-15684,True
HDDS-507,True
HDDS-460,True
YARN-8791,False
YARN-8757,False
HDFS-13908,True
HDDS-461,True
HDDS-458,True
HDDS-502,True
HDDS-476,True
YARN-8771,True
HDFS-13868,True
HDDS-506,True
HDDS-497,True
HDFS-13833,True
HDDS-488,False
HDDS-503,True
HDDS-500,True
HDFS-13886,True
HDFS-13838,True
HDDS-501,True
MAPREDUCE-7138,True
MAPREDUCE-7137,True
HDDS-496,True
HDDS-440,True
MAPREDUCE-3801,True
HADOOP-15755,True
HDDS-495,True
YARN-8648,True
HDDS-366,False
HDDS-464,True
HDFS-11719,True
HDDS-483,True
HADOOP-15759,True
HADOOP-15304,False
YARN-8787,True
HDDS-468,False
HDDS-481,True
YARN-8652,True
YARN-8726,True
HDDS-491,True
HADOOP-15742,False
HDDS-352,False
HDDS-487,True
HDDS-475,True
HDFS-13844,True
HADOOP-15754,False
HADOOP-15745,False
HDDS-463,True
HDDS-435,False
HDFS-13919,True
HDDS-399,True
YARN-8782,True
HADOOP-15673,False
YARN-8715,False
HDDS-362,False
HDDS-470,True
HDDS-469,False
HDDS-465,True
HDDS-462,False
HDDS-449,False
HDDS-409,True
HDDS-446,False
HDDS-466,True
HDDS-419,True
MAPREDUCE-7140,True
HDDS-454,False
HDDS-452,True
HDDS-389,True
HDDS-429,False
YARN-8748,True
YARN-8706,False
HDDS-438,False
YARN-8772,True
HADOOP-15733,True
HDDS-423,True
HDDS-233,True
HDDS-420,True
HDDS-433,True
HDDS-414,True
MAPREDUCE-7133,True
HDDS-456,True
HDFS-13914,True
YARN-8729,True
YARN-8630,True
HDDS-415,True
HADOOP-12760,True
HDDS-395,True
YARN-8768,True
HDDS-436,False
HDFS-13846,True
HADOOP-15750,False
HDDS-428,False
HADOOP-15635,False
YARN-8740,False
YARN-8739,False
YARN-7865,False
YARN-8721,False
YARN-7863,False
YARN-8574,False
YARN-8103,False
YARN-8351,False
YARN-7892,False
YARN-8104,False
YARN-8100,False
YARN-7875,False
YARN-8117,False
YARN-8033,False
YARN-8092,False
YARN-8094,False
YARN-7988,True
YARN-7871,False
YARN-7965,False
YARN-7856,False
YARN-6858,False
YARN-7757,False
YARN-7840,False
YARN-7842,False
YARN-6856,False
YARN-6855,False
HDDS-425,False
YARN-8664,True
HADOOP-15584,False
HADOOP-15644,True
HDFS-13902,True
HADOOP-14833,True
HDDS-432,True
HDDS-424,True
HDDS-416,True
MAPREDUCE-7136,True
HDDS-431,True
HDDS-222,False
MAPREDUCE-7135,True
HADOOP-14671,True
HDFS-13051,True
HDFS-13237,False
YARN-8709,True
HDDS-403,True
HDDS-421,True
HDDS-410,True
HDDS-417,False
HADOOP-15677,False
HDFS-13884,False
HDFS-13895,True
HDFS-12716,True
YARN-8698,False
HDFS-13862,True
YARN-8751,True
HADOOP-15731,False
HDFS-13820,False
HDDS-398,False
HDDS-400,True
HDDS-190,False
HDFS-13744,False
YARN-8699,True
HDDS-351,True
HDDS-408,True
HDDS-397,True
HDFS-13836,True
HDDS-406,True
HDFS-13695,False
HDDS-297,True
MAPREDUCE-7131,True
HDDS-405,True
HDDS-404,False
YARN-8730,True
HDDS-303,False
HADOOP-15707,False
HADOOP-15696,True
HDFS-13815,True
HDDS-358,True
YARN-8638,False
HDDS-333,False
HDDS-315,True
HDDS-268,True
HADOOP-10219,True
HDFS-13812,True
HDDS-383,True
HDDS-396,True
HDDS-369,True
HDFS-13857,False
HDDS-98,True
HDDS-75,False
HDFS-13885,False
HDDS-343,True
HDDS-336,False
HDFS-13774,True
HDFS-13867,True
HDDS-263,True
HDDS-357,True
YARN-8535,True
HDDS-392,False
HDDS-379,False
HDDS-388,True
HDFS-13027,True
HADOOP-15706,True
HADOOP-15107,False
HADOOP-15680,True
HADOOP-15667,False
HADOOP-15698,True
HDFS-13863,True
YARN-8051,False
HADOOP-15705,True
HDDS-280,True
YARN-8642,False
HDFS-13634,False
HDDS-380,True
YARN-8723,True
HDFS-13854,False
HDDS-365,True
HDFS-13831,False
YARN-8697,False
HDFS-13731,True
HDDS-382,True
HDFS-13837,True
HDDS-376,False
HDFS-13861,True
HDDS-359,True
HDDS-332,True
HDDS-381,True
HDFS-13858,True
HDDS-247,True
HADOOP-15633,True
HADOOP-15699,False
YARN-8675,True
YARN-8705,False
HDFS-13849,False
YARN-8719,True
HDDS-377,False
MAPREDUCE-6861,True
HDDS-227,True
HDDS-313,True
HDDS-374,False
HDDS-334,True
HDFS-13848,True
HDDS-364,True
YARN-8632,True
HDDS-363,False
HDDS-317,False
YARN-7773,True
HDFS-13805,True
HDDS-328,False
HADOOP-15656,False
YARN-8649,True
HADOOP-14314,True
YARN-8015,False
HDDS-356,True
HDDS-342,False
HDDS-350,True
HDDS-265,True
HADOOP-15689,False
HDFS-13821,False
HDFS-10240,True
YARN-8673,False
YARN-8581,False
YARN-7494,False
YARN-8683,False
YARN-8129,False
HADOOP-9214,False
HADOOP-15655,True
HDFS-13732,True
HDFS-13217,False
HDFS-13819,True
HDFS-13658,False
HDFS-13447,False
HDFS-13785,True
HDFS-13799,True
HDFS-13792,True
HADOOP-14212,False
HDFS-13750,False
HDDS-353,False
YARN-8679,True
YARN-7835,True
HADOOP-14624,False
YARN-8640,True
HDDS-355,True
HDFS-13822,False
HADOOP-15674,True
HDDS-218,False
HADOOP-8807,True
HDFS-13747,True
YARN-8612,True
HDDS-119,True
YARN-8667,True
HDFS-13746,True
HDDS-179,True
HADOOP-15642,True
YARN-8474,True
YARN-8656,True
HDFS-13829,False
HADOOP-15552,False
HDDS-347,True
HADOOP-15456,False
YARN-8614,True
HDDS-298,False
HDFS-13788,False
HDFS-13758,True
HDDS-324,True
YARN-8568,True
HDDS-345,True
HDFS-13738,True
HDFS-13813,False
HDFS-13786,True
YARN-7417,False
HDFS-13735,False
HDFS-13823,True
HADOOP-15638,True
HDDS-346,True
HADOOP-15084,False
HADOOP-15256,False
HADOOP-15645,False
YARN-8561,False
HDDS-308,True
HDFS-13808,False
HDFS-13076,True
HDFS-13165,False
HDFS-13166,False
HDFS-13110,False
HDFS-13097,False
HDFS-13077,False
HDFS-13050,False
HDFS-13075,False
HDFS-13057,False
HDFS-13033,False
HDFS-13025,False
HDFS-12911,False
HDFS-12955,False
HDFS-12106,False
HDFS-12790,False
HDFS-12310,False
HDFS-12556,False
HDFS-12570,False
HDFS-12291,False
HDFS-12225,False
HDFS-12214,False
HDFS-12152,False
HDFS-12141,False
HDFS-12146,False
HDFS-11874,False
HDFS-11264,False
HDFS-11965,False
HDFS-11670,False
HDFS-11966,False
HDFS-11726,False
HDFS-11762,False
HDFS-11883,False
HDFS-11695,False
HDFS-11572,False
HDFS-11334,False
HDFS-11338,False
HDFS-11336,False
HDFS-11239,False
HDFS-11243,False
HDFS-11309,False
HDFS-11186,False
HDFS-11150,False
HDFS-11293,False
HDFS-11289,False
HDFS-11248,False
HDFS-11032,True
HDFS-11123,False
HDFS-10885,False
HDFS-11151,False
HDFS-10802,False
HDFS-11068,False
HDFS-11029,False
HDFS-10954,False
HDFS-10884,False
HDFS-10801,False
HDFS-10800,False
HDFS-10794,False
YARN-8559,True
HDFS-13721,True
YARN-8520,False
HDDS-327,True
HDDS-339,True
HDFS-13795,True
YARN-8575,True
YARN-8521,True
HDDS-245,False
YARN-4946,False
YARN-8136,False
YARN-8588,False
YARN-8331,True
HDDS-344,True
HDDS-219,False
YARN-8633,True
YARN-8426,True
HADOOP-15583,False
HDDS-267,True
YARN-8601,False
HADOOP-15576,False
HDFS-13728,False
HADOOP-15400,False
HDDS-124,False
YARN-8626,False
YARN-8407,True
YARN-8629,True
YARN-7089,False
HDFS-13796,False
HDDS-301,True
HDDS-230,True
YARN-8624,False
YARN-8287,False
HADOOP-15626,False
HDFS-11610,True
YARN-8615,True
YARN-8620,True
YARN-8608,True
YARN-8603,True
HDDS-300,False
HDDS-312,False
YARN-7948,False
YARN-6966,True
YARN-7159,True
YARN-7542,True
YARN-8263,False
YARN-8318,True
HDDS-290,True
HDDS-304,False
YARN-8592,True
YARN-8594,True
YARN-8518,True
HDDS-310,True
YARN-8593,True
HADOOP-15607,False
YARN-8610,True
HADOOP-15476,True
YARN-8600,True
YARN-8155,False
YARN-8403,True
YARN-8595,True
YARN-8606,True
YARN-8591,True
YARN-8522,True
HDDS-226,True
YARN-8397,True
HDDS-271,False
YARN-8579,True
YARN-8418,True
YARN-8508,True
HADOOP-15593,True
YARN-8545,False
YARN-8546,False
YARN-8301,False
YARN-8528,True
HADOOP-15637,True
YARN-8605,True
YARN-8175,True
HDDS-279,True
HDDS-305,False
HDDS-293,False
YARN-8584,False
YARN-8558,True
HDDS-287,False
HDDS-302,True
HDDS-248,False
HDDS-273,True
HDDS-246,True
YARN-8596,True
YARN-8517,False
YARN-8566,False
YARN-8571,True
HDFS-13765,True
HDFS-13727,False
YARN-8429,True
HDDS-270,False
HADOOP-15629,False
HDDS-291,True
HDDS-277,True
HDFS-13622,True
HDDS-201,False
HADOOP-15611,False
YARN-8577,True
YARN-8330,True
HDFS-11060,False
YARN-4606,True
HADOOP-15395,True
HDDS-288,True
HDDS-266,True
HDDS-285,False
YARN-8541,True
HDDS-203,False
HADOOP-15612,False
HADOOP-15609,False
HDFS-13761,False
HADOOP-15536,False
HADOOP-15522,False
HADOOP-15465,False
HDFS-13448,False
YARN-7133,False
HDDS-282,True
YARN-7748,True
HDDS-272,True
YARN-8548,True
YARN-8544,True
YARN-8434,True
HDDS-262,True
HDDS-258,False
HDFS-13583,False
YARN-8380,True
HADOOP-15509,True
HADOOP-15586,False
HDDS-199,False
YARN-8360,True
HDDS-181,True
HDDS-249,True
HADOOP-15596,False
HDDS-260,False
HDDS-239,True
HDDS-275,True
HDDS-257,True
HDDS-250,False
HDDS-256,True
YARN-6964,True
HDDS-264,True
HDDS-259,False
HDDS-269,True
HDFS-13743,False
YARN-7300,False
YARN-6995,False
MAPREDUCE-7118,True
YARN-8436,True
HADOOP-15614,True
YARN-8501,False
HADOOP-15610,True
HDDS-255,False
HDDS-207,True
YARN-8538,True
HDDS-241,True
HADOOP-15394,False
HDFS-13733,False
HDFS-13485,True
HDFS-13690,False
HADOOP-15598,False
YARN-8511,True
YARN-8524,True
HDFS-13524,True
YARN-8421,True
HDFS-13475,False
HDDS-254,True
HDDS-251,True
HDDS-210,True
HADOOP-15531,True
YARN-8515,True
HDDS-232,True
HDDS-253,True
HDDS-238,False
HDDS-187,True
HDFS-13663,True
HDDS-234,True
HDFS-13729,True
HDDS-228,False
HADOOP-15349,False
HADOOP-15316,True
HDFS-12837,True
HDDS-242,False
HDFS-13723,True
HADOOP-15594,True
HDFS-13726,False
HADOOP-15541,True
YARN-8491,True
YARN-8512,True
YARN-8383,True
YARN-8473,True
HDDS-208,True
HDFS-13722,True
YARN-8502,False
HADOOP-15384,False
YARN-7899,False
HADOOP-15121,True
HDDS-48,False
HDDS-240,False
HDDS-224,False
HADOOP-15568,False
HADOOP-15581,False
HADOOP-15591,False
YARN-8506,False
HDDS-213,False
HDFS-13710,False
HDFS-13674,False
HDDS-235,False
HDDS-217,False
HADOOP-15571,True
HDDS-237,False
YARN-8302,False
HDDS-211,False
HDFS-13121,True
HDDS-167,True
YARN-8492,True
YARN-7451,True
YARN-7556,True
HDDS-204,False
HDDS-182,False
HDDS-229,False
YARN-8435,True
HDDS-212,False
HDFS-13528,False
HDDS-175,True
HDDS-198,False
YARN-8459,True
HDDS-176,False
HDDS-205,False
HDFS-13712,False
HDFS-13715,True
HDFS-13714,True
YARN-8415,True
YARN-8485,False
HDDS-206,True
HDFS-13536,False
YARN-8465,False
HDFS-13635,True
HADOOP-15554,True
HADOOP-15252,False
HDFS-13702,True
HDFS-13703,False
HADOOP-15574,True
HADOOP-15548,True
YARN-8481,False
YARN-8451,True
YARN-8469,True
YARN-8455,True
HDFS-13707,True
HDDS-169,False
HDDS-178,False
HDDS-185,False
HDDS-183,False
YARN-8379,True
HDDS-173,True
YARN-8409,True
HDFS-13705,True
HDDS-195,False
HADOOP-14313,False
HADOOP-15495,True
HDDS-193,False
HDDS-94,True
HDDS-170,False
HDDS-186,True
HDDS-194,False
YARN-8401,True
YARN-8464,True
YARN-8423,True
YARN-8461,False
HADOOP-15483,True
YARN-8108,True
YARN-8214,False
HDDS-192,False
YARN-8438,True
HADOOP-15423,False
HDDS-191,False
YARN-8457,True
HADOOP-15458,False
HADOOP-15267,False
HDDS-189,False
HADOOP-14396,False
YARN-8443,True
HDDS-177,False
HDDS-184,False
YARN-8326,True
YARN-8184,True
MAPREDUCE-7114,True
YARN-8444,True
HADOOP-15416,False
HDFS-13692,False
YARN-8412,False
HADOOP-14891,True
YARN-8445,True
HADOOP-15551,False
HDFS-13682,True
MAPREDUCE-7113,False
YARN-8441,False
YARN-8442,False
YARN-7449,False
YARN-8440,False
YARN-8391,True
YARN-8437,True
HADOOP-15527,True
HDFS-12857,True
YARN-7668,False
MAPREDUCE-7063,False
HDFS-13621,True
HDDS-141,True
HADOOP-15533,False
HADOOP-13186,True
HADOOP-15523,True
HDFS-13681,False
HDFS-13686,False
HDFS-13582,True
HADOOP-15504,True
HDDS-160,False
HDDS-172,False
HDFS-13174,True
MAPREDUCE-7101,True
HDFS-13676,True
HDFS-13673,True
HADOOP-15537,False
HDFS-13679,True
HDDS-155,False
HDDS-146,False
HDFS-13675,True
HDDS-156,False
YARN-8410,True
HDFS-13563,True
HDDS-163,False
HDDS-161,True
YARN-8259,False
YARN-8411,False
HDDS-159,False
HDDS-109,True
HDFS-13641,False
YARN-8394,False
YARN-8405,True
MAPREDUCE-7108,True
HADOOP-15532,False
HADOOP-15307,True
YARN-8422,False
HADOOP-15529,False
YARN-8325,False
YARN-6931,False
HDDS-130,True
YARN-8363,True
HDDS-111,False
HDDS-158,True
YARN-8419,True
YARN-8413,True
YARN-8370,True
HDDS-72,True
HADOOP-15506,False
HDFS-13653,True
HDDS-136,False
YARN-8321,False
YARN-8322,False
YARN-8323,True
HDDS-133,False
HADOOP-15499,False
HDFS-13667,True
HADOOP-15520,False
HDFS-12670,True
HDFS-13664,True
HDDS-157,True
HADOOP-15482,False
YARN-8359,True
YARN-6677,False
YARN-8400,False
HDDS-127,True
HDDS-147,False
HADOOP-15516,False
HDFS-13615,True
HDFS-13534,True
HDFS-12950,True
YARN-8386,True
HDFS-13659,True
HADOOP-15512,True
HDFS-13644,True
YARN-8399,True
HDDS-140,False
HDDS-123,False
HADOOP-15513,False
HDDS-107,False
HADOOP-15514,True
HADOOP-15217,True
MAPREDUCE-7103,True
HDDS-129,False
HDDS-148,False
YARN-8396,True
HDFS-13545,True
HADOOP-15507,False
HDFS-13650,False
HDFS-13649,False
HDFS-13652,False
HADOOP-15137,False
YARN-4677,False
YARN-8365,True
YARN-8388,True
MAPREDUCE-7105,False
HDDS-145,False
YARN-8389,False
YARN-8390,True
HDDS-126,True
HDFS-13155,False
YARN-8276,True
MAPREDUCE-7102,False
HDFS-13648,False
HDFS-13651,True
YARN-8342,False
YARN-4781,False
HDFS-13637,False
YARN-8375,True
YARN-8349,False
YARN-8372,True
YARN-7962,True
YARN-8384,False
HDDS-143,False
HDDS-144,False
HDFS-13636,True
HDDS-142,True
HDDS-137,False
YARN-7340,True
YARN-8308,True
HDFS-13602,False
YARN-8197,True
HADOOP-14783,False
HDFS-13646,True
HDFS-13440,False
HDFS-12978,False
HDDS-112,False
HADOOP-15490,True
HDDS-116,False
HDFS-13631,False
YARN-8333,False
YARN-8367,True
MAPREDUCE-7098,True
HDDS-128,False
HDDS-90,False
HDDS-92,False
YARN-8350,True
YARN-8368,True
YARN-8377,True
HDFS-13629,False
HDFS-13632,False
HDDS-88,True
HDFS-13626,True
YARN-8362,True
HDDS-114,True
HDDS-81,False
YARN-8329,False
HDDS-125,False
YARN-8339,True
YARN-8338,True
HADOOP-15497,False
HADOOP-15455,True
HADOOP-15498,False
HDFS-13591,False
HDFS-13627,True
HADOOP-15449,False
HDFS-13628,False
MAPREDUCE-7097,True
HADOOP-15477,False
HDDS-78,True
HDFS-13620,False
HDDS-113,False
HDFS-13619,False
HDDS-96,True
HADOOP-15473,True
HDFS-13618,True
HADOOP-15494,False
YARN-8191,True
YARN-8310,True
YARN-8357,True
YARN-8316,True
HDDS-80,False
YARN-8068,True
HDFS-13611,True
YARN-6919,False
YARN-8346,True
HDDS-45,True
YARN-8319,True
HDFS-13598,False
YARN-7530,False
YARN-4599,True
YARN-8327,True
YARN-8348,True
HADOOP-15486,False
YARN-8344,True
HDFS-13493,False
YARN-8336,True
HDFS-13587,False
HADOOP-15457,False
HDFS-13589,False
HDDS-110,True
HDFS-13588,True
HDDS-44,True
HDDS-84,True
YARN-8297,True
YARN-8285,False
HDFS-13540,True
HDDS-85,True
HDFS-13601,True
HDDS-49,True
HDDS-79,False
HDDS-89,True
YARN-8273,True
YARN-8332,True
YARN-8290,True
HDDS-74,True
YARN-7960,False
HADOOP-15450,True
YARN-8232,True
YARN-8206,False
HADOOP-15474,True
HDDS-82,False
YARN-7900,True
HDDS-71,False
YARN-8248,True
HDDS-87,False
HDDS-57,False
HADOOP-15478,True
HDFS-12813,True
HADOOP-15154,False
HDFS-13590,True
HDFS-13593,True
HDFS-13592,False
HDDS-76,True
HDFS-13573,True
HDFS-13586,True
YARN-8296,True
YARN-8141,True
HDFS-13560,False
HDFS-13556,False
HDDS-38,True
HDDS-73,False
HDFS-13554,False
YARN-8080,True
YARN-8293,True
HDFS-13558,False
YARN-8128,True
MAPREDUCE-7094,True
HADOOP-15469,False
HADOOP-15250,False
HDFS-13570,False
HDDS-3,False
HDDS-77,True
HDFS-10803,True
HDFS-13581,True
HDFS-13559,False
YARN-8071,True
YARN-7933,False
HDFS-13512,False
HDFS-13550,False
YARN-8300,True
HDFS-13557,False
YARN-8284,False
YARN-7003,True
YARN-8123,False
YARN-8249,False
YARN-8081,False
HDFS-13567,True
HDFS-13548,False
HDFS-11700,False
HDFS-13551,False
HADOOP-15466,True
HADOOP-15442,True
YARN-8278,True
YARN-8236,True
YARN-8166,True
YARN-8266,True
HDFS-13544,False
HDDS-19,True
HDFS-13539,True
YARN-8288,True
HDDS-29,False
YARN-8271,True
HDDS-51,False
HADOOP-15441,False
HDDS-32,False
HDDS-53,False
HDDS-52,False
HDDS-17,False
HDDS-21,False
YARN-8265,True
YARN-7654,True
HDDS-40,False
YARN-3610,False
YARN-8243,False
YARN-8244,True
HDDS-25,False
YARN-8268,True
YARN-8274,False
HDDS-39,False
HDDS-47,False
HDFS-13542,False
HDFS-13346,False
HDDS-43,True
HDDS-34,False
HDDS-37,True
HDFS-13272,False
HDDS-16,False
HDDS-31,False
HDDS-42,False
HDDS-30,False
YARN-7715,True
MAPREDUCE-7095,True
HADOOP-15454,False
HADOOP-15354,False
HDDS-18,False
YARN-8201,False
HDFS-13537,True
HADOOP-15356,True
HDFS-13388,True
YARN-8261,False
HDDS-28,True
HDDS-20,False
YARN-8260,False
YARN-8264,True
YARN-8239,False
HDDS-33,False
YARN-7894,True
YARN-8207,False
HDDS-23,False
YARN-8253,False
YARN-8251,True
YARN-5151,False
HDDS-27,False
HDFS-13486,True
HDFS-12981,False
HDDS-1,False
HADOOP-15390,True
MAPREDUCE-7093,False
YARN-8163,False
YARN-8079,True
YARN-8223,True
YARN-7818,True
HDFS-13525,False
MAPREDUCE-7086,True
YARN-8226,False
YARN-7961,False
YARN-7973,False
YARN-8194,False
YARN-8217,True
HADOOP-15434,True
YARN-8151,False
HDFS-13481,True
HDDS-15,False
YARN-8209,True
YARN-8113,False
HDFS-11807,False
HADOOP-12071,True
YARN-8222,True
YARN-6385,True
HADOOP-15406,True
HADOOP-15377,False
MAPREDUCE-7073,True
HDFS-13488,False
YARN-7799,True
HDFS-13503,True
YARN-2674,False
YARN-8187,True
HDDS-13,False
YARN-8212,False
YARN-8228,False
HDFS-13283,True
YARN-8195,False
HDFS-12156,True
HDDS-11,True
HDFS-13509,True
YARN-8225,True
HDFS-13508,False
HDFS-13434,False
YARN-8210,True
YARN-8005,True
YARN-8221,True
HADOOP-15382,False
MAPREDUCE-7072,True
YARN-7781,False
YARN-8204,False
YARN-8211,True
YARN-8208,True
HADOOP-14188,False
YARN-8152,False
MAPREDUCE-7042,True
YARN-8215,False
YARN-8205,True
HDFS-13499,False
YARN-8122,False
HDFS-13326,False
YARN-8140,False
YARN-7939,False
HADOOP-15411,True
HDFS-13468,True
YARN-8188,True
HADOOP-15402,True
HADOOP-15404,True
HDFS-13484,False
YARN-8196,True
HDFS-13492,False
YARN-8043,True
HDFS-13422,False
HDFS-13407,True
HDFS-13444,False
HDFS-13459,False
HDFS-13424,False
HDFS-13446,False
HDFS-13197,False
HDFS-13423,False
HDFS-13413,False
HDFS-13414,False
HDFS-13425,False
HDFS-13415,False
HDFS-13348,False
HDFS-13416,False
HDFS-13324,False
HDFS-13395,False
HDFS-13301,False
HDFS-13342,False
HDFS-13405,False
HDFS-13309,False
HDFS-13316,False
HDFS-13320,False
HDFS-13391,False
HDFS-13341,False
HDFS-13368,True
HDFS-13300,False
HDFS-13340,False
HDFS-13343,False
HDFS-13335,False
HDFS-13319,False
HDFS-13317,False
HDFS-13298,False
HDFS-13304,False
HDFS-13258,False
HDFS-13137,False
HDFS-13108,False
HDFS-13008,False
HDFS-13196,False
HDFS-12965,False
HDFS-11699,False
HDFS-13070,False
HDFS-13078,True
HDFS-12983,False
HDFS-13149,False
HDFS-13133,False
HDFS-12636,False
HDFS-13022,False
HDFS-13116,False
HDFS-13127,False
HDFS-12522,False
HDFS-13080,False
HDFS-12879,False
HDFS-13072,False
HDFS-12812,False
HDFS-12868,False
HDFS-13018,False
HDFS-13017,False
HDFS-12986,False
HDFS-13024,False
HDFS-12940,False
HDFS-13012,False
HDFS-13026,False
HDFS-13013,False
HDFS-12843,False
HDFS-12794,False
HDFS-12966,False
HDFS-12871,False
HDFS-12853,False
HDFS-12961,False
HDFS-12870,False
HDFS-12980,False
HDFS-12958,False
HDFS-12908,False
HDFS-12869,False
HDFS-12863,False
HDFS-12941,False
HDFS-12741,False
HDFS-12799,False
HDFS-12795,False
HDFS-12751,False
HDFS-12698,False
HDFS-12000,False
HDFS-12626,False
HDFS-12899,False
HDFS-12901,False
HDFS-12898,False
HDFS-12588,False
HDFS-12876,False
HDFS-12867,False
HDFS-12850,False
HDFS-12864,False
HDFS-12807,False
HDFS-12851,False
HDFS-12842,False
HDFS-12786,False
HDFS-12740,False
HDFS-12787,False
HDFS-12731,False
HDFS-12759,False
HDFS-12830,False
HDFS-12500,False
HDFS-12805,False
HDFS-12798,False
HDFS-12756,False
HDFS-12796,False
HDFS-12719,False
HDFS-12793,False
HDFS-12758,False
HDFS-12549,True
HDFS-12739,False
HDFS-12474,False
HDFS-12774,False
HDFS-12443,False
HDFS-12720,False
HDFS-12750,False
HDFS-12697,False
HDFS-12718,False
HDFS-12521,False
HDFS-12663,False
HDFS-12678,False
HDFS-12680,False
HDFS-12558,False
HDFS-12690,False
HDFS-12693,False
HDFS-12702,False
HDFS-11468,False
HDFS-12692,False
HDFS-12684,False
HDFS-12675,False
HDFS-12673,False
HDFS-12656,False
HDFS-12585,False
HDFS-12661,False
HDFS-12411,False
HDFS-12415,False
HDFS-12632,False
HDFS-12490,False
HDFS-12519,False
HDFS-12475,False
HDFS-12608,False
HDFS-12593,False
HDFS-12631,False
HDFS-12583,False
HDFS-12572,False
HDFS-12546,False
HDFS-12611,False
HDFS-12609,False
HDFS-12598,False
HDFS-12537,False
HDFS-12610,False
HDFS-12543,False
HDFS-12602,False
HDFS-12557,False
HDFS-12387,False
HDFS-12513,False
HDFS-12539,False
HDFS-12467,False
HDFS-12471,False
HDFS-12568,False
HDFS-12060,False
HDFS-12551,False
HDFS-12562,False
HDFS-12563,False
HDFS-12511,False
HDFS-12488,False
HDFS-12540,False
HDFS-12554,False
HDFS-12268,False
HDFS-12469,False
HDFS-12501,False
HDFS-12525,False
HDFS-12425,False
HDFS-12017,False
HDFS-11614,False
HDFS-12210,False
HDFS-12524,False
HDFS-12205,False
HDFS-12506,False
HDFS-11563,False
HDFS-12503,False
HDFS-12477,False
HDFS-11897,False
HDFS-12517,False
HDFS-12515,False
HDFS-12466,False
HDFS-12489,False
HDFS-12329,False
HDFS-12256,False
HDFS-12385,False
HDFS-12481,False
HDFS-11873,False
HDFS-11612,False
HDFS-12465,False
HDFS-12468,False
HDFS-12426,False
HDFS-12019,False
HDFS-12423,False
HDFS-11676,False
HDFS-12389,False
HDFS-12370,False
HDFS-12235,False
HDFS-12397,False
HDFS-12199,False
HDFS-12391,False
HDFS-12382,False
HDFS-11834,False
HDFS-12333,False
HDFS-12366,False
HDFS-12354,False
HDFS-12365,False
HDFS-12282,False
HDFS-12275,False
HDFS-12341,False
HDFS-12280,False
HDFS-12283,False
HDFS-12324,False
HDFS-11888,False
HDFS-12337,False
HDFS-12327,False
HDFS-12216,False
HDFS-12159,False
HDFS-12313,False
HDFS-12305,False
HDFS-12238,False
HDFS-12290,False
HDFS-12255,False
HDFS-12298,False
HDFS-12230,False
HDFS-12005,False
HDFS-12281,False
HDFS-12196,False
HDFS-12274,False
HDFS-12259,False
HDFS-12267,False
HDFS-12262,False
HDFS-12231,False
HDFS-12163,False
HDFS-12246,False
HDFS-11935,False
HDFS-12178,False
HDFS-12247,False
HDFS-11580,False
HDFS-11984,False
HDFS-12034,False
HDFS-11920,False
HDFS-12195,False
HDFS-12183,False
HDFS-12059,False
HDFS-12180,False
HDFS-12145,False
HDFS-12170,False
HDFS-12192,False
HDFS-12155,False
HDFS-12115,False
HDFS-12187,False
HDFS-12167,False
HDFS-12185,False
HDFS-12175,False
HDFS-12181,False
HDFS-12127,False
HDFS-11936,False
HDFS-12149,True
HDFS-12071,False
HDFS-12126,False
HDFS-11996,False
HDFS-12058,False
HDFS-12118,False
HDFS-12148,False
HDFS-12069,False
HDFS-11989,False
HDFS-12123,False
HDFS-11493,False
HDFS-12083,False
HDFS-12129,False
HDFS-12105,False
HDFS-12037,False
HDFS-11679,False
HDFS-12080,False
HDFS-12057,False
HDFS-12076,False
HDFS-12086,False
HDFS-12081,False
HDFS-12053,False
HDFS-12035,False
HDFS-12048,False
HDFS-12023,False
HDFS-12047,False
HDFS-12030,False
HDFS-12002,False
HDFS-11955,False
HDFS-11773,False
HDFS-12063,False
HDFS-12050,False
HDFS-12031,False
HDFS-12018,False
HDFS-12007,False
HDFS-12016,False
HDFS-11990,False
HDFS-11970,False
HDFS-11963,False
HDFS-11983,False
HDFS-11585,False
HDFS-11782,False
HDFS-11979,False
HDFS-11962,False
HDFS-11961,False
HDFS-11977,False
HDFS-11969,False
HDFS-11946,False
HDFS-11845,False
HDFS-11958,False
HDFS-11185,False
HDFS-11953,False
HDFS-11659,True
HDFS-11794,False
HDFS-11866,True
HADOOP-14400,True
HDFS-11952,False
HDFS-11779,False
HDFS-11880,False
HDFS-11777,False
HDFS-11926,False
HDFS-11568,False
HDFS-11887,False
HDFS-11919,False
HDFS-11822,False
HDFS-11781,False
HDFS-11771,False
HDFS-11796,False
HDFS-11913,False
HDFS-11597,False
HDFS-11894,False
HDFS-11903,False
HDFS-11774,False
HDFS-11776,False
HDFS-11853,False
HDFS-11655,False
HDFS-11865,False
HDFS-11780,False
HDFS-11846,False
HDFS-11778,False
HDFS-11859,False
HDFS-11727,False
HDFS-11770,False
HDFS-11860,False
HDFS-11850,False
HDFS-11830,False
HDFS-11843,False
HDFS-11835,False
HDFS-11775,False
HDFS-11824,False
HDFS-11831,False
HDFS-11769,False
HDFS-11693,False
HDFS-11650,False
HDFS-11694,False
HDFS-11815,False
HDFS-11805,False
HDFS-11811,False
HDFS-11802,False
HDFS-11768,False
HDFS-11788,False
HDFS-11798,False
HDFS-11783,True
HDFS-11680,False
HDFS-11756,False
HDFS-11716,False
HDFS-11761,False
HDFS-11759,False
HDFS-11698,False
HDFS-11712,False
HDFS-11747,False
HDFS-11725,False
HDFS-11728,False
HDFS-11627,False
HDFS-11667,False
HDFS-11668,False
HDFS-11666,False
HDFS-11504,False
HDFS-11649,False
HDFS-11581,False
HDFS-11631,False
HDFS-11657,False
HDFS-11582,False
HDFS-11569,False
HDFS-11642,True
HDFS-11635,False
HDFS-11062,False
HDFS-11618,False
HDFS-11006,False
HDFS-11625,False
HDFS-11620,False
HDFS-11619,False
HDFS-11566,False
HDFS-11564,False
HDFS-11519,False
HDFS-11591,False
HDFS-11594,False
HDFS-11567,False
HDFS-11537,False
HDFS-11548,False
HDFS-11355,False
HDFS-11550,False
HDFS-11361,False
HDFS-11559,False
HDFS-11162,False
HDFS-11492,False
HDFS-11444,False
HDFS-11491,False
HDFS-11469,False
HDFS-11071,False
HDFS-11513,False
HDFS-10928,False
HDFS-11196,False
HDFS-11509,False
HDFS-11424,False
HDFS-11451,False
HDFS-11158,False
HDFS-11137,False
HDFS-11484,False
HDFS-11480,False
HDFS-11425,False
HDFS-11447,False
HDFS-11474,False
HDFS-11473,False
HDFS-11036,False
HDFS-11414,False
HDFS-11184,False
HDFS-11463,False
HDFS-11154,False
HDFS-11138,False
HDFS-11133,False
HDFS-11126,False
HDFS-11108,False
HDFS-11081,False
HDFS-11130,False
HDFS-11127,False
HDFS-11103,False
HDFS-11001,False
HDFS-10938,False
HDFS-11004,False
HDFS-10912,False
HDFS-10995,False
HDFS-10932,False
HDFS-10897,False
HDFS-10420,False
HDFS-10363,False
HDFS-10361,False
HDFS-10351,False
HDFS-10349,True
HDFS-10232,False
HDFS-10278,False
HDFS-10251,False
HDFS-10268,False
HDFS-10250,False
HDFS-10238,False
HDFS-8210,False
HDFS-10195,False
HDFS-10202,False
HDFS-10196,False
HDFS-10179,False
HDFS-9960,False
HDFS-10180,False
HDFS-9961,False
HDFS-9944,False
HDFS-9926,False
HDFS-9925,False
HDFS-9916,False
HDFS-9920,False
HDFS-9891,False
HDFS-9873,False
HDFS-9907,False
HDFS-9848,False
HDFS-9853,False
HDFS-9845,False
HDFS-9834,False
HDFS-8527,False
HDFS-8695,False
HDFS-8753,False
HDFS-8717,False
HDFS-8680,False
HDFS-8654,False
HDFS-8644,False
HDFS-8634,False
HDFS-8637,False
HDFS-8448,False
HDFS-8614,False
HDFS-8456,False
HADOOP-15385,True
YARN-7598,True
HDFS-13490,False
HDFS-13336,True
HDFS-13356,True
HDFS-13408,True
HDFS-13433,True
YARN-8177,False
YARN-7956,True
HDFS-13055,True
HDFS-13478,False
HDFS-10183,True
YARN-8064,True
YARN-8111,True
YARN-7786,True
YARN-8137,False
YARN-8185,False
YARN-7830,True
YARN-8182,True
YARN-8189,True
YARN-6827,True
YARN-8186,False
HDFS-13453,False
YARN-5888,False
YARN-8169,False
HDFS-13430,True
YARN-7734,True
HADOOP-15396,True
HADOOP-15180,True
HDFS-13464,True
HADOOP-15366,True
HDFS-13426,True
HDFS-13463,True
YARN-8171,True
YARN-8145,True
HADOOP-15391,True
YARN-7966,False
HDFS-12828,True
HADOOP-15393,False
HDFS-13462,False
HDFS-13466,False
YARN-8134,False
YARN-8096,True
HDFS-13129,True
YARN-7996,False
YARN-7189,False
YARN-8165,True
YARN-8126,False
HDFS-13435,False
YARN-8164,True
HDFS-13311,False
YARN-8162,True
HDFS-13439,False
HDFS-13056,False
YARN-8060,True
YARN-8032,True
YARN-7810,False
HADOOP-15369,True
YARN-8142,True
YARN-8138,False
YARN-7142,False
YARN-8156,True
MAPREDUCE-7077,True
HDFS-13330,True
YARN-8091,True
YARN-8048,False
YARN-8040,True
YARN-8028,True
YARN-1151,False
MAPREDUCE-7066,False
HDFS-11900,True
HDFS-11043,True
HDFS-13315,True
HADOOP-15332,False
HADOOP-15331,True
HADOOP-15330,False
HADOOP-14667,True
HDFS-13438,True
HDFS-13418,False
HADOOP-14970,True
YARN-8153,True
YARN-8154,True
HADOOP-15379,True
HDFS-13436,True
HADOOP-14999,False
YARN-7984,True
YARN-8018,False
YARN-8027,True
YARN-7936,False
YARN-8147,True
YARN-8120,True
HDFS-13386,False
MAPREDUCE-7069,True
YARN-7931,False
HDFS-7101,True
HADOOP-15350,False
YARN-7527,True
HDFS-13427,True
YARN-7221,True
HDFS-13428,False
HDFS-13045,False
HDFS-13403,False
YARN-6629,True
YARN-8127,True
MAPREDUCE-7062,True
YARN-7941,False
YARN-8133,True
YARN-8116,True
HADOOP-15313,False
HADOOP-15357,True
HADOOP-15340,True
HDFS-13363,False
HDFS-13328,True
HADOOP-15376,True
HDFS-13420,True
YARN-7804,True
HADOOP-15374,True
HDFS-13384,False
HDFS-13410,False
HDFS-11915,True
HADOOP-15328,True
HADOOP-15375,True
YARN-7667,False
HADOOP-13174,False
HADOOP-14029,True
HADOOP-13988,True
HDFS-13376,True
HDFS-13380,False
YARN-7574,False
YARN-7905,True
HDFS-13402,False
HDFS-13292,True
YARN-8110,False
HADOOP-13055,False
HDFS-11968,True
HDFS-13364,False
HADOOP-14651,False
YARN-8107,False
YARN-8083,True
HDFS-13176,True
HADOOP-15367,False
HDFS-13353,False
YARN-6936,False
YARN-8119,True
HDFS-13350,True
HADOOP-14855,True
YARN-7946,False
YARN-8013,False
YARN-8115,True
YARN-8106,True
YARN-7764,True
YARN-8002,False
HDFS-13337,True
HADOOP-14987,False
YARN-8035,True
HADOOP-14758,False
HADOOP-15355,True
HADOOP-15317,True
YARN-8082,False
HADOOP-15146,False
HDFS-13289,False
HADOOP-15253,False
YARN-7249,True
HDFS-12299,True
HDFS-13349,True
HADOOP-15352,True
YARN-7497,False
HADOOP-12862,True
YARN-8086,True
YARN-6257,True
HADOOP-15342,True
YARN-8076,False
YARN-8069,False
HDFS-13314,True
HADOOP-15320,True
YARN-7623,False
YARN-8010,False
HDFS-13347,False
YARN-8075,True
HADOOP-15312,True
HDFS-13352,False
HADOOP-14067,True
YARN-8072,False
YARN-8062,True
HDFS-13204,False
HDFS-13291,False
YARN-8070,False
HDFS-12512,True
YARN-7986,False
YARN-8063,True
HDFS-12792,False
HADOOP-15334,False
HDFS-13195,True
HDFS-13318,False
HDFS-12884,True
YARN-8054,True
HDFS-13250,False
HDFS-13307,False
YARN-8085,True
HDFS-13357,False
HADOOP-15345,False
YARN-8077,False
HDFS-13338,False
HADOOP-15299,True
HADOOP-15295,False
HDFS-12110,False
HDFS-12427,False
HDFS-11294,False
HDFS-10787,False
HDFS-12237,False
HDFS-12134,False
HDFS-12026,False
HDFS-10874,False
HDFS-12103,False
HDFS-11908,False
HDFS-12104,False
HDFS-12013,False
HDFS-11971,False
HDFS-11518,False
HDFS-10785,False
HDFS-11544,False
HDFS-11758,False
HDFS-11767,False
HDFS-11730,False
HDFS-11106,False
HDFS-11449,False
HDFS-11436,False
HDFS-11028,False
HDFS-10685,False
HDFS-11305,False
HDFS-10796,False
HDFS-11099,False
HDFS-11027,False
HDFS-11014,False
HDFS-10898,False
HDFS-10931,False
HDFS-10595,False
HDFS-10450,False
HDFS-10705,False
HDFS-10754,False
HDFS-10761,False
HDFS-10746,False
HDFS-10740,False
HDFS-9271,False
HDFS-10739,False
HDFS-10672,False
HDFS-10441,False
HDFS-9890,False
HDFS-10578,False
HDFS-10543,False
HDFS-10524,False
HDFS-10515,False
HDFS-10511,False
HDFS-10526,False
HDFS-10527,False
HDFS-10494,False
HDFS-10454,False
HDFS-10464,False
HDFS-10465,False
HDFS-10366,False
HDFS-10188,False
HDFS-10332,False
HDFS-10310,False
HDFS-10311,False
HDFS-10247,False
HDFS-10231,False
HDFS-10222,False
HDFS-9616,False
HDFS-9118,False
HDFS-9556,False
HDFS-9932,False
HDFS-9792,False
HDFS-9699,False
HDFS-9791,False
HDFS-9753,False
HDFS-9749,False
HDFS-9741,False
HDFS-9738,False
HDFS-9737,False
HDFS-9712,False
HDFS-9679,False
HDFS-9643,False
HDFS-9687,False
HDFS-9628,False
HDFS-9636,False
HDFS-9627,False
HDFS-9609,False
HDFS-9325,False
HDFS-9487,False
HDFS-9523,False
HDFS-9524,False
HDFS-9448,False
HDFS-9538,False
HDFS-9537,False
HDFS-9417,False
HDFS-9489,False
HDFS-9460,False
HDFS-9486,False
HDFS-9228,False
HDFS-9504,False
HDFS-9497,False
HDFS-9144,False
HDFS-9452,False
HDFS-9117,False
HDFS-9359,False
HDFS-9368,False
HDFS-9103,False
HDFS-9408,False
HDFS-9419,False
HDFS-9328,False
HDFS-9320,False
HDFS-9340,False
HDFS-8766,False
HDFS-9288,False
HDFS-9265,False
HDFS-9207,False
HDFS-9095,False
HDFS-9108,False
HDFS-9116,False
HDFS-9093,False
HDFS-9025,False
HDFS-8952,False
HDFS-8774,False
HDFS-8775,False
HDFS-8788,False
HDFS-8764,False
HDFS-8759,False
HDFS-8758,False
HDFS-8745,False
HDFS-8737,False
HDFS-8725,False
HDFS-8724,False
HDFS-8723,False
HDFS-13277,False
HDFS-12781,True
YARN-7581,False
HDFS-13268,True
YARN-8053,False
HDFS-13215,False
HDFS-13296,True
HADOOP-15262,False
YARN-8039,True
HDFS-12886,True
YARN-7636,True
HADOOP-15234,True
YARN-7952,True
MAPREDUCE-7047,False
HADOOP-15209,True
HDFS-13280,True
HDFS-13224,True
HDFS-13251,True
HDFS-12723,True
HADOOP-15305,True
HDFS-13246,False
HDFS-13261,True
HDFS-13198,False
MAPREDUCE-7064,True
HDFS-13275,False
HDFS-13257,False
YARN-7999,False
HDFS-13249,True
HDFS-11600,True
HADOOP-15294,True
YARN-8022,True
HDFS-12773,False
HADOOP-15308,False
YARN-7657,False
YARN-5015,False
HDFS-336,False
HDFS-13235,False
HDFS-13302,False
HDFS-13163,False
