HUDI-990,True
HUDI-988,False
HUDI-934,True
HUDI-811,False
HUDI-975,False
HUDI-593,False
HUDI-836,False
HUDI-980,True
HUDI-973,True
HUDI-786,True
HUDI-476,False
HUDI-804,False
HUDI-936,True
HUDI-690,False
HUDI-938,False
HUDI-926,False
HUDI-846,False
HUDI-863,True
HUDI-858,False
HUDI-895,False
HUDI-820,True
HUDI-394,False
HUDI-923,False
HUDI-707,False
HUDI-803,False
HUDI-888,True
HUDI-706,False
HUDI-705,False
HUDI-889,False
HUDI-789,True
HUDI-902,False
HUDI-407,False
HUDI-714,False
HUDI-723,True
HUDI-843,False
HUDI-701,False
HUDI-793,True
HUDI-891,False
HUDI-869,False
HUDI-862,False
HUDI-884,True
HUDI-881,False
HUDI-886,False
HUDI-880,False
HUDI-616,True
HUDI-870,False
HUDI-852,True
HUDI-795,True
HUDI-727,False
HUDI-717,True
HUDI-742,True
HUDI-400,False
HUDI-716,True
HUDI-782,False
HUDI-539,True
HUDI-607,True
HUDI-724,False
HUDI-850,False
HUDI-656,False
HUDI-713,True
HUDI-799,True
HUDI-629,False
HUDI-681,False
HUDI-652,False
HUDI-838,False
HUDI-784,True
HUDI-704,False
HUDI-812,False
HUDI-813,False
HUDI-783,False
HUDI-702,False
HUDI-814,False
HUDI-810,False
HUDI-819,False
HUDI-785,False
HUDI-827,True
HUDI-816,True
HUDI-809,False
HUDI-821,True
HUDI-757,False
HUDI-823,True
HUDI-371,False
HUDI-772,False
HUDI-815,True
HUDI-800,True
HUDI-798,False
HUDI-741,True
HUDI-777,False
HUDI-780,True
HUDI-759,False
HUDI-698,False
HUDI-761,False
HUDI-770,False
HUDI-700,False
HUDI-687,False
HUDI-568,False
HUDI-758,False
HUDI-740,True
HUDI-288,False
HUDI-756,False
HUDI-748,False
HUDI-562,False
HUDI-731,False
HUDI-749,True
HUDI-754,False
HUDI-751,False
HUDI-746,False
HUDI-745,False
HUDI-744,False
HUDI-732,False
HUDI-679,False
HUDI-430,False
HUDI-743,False
HUDI-678,False
HUDI-711,True
HUDI-734,True
HUDI-504,False
HUDI-697,False
HUDI-65,False
HUDI-663,True
HUDI-720,False
HUDI-650,False
HUDI-725,False
HUDI-726,False
HUDI-653,False
HUDI-209,False
HUDI-437,False
HUDI-344,True
HUDI-695,True
HUDI-715,True
HUDI-694,False
HUDI-76,False
HUDI-710,True
HUDI-688,False
HUDI-634,False
HUDI-692,False
HUDI-689,False
HUDI-667,True
HUDI-670,False
HUDI-668,False
HUDI-676,False
HUDI-581,False
HUDI-671,False
HUDI-680,False
HUDI-673,False
HUDI-553,False
HUDI-499,True
HUDI-604,False
HUDI-598,False
HUDI-590,False
HUDI-654,False
HUDI-584,False
HUDI-332,False
HUDI-589,False
HUDI-599,False
HUDI-647,False
HUDI-627,False
HUDI-554,False
HUDI-645,False
HUDI-636,False
HUDI-618,False
HUDI-606,False
HUDI-632,False
HUDI-580,False
HUDI-625,False
HUDI-597,False
HUDI-611,False
HUDI-624,False
HUDI-622,False
HUDI-617,False
HUDI-108,False
HUDI-615,False
HUDI-571,False
HUDI-514,False
HUDI-574,True
HUDI-605,False
HUDI-478,True
HUDI-582,False
HUDI-560,False
HUDI-542,False
HUDI-602,False
HUDI-587,True
HUDI-570,False
HUDI-585,False
HUDI-566,False
HUDI-595,False
HUDI-596,True
HUDI-583,False
HUDI-543,True
HUDI-577,False
HUDI-564,False
HUDI-578,False
HUDI-579,False
HUDI-576,False
HUDI-403,False
HUDI-549,False
HUDI-510,False
HUDI-559,False
HUDI-557,False
HUDI-556,False
HUDI-551,False
HUDI-555,True
HUDI-552,False
HUDI-238,False
HUDI-535,True
HUDI-527,False
HUDI-537,False
HUDI-509,False
HUDI-335,False
HUDI-526,True
HUDI-524,False
HUDI-458,True
HUDI-502,False
HUDI-322,True
HUDI-91,False
HUDI-522,False
HUDI-521,False
HUDI-506,False
HUDI-469,True
HUDI-248,True
HUDI-114,True
HUDI-457,True
HUDI-459,True
HUDI-331,False
HUDI-25,False
HUDI-319,False
HUDI-376,False
HUDI-508,False
HUDI-460,True
HUDI-440,False
HUDI-417,False
HUDI-454,True
HUDI-464,False
HUDI-405,True
HUDI-501,False
HUDI-406,False
HUDI-438,False
HUDI-463,True
HUDI-461,True
HUDI-462,True
HUDI-484,False
HUDI-377,False
HUDI-118,False
HUDI-492,True
HUDI-402,False
HUDI-443,False
HUDI-343,False
HUDI-455,True
HUDI-482,False
HUDI-453,True
HUDI-470,True
HUDI-416,False
HUDI-389,True
HUDI-311,False
HUDI-444,False
HUDI-386,False
HUDI-415,True
HUDI-106,False
HUDI-308,False
HUDI-398,False
HUDI-368,False
HUDI-380,False
HUDI-387,True
HUDI-390,False
HUDI-353,False
HUDI-379,False
HUDI-378,False
HUDI-365,False
HUDI-355,False
HUDI-294,False
HUDI-370,False
HUDI-357,False
HUDI-374,True
HUDI-372,True
HUDI-373,False
HUDI-366,False
HUDI-364,False
HUDI-325,True
HUDI-327,False
HUDI-340,False
HUDI-359,False
HUDI-358,False
HUDI-362,False
HUDI-328,False
HUDI-345,False
HUDI-348,False
HUDI-356,False
HUDI-350,False
HUDI-333,False
HUDI-346,False
HUDI-342,False
HUDI-339,False
HUDI-329,True
HUDI-330,False
HUDI-277,False
HUDI-80,False
HUDI-306,False
HUDI-276,False
HUDI-137,False
HUDI-218,False
HUDI-253,False
HUDI-245,False
HUDI-302,True
HUDI-317,False
HUDI-324,False
HUDI-321,False
HUDI-314,True
HUDI-312,False
HUDI-313,True
HUDI-221,False
HUDI-275,False
HUDI-286,False
HUDI-126,False
HUDI-169,False
HUDI-130,False
HUDI-290,False
HUDI-283,True
HUDI-273,False
HUDI-40,False
HUDI-121,True
HUDI-301,True
HUDI-298,True
HUDI-292,False
HUDI-296,False
HUDI-291,False
HUDI-232,True
HUDI-293,False
HUDI-285,False
HUDI-265,False
HUDI-287,False
HUDI-282,False
HUDI-160,False
HUDI-271,False
HUDI-247,False
HUDI-278,False
HUDI-279,True
HUDI-256,False
HUDI-269,False
HUDI-255,False
HUDI-228,False
HUDI-262,True
HUDI-254,False
HUDI-257,True
HUDI-252,False
HUDI-62,True
HUDI-240,False
HUDI-249,False
HUDI-244,False
HUDI-250,True
HUDI-217,False
HUDI-164,True
HUDI-143,True
HUDI-159,False
HUDI-237,False
HUDI-236,False
HUDI-230,False
HUDI-227,False
HUDI-229,True
HUDI-225,False
HUDI-222,True
HUDI-223,False
HUDI-214,False
HUDI-68,False
HUDI-82,False
HUDI-213,False
HUDI-215,False
HUDI-205,False
HUDI-153,False
HUDI-196,False
HUDI-181,False
HUDI-161,False
HUDI-66,True
HUDI-63,True
HUDI-528,True
HUDI-921,True
HUDI-644,False
HUDI-479,False
HUDI-117,False
HUDI-220,False
HUDI-267,False
HUDI-180,False
HUDI-243,False
HUDI-170,True
HUDI-124,False
HUDI-128,False
HUDI-212,False
HUDI-204,True
HUDI-201,False
HUDI-123,False
HUDI-171,True
HUDI-149,False
HUDI-185,False
HUDI-197,True
HUDI-178,False
HUDI-186,False
HUDI-92,False
HUDI-175,False
HUDI-140,True
HUDI-168,True
HUDI-162,True
HUDI-138,True
HUDI-70,False
HUDI-148,True
HUDI-147,True
HUDI-125,False
HUDI-139,True
HUDI-135,True
HUDI-134,True
HUDI-131,False
HUDI-105,True
HUDI-101,True
HUDI-75,False
