fb283934a33a0bc7b11f80e4149f7922fa4f0af5,[HUDI-990] Timeline API : filterCompletedAndCompactionInstants needs to handle requested state correctly. Also ensure timeline gets reloaded after we revert committed transactions,8,36,4,HUDI-990,True
a68180b179ae57f16ff0a8d74b72b43b501d36c6,[HUDI-988] Fix Unit Test Flakiness : Ensure all instantiations of HoodieWriteClient is closed properly. Fix bug in TestRollbacks. Make CLI unit tests for Hudi CLI check skip redering strings,26,160,121,HUDI-988,False
a9a97d6af47841caaa745497ec425267db0873c8,[HUDI-934] Add processing logic for the decimal LogicalType (#1677),1,10,0,HUDI-934,True
742c2040995167871db976fc0eb280347401ffc4,[HUDI-811] Restructure test packages in hudi-client/cli (#1689),64,241,249,HUDI-811,False
7c59095314f5525590eea308084079a31bde3e17,[HUDI-975] Add unit tests in TestHoodieTableFileSystemView to test view for non-partitioned table (#1692),1,13,7,HUDI-975,False
6a0f4191ac34fc393d72f36530c8573273d4d045,[HUDI-593] Use scala_version placeholder to replace scala version hard code (#1685),3,38,20,HUDI-593,False
ae31d77f16b5b78ffe387ed8a86509333f4cc15b,"[HUDI-836] [BLOG] Monitor Hudi metrics with Datadog (#1672)

Add a new blog post introducing Datadog metrics reporter.",2,65,0,HUDI-836,False
b43a63ec9ff83f92884b5b5c27d7accbbf3afe47,[HUDI-980] Fixing dir path for metastore_db and derby.logs generated in hive tests (#1688),1,1,0,HUDI-980,True
7fb1251c6ed769ea6877126957a03c5f95d42d8f,[HUDI-980] Fixing dir path for metastore_db and derby.logs generated in hive tests (#1688),1,1,0,HUDI-980,True
7b1a049be9fa3f59da7d881e0fb3ec507f519012,[HUDI-973] RemoteHoodieTableFileSystemView supports non-partitioned table queries (#1674),1,12,12,HUDI-973,True
5a0d3f1cf963e0061364d915ac86a465dd079bac,[HUDI-786] Fixing read beyond inline length in InlineFS (#1616),2,49,29,HUDI-786,True
3574a89232ad8573d1f76b27f127cc2ab9195e38,[HUDI-973] RemoteHoodieTableFileSystemView supports non-partitioned table queries (#1674),1,12,12,HUDI-973,True
67552318fc4eda528c85aaa84131b1abf6d461ef,[HUDI-836] Add configs for Datadog metrics reporter (#1603),2,102,18,HUDI-836,False
bde7a7043e100242fec8fc0111e489a269a1d997,"[HUDI-476]: Add hudi-examples module (#1151)

add hoodie delta streamer mock source example and dfs source and kafka source examples

Signed-off-by: dengziming <dengziming1993@gmail.com>

add defaultSparkConf utils method

change version of hudi-examples to 0.5.2-SNAPSHOT
change the artifcatId of hudi-spark and hudi-utilities
alter some code to adapt kafka2.0

Update scritps

Add license",18,1113,144,HUDI-476,False
b4f9ddc3dbe1404f2f58dc9aac2279f3fb86e5d1,"[HUDI-804] Add Azure support to doc (#1668)

Co-authored-by: lamber-ken <lamberken@163.com>",6,144,33,HUDI-804,False
03f136361a5fed594855992ab10bee8bb5060c5b,"[HUDI-811] Restructure test packages in hudi-common (#1644)

* [HUDI-811] Restructure test packages in hudi-common",73,288,261,HUDI-811,False
9697fbf71ead328cae6d56e9f99872e871342887,[HUDI-936] Fix fetch ordering val in HoodieSparkSqlWriter to remove unnecessary conversion to String (#1659),1,2,2,HUDI-936,True
6c450957ced051de6231ad047bce22752210b786,[HUDI-690] Filter out inflight compaction in exporter (#1667),3,7,6,HUDI-690,False
54bbe32d741733e405b241fd95d1dc2dfefea144,[HUDI-938] Removing incubating/incubator from project (#1658),8,31,36,HUDI-938,False
3a776f6eb2793b31ca4a76fbbe59e205b83ab75b,[HUDI-926] Removing DISCLAIMER from the repo (#1657),1,0,10,HUDI-926,False
b69bb18fdd3d5ab825d1f59024b10204890968ff,[HUDI-846][HUDI-848] Enable Incremental cleaning and embedded timeline-server by default (#1634),8,57,24,HUDI-846,False
4192cc65d02640f53db78922a1783103e7a46cfb,[HUDI-863] get decimal properties from derived spark DataType (#1596),2,11,15,HUDI-863,True
555ff1aea4d7cc5947e890866b2a384b5409fb3a,[HUDI-858] Allow multiple operations to be executed within a single commit (#1633),3,77,5,HUDI-858,False
0fb02e7ad1111f1b84d48c8983e9a4cd7eb8b91e,[HUDI-895] Remove unnecessary listing .hoodie folder when using timeline server (#1636),3,40,31,HUDI-895,False
7c766c33ddc5171743181767d1c6ce8d237ab5db,HUDI-528 Handle empty commit in incremental pulling (#1612),4,452,24,HUDI-528,True
4095de4d45f174b45dd1310a6a99c4fecfb2466a,[HUDI-820] cleaner repair command should only inspect clean metadata files (#1542),8,601,9,HUDI-820,True
ffd1d026842eb658758bd75373c903ea58b0415c,[HUDI-394] Provide a basic implementation of test suite,115,9517,134,HUDI-394,False
492f324bc79febd8299fbb837b67c900ace18ac2,[HUDI-938] Removing incubating/incubator from project (#1658),8,32,37,HUDI-938,False
f22c3e933e828d1342bed67874b9ab3fee0ad099,[HUDI-926] Removing DISCLAIMER from the repo (#1657),1,0,10,HUDI-926,False
1fcaec26ea41a9a1a93a924a71ce39b703a2b637,"[HUDI-923] Update site to reflect graduation (#1656)

- Removed references to ""Incubating"" in all pages, logos, text etc..
- Update PMC/Committers information correctly. 
- Removed the incubator disclaimer on site footer
- Fixed github links to point to apache/hudi",20,100,108,HUDI-923,False
d3edac4612bde2fa9deca9536801dbc48961fb95,"HUDI-921 Remove inlineCompactionEvery method in HoodieCompactionConfig.Builder (#1654)

Co-authored-by: Sathyaprakash Govindasamy <sathyaprakashg@zillowgroup.com>",1,0,5,HUDI-921,True
f34de3fb2738c8c36c937eba8df2a6848fafa886,"[HUDI-836] Implement datadog metrics reporter (#1572)

- Adds support for emitting metrics to datadog
- Tests, configs..",13,906,3,HUDI-836,False
802d16c8c9793156ef7fef0c59088040800fe025,[HUDI-707] Add unit test for StatsCommand (#1645),7,260,19,HUDI-707,False
6a0aa9a645d11ed7b50e18aa0563dafcd9d145f7,"[HUDI-803] Replaced used of NullNode with JsonProperties.NULL_VALUE in HoodieAvroUtils (#1538)

- added more test cases in TestHoodieAvroUtils.class

Co-authored-by: Vinoth Chandar <vinoth@apache.org>",2,97,13,HUDI-803,False
74ecc27e920c70fa4598d8e5a696954203a5b127,[HUDI-846][HUDI-848] Enable Incremental cleaning and embedded timeline-server by default (#1634),8,56,24,HUDI-846,False
244d47494e2d4d5b3ca60e460e1feb9351fb8e69,[HUDI-888] fix NullPointerException in HoodieCompactor (#1622),2,19,8,HUDI-888,True
161a7983375b0787398a1219a80531019810e692,[HUDI-706] Add unit test for SavepointsCommand (#1624),5,361,35,HUDI-706,False
e6f3bf10cf2c62a1008b82765abdcd33cfd64c67,[HUDI-858] Allow multiple operations to be executed within a single commit (#1633),5,84,6,HUDI-858,False
459356e292ea869ffe5f39235646dc474da76ea5,[HUDI-863] get decimal properties from derived spark DataType (#1596),2,11,15,HUDI-863,True
57132f79bb2dad6cfb215480b435a778714a442d,[HUDI-705] Add unit test for RollbacksCommand (#1611),3,204,7,HUDI-705,False
da043af11e731b3e53d998c3db3a66f13fd59026,[HUDI-889] Writer supports useJdbc configuration when hive synchronization is enabled (#1627),3,7,1,HUDI-889,False
8324f6ecb030227beca87d92031cefb08c21ae6e,[HUDI-789]Adjust logic of upsert in HDFSParquetImporter (#1511),2,217,60,HUDI-789,True
5fbb5a76f9ded25e9b6bd15e2db40e1a7c7a0f4d,"[HUDI-902] Avoid exception when getSchemaProvider (#1584)

* When no new input data, don't throw exception for null SchemaProvider
* Return the newly added NullSchemaProvider instead",2,62,2,HUDI-902,False
29edf4b3b8ade64ec7822d6b7b2a125d5ca781c4,"[HUDI-407] Adding Simple Index to Hoodie. (#1402)

This index finds the location by joining incoming records with records from base files.",16,1381,65,HUDI-407,False
3c9da2e5f038ea90a823334a7b07bb4d13f90996,[HUDI-895] Remove unnecessary listing .hoodie folder when using timeline server (#1636),3,40,31,HUDI-895,False
25a0080b2f6ddce0e528b2a72aea33a565f0e565,"[HUDI-714]Add javadoc and comments to hudi write method link (#1409)

* [HUDI-714] Add javadoc and comments to hudi write method link",9,64,26,HUDI-714,False
2ada2ef50fc373ed3083d0e7a96e5e644be52bfb,"[HUDI-902] Avoid exception when getSchemaProvider (#1584)

* When no new input data, don't throw exception for null SchemaProvider
* Return the newly added NullSchemaProvider instead",2,59,2,HUDI-902,False
25e0b75b3d03b6d460dc18d1a5fce7b881b0e019,"[HUDI-723] Register avro schema if infered from SQL transformation (#1518)

* Register avro schema if infered from SQL transformation
* Make HoodieWriteClient creation done lazily always. Handle setting schema-provider and avro-schemas correctly when using SQL transformer

Co-authored-by: Alex Filipchik <alex.filipchik@csscompany.com>
Co-authored-by: Balaji Varadarajan <varadarb@uber.com>",2,73,17,HUDI-723,True
a64afdfd17ac974e451bceb877f3d40a9c775253,HUDI-528 Handle empty commit in incremental pulling (#1612),2,20,17,HUDI-528,True
f094f4285782e1253b52fef788fa7461c67d95a7,"[HUDI-843] Add ability to specify time unit for  TimestampBasedKeyGenerator (#1541)



Co-authored-by: Alex Filipchik <alex.filipchik@csscompany.com>
Co-authored-by: Vinoth Chandar <vinoth@apache.org>",2,60,13,HUDI-843,False
3a2fe13fcb7c168f8ff023e3bdb6ae482b400316,[HUDI-701] Add unit test for HDFSParquetImportCommand (#1574),5,209,19,HUDI-701,False
83796b3189570182c68a9c41e57b356124c301ca,"[HUDI-793] Adding proper default to hudi metadata fields and proper handling to rewrite routine (#1513)

* Adding proper default to hudi metadata fields and proper handling to rewrite routine
* Handle fields declared with a null default

Co-authored-by: Alex Filipchik <alex.filipchik@csscompany.com>",2,15,9,HUDI-793,True
0d4848b68b625a17d05b38864a84a6cc71189bfa,"[HUDI-811] Restructure test packages (#1607)

* restructure hudi-spark tests
* restructure hudi-timeline-service tests
* restructure hudi-hadoop-mr hudi-utilities tests
* restructure hudi-hive-sync tests",36,106,80,HUDI-811,False
32bada29dc95f1d5910713ae6b4f4a4ef39677c9,[HUDI-889] Writer supports useJdbc configuration when hive synchronization is enabled (#1627),3,7,1,HUDI-889,False
20a0ee2a4d3d8251da3dac97d657db8163450a29,[HUDI-891] Improve websites for graduation required content (#1628),2,21,4,HUDI-891,False
32ea4c70ff259798dee571670dbcc501cc477cb0,[HUDI-869] Add support for alluxio (#1608),2,4,1,HUDI-869,False
06149f3115136a9e65699b3d05e16a3b484af055,"[HUDI-862] Migrate HUDI site blogs from Confluence to Jeykll. (#1594)

1. Added a data file which saves author information (authors.yml)
2. Theme changes:
  - Author names added to blog pages. Author names link to author bio page on HUDI Confluence Wiki.
  - Date added to blog posts
  - Blog archive page has excerpts for better layout.
  - Added custom CSS for the above theme changes.
3. Added a new asset directory where the blog images are stored (docs/assets/images/blog)
4. Exported all blog posts from Confluence in markdown format.
5. Adding syntax highlighting to the blog posts

Co-authored-by: Vinoth Chandar <vinoth@apache.org>
Co-authored-by: lamber-ken <lamberken@163.com>",32,755,9,HUDI-862,False
404c7e82d9b538c356f93ffbbcb2c20d23310fd0,"[HUDI-884] Shade avro and parquet-avro in hudi-hive-sync-bundle (#1618)

Co-authored-by: Mehrotra <uditme@amazon.com>",2,28,2,HUDI-884,True
e8ffc6f0aa91e2ba2f4affe09d4cb29bd12d41e4,[HUDI-881] Replace part of spark context by hadoop configuration in AbstractHoodieClient and HoodieReadClient (#1620),4,11,7,HUDI-881,False
b54517aad07750071c9df164d9e573ed3335652d,[HUDI-886] Replace jsc.hadoopConfiguration by hadoop configuration in hudi-client testcase (#1621),12,78,78,HUDI-886,False
295d00beea1c84f83d707f7c6e70292787f1e3e0,[HUDI-880] Replace part of spark context by hadoop configuration in HoodieTable. (#1614),28,135,125,HUDI-880,False
77d7500d3bbcedda81fa182908984e658d6689e5,[HUDI-616] Fixed parquet files getting created on local FS (#1434),1,2,1,HUDI-616,True
6dac10115c155b619734938caac447c8b04d4c8e,[HUDI-870] Remove spark context in ClientUtils and HoodieIndex (#1609),9,21,22,HUDI-870,False
8d0e23173b3f21d7cdb24942913eb1132a111a32,[HUDI-820] cleaner repair command should only inspect clean metadata files (#1542),3,29,9,HUDI-820,True
288bc4dd809521af896d0538ec2ae87bc034df7b,"[HUDI-852] adding check for table name for Append Save mode  (#1580)

* adding check for table name for Append Save mode

* adding existing table validation for delete and upsert operation

Co-authored-by: Aakash Pradeep <apradeep@twilio.com>",2,63,4,HUDI-852,True
500b3907a5057b3945115132beb97ef6cae37687,"[HUDI-795] Handle auto-deleted empty aux folder (#1515)

Co-authored-by: Alex Filipchik <alex.filipchik@csscompany.com>",1,21,3,HUDI-795,True
f9c3b078966fad1843554853b6179c04cae1d7f8,[HUDI-727]: Copy default values of fields if not present when rewriting incoming record with new schema (#1427),3,84,17,HUDI-727,False
e80dd0414b1842fd1128fb7d6262b43f8426e048,"[HUDI-717] Fixed usage of HiveDriver for DDL statements. (#1416)

When using HiveDriver mode in HudiHiveClient, Hive 2.x DDL operations like ALTER PARTITION may fail. This is because Hive 2.x doesn't like `db`.`table_name` for operations. In this fix, we set the name of the database in the SessionState create for the Driver.",3,99,8,HUDI-717,True
2f4ee0a4af3c088f825decd77c5429c822b50ad6,[HUDI-742] Fix Java Math Exception (#1466),2,18,1,HUDI-742,True
2e5f6011575cc9fb6adbae822718ea08ac00c4be,"[HUDI-400] Check upgrade from old plan to new plan for compaction (#1422)

* Fix NPE when DataFile is null
* Check from old plan upgrade to new plan",2,3,1,HUDI-400,False
86698b516001fc30427f3f15a56ec5289d17a9c1,[HUDI-716] Exception: Not an Avro data file when running HoodieCleanClient.runClean (#1432),5,78,1,HUDI-716,True
cc4aa45ae28bbd4135d1c65f38a2dcd5de749418,[HUDI-782] Add support of Aliyun object storage service. (#1506),2,3,0,HUDI-782,False
bd7060186f7165f01aa8508c3fd8c3c81b012a2f,[HUDI-539] Make ROPathFilter conf member serializable (#1415),1,4,3,HUDI-539,True
0050e00afdc728793f9928cbb594e657c7219c41,[HUDI-607] Fix to allow creation/syncing of Hive tables partitioned by Date type columns (#1330),2,100,1,HUDI-607,True
96b2359fda4d5b55e51e8f347228fe2f7cf6b24f,"[HUDI-724] Parallelize getSmallFiles for partitions (#1421)

Co-authored-by: Feichi Feng <feicfeng@amazon.com>",5,36,23,HUDI-724,False
ea48ca9b62a2f216460a0795ef9d519481510cd7,[HUDI-850] Avoid unnecessary listings in incremental cleaning mode (#1576),2,85,42,HUDI-850,False
9a2b3e3c93f670c79adb3d5cba69cdd3f551005a,"[HUDI-656][Performance] Return a dummy Spark relation after writing the DataFrame (#1394)

Co-authored-by: Mehrotra <uditme@amazon.com>",2,54,1,HUDI-656,False
18453a456db0f5be0b935e5a04d8c0cdb3958936,"[HUDI-713] Fix conversion of Spark array of struct type to Avro schema (#1406)

Co-authored-by: Wenning Ding <wenningd@amazon.com>",6,84,21,HUDI-713,True
e3f7659b3470a16f2d46ab75df576a7f00b432cd,"[HUDI-799] Use appropriate FS when loading configs (#1517)

Co-authored-by: Alex Filipchik <alex.filipchik@csscompany.com>",1,3,1,HUDI-799,True
cebce61a3496f8788f5b96d6aedce0a8394fc325,"[HUDI-629]: Replace Guava's Hashing with an equivalent in NumericUtils.java (#1350)

* [HUDI-629]: Replace Guava's Hashing with an equivalent in NumericUtils.java",51,308,228,HUDI-629,False
1d16b151b9079c4ad9bfb08bfa6114c3ad585e0f,"[HUDI-681]Remove embeddedTimelineService from HoodieReadClient (#1388)

* [HUDI-681]Remove embeddedTimelineService from HoodieReadClient",4,8,30,HUDI-681,False
dd7952ec9de7f9858ded98b49923e8978fd1df78,"[HUDI-652] Decouple HoodieReadClient and AbstractHoodieClient to break the inheritance chain (#1372)


* Removed timeline server support
* Removed try-with-resource",5,88,94,HUDI-652,False
d54b4b8a525868ea6d15e2e2cc6ffccc62d5c43c,"[HUDI-838] Support schema from HoodieCommitMetadata for HiveSync (#1559)

Co-authored-by: Mehrotra <uditme@amazon.com>",6,199,57,HUDI-838,False
e783ab174946a0b767396239c0132c31c8d26458,"[HUDI-784] Adressing issue with log reader on GCS (#1516)

[HUDI-784] Adressing issue with log reader on GCS (#1516)
Co-authored-by: Alex Filipchik <alex.filipchik@csscompany.com>",1,4,4,HUDI-784,True
f921469afcd03baaf2a4f3266c8ba97e516d6935,[HUDI-704] Add test for RepairsCommand (#1554),7,457,12,HUDI-704,False
366bb10d8c4fe98424f09a6cf6f4aee7716451a4,"[HUDI-812] Migrate hudi common tests to JUnit 5 (#1590)

* [HUDI-812] Migrate hudi-common tests to JUnit 5",43,716,830,HUDI-812,False
5e0f5e5521c52a08c284a92a3a6a00e34805cce5,"[HUDI-852] adding check for table name for Append Save mode  (#1580)

* adding check for table name for Append Save mode

* adding existing table validation for delete and upsert operation

Co-authored-by: Aakash Pradeep <apradeep@twilio.com>",2,64,5,HUDI-852,True
096f7f55b2553265c0b72f42a1eb7f291e5626ad,[HUDI-813] Migrate hudi-utilities tests to JUnit 5 (#1589),17,192,214,HUDI-813,False
531b42a529b7a2f248c062c1e5b351e79239baca,"[HUDI-783] Add pyspark example in quickstart (#1526)

* [HUDI-783] Pyspark Docs - Add Hudi pyspark insert example.

* [HUDI-783] Pyspark Docs - Add Hudi pyspark query and update example.

* [HUDI-783] Pyspark Docs - Add Hudi pyspark incremental example.

* Pyspark Docs - Add Hudi pyspark delete example.

* [HUDI-783] Pyspark Docs - Fix syntax issue

* [HUDI-1526] Address PR comments.

* [HUDI-1526] Pyspark Docs - Fix syntax issue

* [HUDI-783] Pyspark Docs - Update Formatting.

* [HUDI-1526] Reformatted the docs

* [HUDI-1526] Address pr docs comments.

* [HUDI-783] Add pyspark example in quickstart #1526",1,233,3,HUDI-783,False
506447fd4fde4cd922f7aa8f4e17a7f06666dc97,[HUDI-850] Avoid unnecessary listings in incremental cleaning mode (#1576),3,85,48,HUDI-850,False
9059bce977cee98e2d65769622c46a1941c563dd,[HUDI-702] Add test for HoodieLogFileCommand (#1522),3,246,7,HUDI-702,False
69b16309c8c46f831c8b9be42de8b2e29c74f03e,[HUDI-814] Migrate hudi-client tests to JUnit 5 (#1570),4,44,46,HUDI-814,False
06dae30297ea02ab122c9029a54f7927e8212039,[HUDI-810] Migrate ClientTestHarness to JUnit 5 (#1553),36,1236,1247,HUDI-810,False
6de9f5d9e5cb1f82d7c32d04b114e7d4a181619b,"[HUDI-819] Fix a bug with MergeOnReadLazyInsertIterable.

Variable declared here[1] masks protected statuses variable. So although hoodie writes data, will not include writestatus in the completed section. This can cause duplicates being written (#1540)
[1] https://github.com/apache/incubator-hudi/blob/master/hudi-client/src/main/java/org/apache/hudi/execution/MergeOnReadLazyInsertIterable.java#L53",10,138,99,HUDI-819,False
19ca0b56296bf89c611406bb86c3626f87d562ee,"[HUDI-785] Refactor compaction/savepoint execution based on ActionExector abstraction (#1548)

- Savepoint and compaction classes moved to table.action.* packages
 - HoodieWriteClient#savepoint(...) returns void
 - Renamed HoodieCommitArchiveLog -> HoodieTimelineArchiveLog
 - Fixed tests to take into account the additional validation done
 - Moved helper code into CompactHelpers and SavepointHelpers",58,789,601,HUDI-785,False
aea7c1657ee41ac740b4974f4239c90960553f64,"[HUDI-795] Handle auto-deleted empty aux folder (#1515)

Co-authored-by: Alex Filipchik <alex.filipchik@csscompany.com>",1,21,3,HUDI-795,True
55dde438e8adf24b0b03bde589d4cee9b3cb663c,[HUDI-827] fix translation error (#1551),1,1,1,HUDI-827,True
26684f5984baafdfcbef3718fa5abcbd0983a6a4,[HUDI-816] Fixed MAX_MEMORY_FOR_MERGE_PROP and MAX_MEMORY_FOR_COMPACTION_PROP do not work due to HUDI-678 (#1536),2,74,1,HUDI-816,True
6e15eebd81da41b1076179a8ddcedcf07d1c9043,[HUDI-809] Migrate CommonTestHarness to JUnit 5 (#1530),14,460,430,HUDI-809,False
2a56f82908a8b8f788a7547d3c707c144696c1df,"[HUDI-821] Fixing JCommander param parsing in deltastreamer (#1525)

Co-authored-by: Alex Filipchik <alex.filipchik@csscompany.com>",2,2,17,HUDI-821,True
62bd3e7ded0b9f02742ece746fd7179ba20b5c92,"[HUDI-757] Added hudi-cli command to export metadata of Instants.

Example:
hudi:db.table-> export instants --localFolder /tmp/ --limit 5 --actions clean,rollback,commit --desc false",3,264,0,HUDI-757,False
f063d5f4b6024b81154ed76fe61e15c9eccf5493,[HUDI-823] fix typo (#1545),2,3,3,HUDI-823,True
84dd9047d3902650d7ff5bc95b9789d6880ca8e2,[HUDI-789]Adjust logic of upsert in HDFSParquetImporter (#1511),2,217,60,HUDI-789,True
332072bc6d5fd04e9325d21e55dfac66bc8f848a,[HUDI-371] Supporting hive combine input format for realtime tables (#1503),15,1045,372,HUDI-371,False
ddd105bb3119174b613c6917ee25795f2939f430,[HUDI-772] Make UserDefinedBulkInsertPartitioner configurable for DataSource (#1500),4,134,2,HUDI-772,False
2bba4638ba2dc1b89ff27cf06aa38ba66bcf94ba,[HUDI-815] Fix typo(Kakfa -> Kafka) (#1534),2,2,2,HUDI-815,True
09fd6f64c527e6a822c4e17dc4e61b8fdee28189,[HUDI-800] Fix Metrics getReporter().close() throws NPE. (#1529),1,4,2,HUDI-800,True
acb1ada2f756b49d9f9a0aa152f99fcc9e86dde7,"[HUDI-799] Use appropriate FS when loading configs (#1517)

Co-authored-by: Alex Filipchik <alex.filipchik@csscompany.com>",1,3,1,HUDI-799,True
acdc4a8d004394590f9e5ffcc703ea23624e66d9,[HUDI-798] Migrate to Mockito Jupiter for JUnit 5 (#1521),15,135,135,HUDI-798,False
19d29ac7d0ac451324d25bfe85b51b1eca10bc67,"[HUDI-741] Added checks to validate Hoodie's schema evolution.

HUDI specific validation of schema evolution should ensure that a newer schema can be used for the dataset by checking that the data written using the old schema can be read using the new schema.

Code changes:

1. Added a new config in HoodieWriteConfig to enable schema validation check (disabled by default)
2. Moved code that reads schema from base/log files into hudi-common from hudi-hive-sync
3. Added writerSchema to the extraMetadata of compaction commits in MOR table. This is same as that for commits on COW table.

Testing changes:

4. Extended TestHoodieClientBase to add insertBatch API which allows inserting a new batch of unique records into a HUDI table
5. Added a unit test to verify schema evolution for both COW and MOR tables.
6. Added unit tests for schema compatiblity checks.",15,1004,180,HUDI-741,True
9ca710cb02d34ab26fbf59b2d9152f2df86875f3,[HUDI-777] Updated description for --target-table parameter (#1519),2,2,2,HUDI-777,False
d65efe659d36dfb80be16a6389c5aba2f8701c39,[HUDI-780] Migrate test cases to Junit 5 (#1504),26,522,282,HUDI-780,True
14d4fea8339913c0df8ea829036a45a187c55208,[HUDI-759] Integrate checkpoint provider with delta streamer (#1486),7,146,63,HUDI-759,False
644c1cc8bd1965271c4433edccb17aa8fda5f403,[HUDI-698]Add unit test for CleansCommand (#1449),8,355,6,HUDI-698,False
661b0b3bab85c8fd958a9e256dab99790ea92713,"[HUDI-761] Refactoring rollback and restore actions using the ActionExecutor abstraction (#1492)

- rollback() and restore() table level APIs introduced
- Restore is implemented by wrapping calls to rollback executor
- Existing tests transparently cover this, since its just a refactor",20,907,520,HUDI-761,False
17bf9303423821483f17785f8536b7bfed45e42e,[HUDI-770] Organize upsert/insert API implementation under a single package (#1495),39,2703,859,HUDI-770,False
6d7ca2cf7e441ad19d32d7a25739e454f39ed253,[HUDI-727]: Copy default values of fields if not present when rewriting incoming record with new schema (#1427),3,84,17,HUDI-727,False
fbb83fe36e830d6d6a6fc5b9836be43f30995114,[HUDI-782] Add doc for OSS filesystem (#1508),2,123,0,HUDI-782,False
5d717a28f45137bea71dffa31b0ae7ccbf1bda00,[HUDI-782] Add support of Aliyun object storage service. (#1506),2,3,0,HUDI-782,False
a464a2972e83e648585277ebe567703c8285cf1e,[HUDI-700]Add unit test for FileSystemViewCommand (#1490),3,351,19,HUDI-700,False
c0f96e072650d39433929c6efe3bc0b2cd882a39,[HUDI-687] Stop incremental reader on RO table when there is a pending compaction (#1396),11,541,126,HUDI-687,False
f5f34bb1c16e6d070668486eba2a29f554c0bbc7,"[HUDI-568] Improve unit test coverage

Classes improved:
* HoodieTableMetaClient
* RocksDBDAO
* HoodieRealtimeFileSplit",5,335,23,HUDI-568,False
1f6be820f327503b460f9e8c372c07d6b0918fca,[HUDI-758] Modify Integration test to include incremental queries for MOR tables,6,106,15,HUDI-758,False
4e5c8671ef3213ffa5c40f09aae27aacfa20f907,[HUDI-740]Fix can not specify the sparkMaster and code clean for SparkUtil (#1452),5,103,59,HUDI-740,True
d610252d6b54dcbb1897bb8881d59c3838a46c18,"[HUDI-288]: Add support for ingesting multiple kafka streams in a single DeltaStreamer deployment (#1150)

* [HUDI-288]: Add support for ingesting multiple kafka streams in a single DeltaStreamer deployment",26,1184,78,HUDI-288,False
eaf6cc2d90bf27c0d9414a4ea18dbd1b61f58e50,"[HUDI-756] Organize Cleaning Action execution into a single package in hudi-client (#1485)

- Introduced a thin abstraction ActionExecutor, that all actions will implement
- Pulled cleaning code from table, writeclient into a single package
- CleanHelper is now CleanPlanner, HoodieCleanClient is no longer around
- Minor refactor of HoodieTable factory method
- HoodieTable.create() methods with and without metaclient passed in
- HoodieTable constructor now does not do a redundant instantiation
- Fixed existing unit tests to work at the HoodieWriteClient level",31,585,555,HUDI-756,False
575d87cf7d6f0f743cb7cec6520d80e6fcc3e20a,HUDI-644 kafka connect checkpoint provider (#1453),3,277,0,HUDI-644,False
deb95ad9962bd40dc3edcc66281e8d333f32bab3,[HUDI-748] Adding .codecov.yml to set exclusions for code coverage reports. (#1468),1,44,0,HUDI-748,False
6808559b018366b4bc6d47b40dbbe362f48f65d7,"[HUDI-717] Fixed usage of HiveDriver for DDL statements. (#1416)

When using HiveDriver mode in HudiHiveClient, Hive 2.x DDL operations like ALTER PARTITION may fail. This is because Hive 2.x doesn't like `db`.`table_name` for operations. In this fix, we set the name of the database in the SessionState create for the Driver.",3,101,10,HUDI-717,True
639ec20412f73d221c24737e35667b37b35cc583,"[HUDI-562] Enable testing at debug log level

This is to ensure that tests will execute all code paths, even the ones
written under DEBUG log levels. This will improve coverage as well as
ensure there are no surprised when DEBUG log level is enabled in
production.",17,196,115,HUDI-562,False
5b53b0d85e0d60a37c37941b5a653b0718534e7b,"[HUDI-731] Add ChainedTransformer (#1440)

* [HUDI-731] Add ChainedTransformer",8,314,46,HUDI-731,False
2a611f4ad3816b67b54e0fcd1ef588668fba0732,[HUDI-749] Fix hudi-timeline-server-bundle run_server.sh start error (#1477),1,1,1,HUDI-749,True
c146ca90fdd102f2bda90a2b15f6aef56414f9f4,"[HUDI-754] Configure .asf.yaml for Hudi Github repository (#1472)

* [HUDI-754] Configure .asf.yaml for Hudi Github repository",1,12,0,HUDI-754,False
78b3194e8241c519a85310997f31b2b55df487e1,[HUDI-751] Fix some coding issues reported by FindBugs (#1470),31,57,41,HUDI-751,False
9ecf0ccfb263cee8190afeb965ba350525860d6e,[HUDI-742] Fix Java Math Exception (#1466),2,18,1,HUDI-742,True
ce0a4c64d07d6eea926d1bfb92b69ae387b88f50,"[HUDI-713] Fix conversion of Spark array of struct type to Avro schema (#1406)

Co-authored-by: Wenning Ding <wenningd@amazon.com>",6,75,17,HUDI-713,True
dbc9acd23a4eb208c7cd458bb3adaf54731d4145,[HUDI-716] Exception: Not an Avro data file when running HoodieCleanClient.runClean (#1432),5,78,1,HUDI-716,True
1f5b0c77d6c87a936f2d34287ec6a1df1cb18b33,"[HUDI-724] Parallelize getSmallFiles for partitions (#1421)

Co-authored-by: Feichi Feng <feicfeng@amazon.com>",6,37,24,HUDI-724,False
fa36082554373dd4dce3e3d3159ab87300a4601d,[HUDI-746] Reduce build warnings < 10 (#1465),188,437,409,HUDI-746,False
fad4bd377bb14a9ff6e684a526d0eaa65458d91d,[HUDI-745] CI should fail PRs with unapproved license files (#1464),1,1,1,HUDI-745,False
e057c27603301d8b49e9b50b78a3ffce247b1059,"[HUDI-744] Restructure hudi-common and clean up files under util packages (#1462)

 - Brings more order and cohesion to the classes in hudi-common
 - Utils classes related to a particular concept (avro, timeline,...) are placed near to the package
 - common.fs package now contains all the filesystem level classes including wrapper filesystem
 - bloom.filter package renamed to just bloom
 - config package contains classes that help store properties
 - common.fs.inline package contains all the inline filesystem classes/impl
 - common.table.timeline now consolidates all timeline related classes
 - common.table.view consolidates all the classes related to filesystem view metadata
 - common.table.timeline.versioning contains all classes related to versioning of timeline
 - Fix few unit tests as a result
 - Moved the test packages around to match the source file move
 - Rename AvroUtils to TimelineMetadataUtils & minor fixes/typos",269,541,538,HUDI-744,False
357c6bfafa02bb998e2dbdf164c254607f768a5e,[HUDI-732] Generate site to content folder (#1463),208,2,92497,HUDI-732,False
07c3c5d797f612f9b73b2805b65275c2029c2442,"[HUDI-679] Make io package Spark free (#1460)

* [HUDI-679] Make io package Spark free",19,136,58,HUDI-679,False
ac73bdcdc39e100d4082cf54359690490e5774f7,"[HUDI-430] Adding InlineFileSystem to support embedding any file format as an InlineFile (#1176)

* Adding InlineFileSystem to support embedding any file format (parquet, hfile, etc). Supports reading the embedded file using respective readers.",12,1460,7,HUDI-430,False
04449f33feb300b99750c52ec37f2561aa644456,[HUDI-743]: Remove FileIOUtils.close() (#1461),2,1,27,HUDI-743,False
8c3001363d80b29733470221c192a72f541381c5,HUDI-479: Eliminate or Minimize use of Guava if possible (#1159),46,429,217,HUDI-479,False
8b0a4009a9c662f45a0b7bbbb6f01c2b07c36809,[HUDI-678] Make config package spark free (#1418),9,110,81,HUDI-678,False
bc82e2be6cf080ab99092758368e91f509a2004c,"[HUDI-711] Refactor exporter main logic (#1436)

* Refactor exporter main logic
* break main method into multiple readable methods
* fix bug of passing wrong file list
* avoid deleting output path when exists
* throw exception to early abort on multiple cases
* use JavaSparkContext instead of SparkSession
* improve unit test for expected exceptions",3,154,88,HUDI-711,True
3ecde42e4e7c91ef9f2f6b2191b0deeaa9a1b35b,[HUDI-734] Fix error: cannot create directory ‘test-content’: File exists (#1442),1,1,1,HUDI-734,True
9c80aa53747d3a26709573b8a53caa7d558d13b7,"[HUDI-504] Restructuring and auto-generation of docs (#1412)

* [HUDI-504] Restructuring and auto-generation of docs

* mkdir test-content folder firstly",2,51,11,HUDI-504,False
cafc87041baf4055c39244e7cde0187437bb03d4,[HUDI-697]Add unit test for ArchivedCommitsCommand (#1424),5,377,5,HUDI-697,False
0241b21f771fd1b7438a103a7b49f913632d4b97,[HUDI-65] commitTime rename to instantTime (#1431),68,673,673,HUDI-65,False
38c3ccc51a069dbccab718423055c0a708b44d63,[HUDI-663] Fix HoodieDeltaStreamer offset not handled correctly (#1377),1,1,1,HUDI-663,True
1e1d9e1d345a104d6f873403ef2826778ac114d3,[HUDI-616] Fixed parquet files getting created on local FS (#1434),1,2,1,HUDI-616,True
71b5d92a15844ef1847721f2fac21b8a2956a8b7,"[HUDI-720] NOTICE file needs to add more content based on the NOTICE files of the ASF projects that hudi bundles (#1417)

* [HUDI-720] NOTICE file needs to add more content based on the NOTICE files of the ASF projects that hudi bundles",2,154,1,HUDI-720,False
c5030f77a0e63f609ed2c674bea00201b97d8bb6,"[HUDI-720] NOTICE file needs to add more content based on the NOTICE files of the ASF projects that hudi bundles (#1417)

* [HUDI-720] NOTICE file needs to add more content based on the NOTICE files of the ASF projects that hudi bundles",2,154,1,HUDI-720,False
83fb9651f368351446bb6ef0c9ebde34cf61b809,[HUDI-650] Modify handleUpdate path to validate partitionPath (#1368),12,170,61,HUDI-650,False
eeab532d794426115f839e6ee11a9fc1314698fe,[HUDI-725] Remove init log in the constructor of DeltaSync (#1425),1,0,1,HUDI-725,False
21c45e1051b593f0e1023a84cb96658320046dae,[HUDI-726]Delete unused method in HoodieDeltaStreamer (#1426),1,0,4,HUDI-726,False
14e0c95206f6d7c1806555490bcbce8785ffea5a,"[HUDI-400] Check upgrade from old plan to new plan for compaction (#1422)

* Fix NPE when DataFile is null
* Check from old plan upgrade to new plan",2,3,1,HUDI-400,False
434e9c5c125b018af13ee5308631694660780700,[HUDI-653] Add JMX Report Config to Doc (#1370),4,67,19,HUDI-653,False
1e321c2fc0f9fedcbb8a0339c90a28a9be5afd64,[HUDI-209] Implement JMX metrics reporter (#1106),12,292,42,HUDI-209,False
e500cc1b0cf6ecf3dc7bae5e38d2bdc773830c48,[HUDI-437] Add user-defined index config (#1414),4,11,3,HUDI-437,False
779edc068865898049569da0fe750574f93a0dca,[HUDI-344] Add partitioner param to Exporter (#1405),2,178,58,HUDI-344,True
0a4902eccece1df959946fcb7379a94fc5fe0784,"[HUDI-437] Support user-defined index (#1408)

* [hotfix] set default value for index class config
* class config takes precedence over `hoodie.index.type`",4,107,0,HUDI-437,False
e3019031d8fff60df4fec82eac3fd5c044011635,[HUDI-539] Make ROPathFilter conf member serializable (#1415),1,4,3,HUDI-539,True
f1d7bb381d4a370beeedb45132b24c2cac00aabf,[HUDI-695]Add unit test for TableCommand (#1411),3,170,1,HUDI-695,True
3ef9e885cacc064fc316c61c7c826f3a1cb96da0,[HUDI-715] Fix duplicate name in TableCommand (#1410),1,1,1,HUDI-715,True
55e6d348155f63eb128cd208687d02206bad66a5,"[HUDI-694]Add unit test for SparkEnvCommand (#1401)

* Add test for SparkEnvCommand",4,147,0,HUDI-694,False
cf765df6062f896ad6bf0a8ddf711aad19dbf59b,[HUDI-76] Add CSV Source support for Hudi Delta Streamer,10,597,33,HUDI-76,False
23afe7a4872fca66d9aeb36d209c6538a17d81f1,[HUDI-710] Fixing failure in Staging Validation Script (#1403),1,1,1,HUDI-710,True
14323cb10012bdbf80cbb838928af9301cb42ba0,[HUDI-344] Improve exporter tests (#1404),3,151,226,HUDI-344,True
99b7e9eb9ef8827c1e06b7e8621b6be6403b061e,"[HUDI-629]: Replace Guava's Hashing with an equivalent in NumericUtils.java (#1350)

* [HUDI-629]: Replace Guava's Hashing with an equivalent in NumericUtils.java",51,308,228,HUDI-629,False
a355c7611c55151e6cfd5942c9eb067b622ae57b,"[HUDI-688] Paring down the NOTICE file to minimum required notices (#1391)

- Based on analysis, we don't need to call out anything
 - We only do source releases at this time
 - Fix typo in LICENSE",2,1,82,HUDI-688,False
4d3d9bd124410489cca1c2e764d1ba05f1a3474b,[HUDI-634] Cut 0.5.2 documentation and write release note (#1390),40,7117,4,HUDI-634,False
c40a0d4e91896dece51969f5308016ecb3aa635c,"[HUDI-656][Performance] Return a dummy Spark relation after writing the DataFrame (#1394)

Co-authored-by: Mehrotra <uditme@amazon.com>",2,54,1,HUDI-656,False
0f892ef62c76436b17030e6edb4642f476d7de1e,"[HUDI-692] Add delete savepoint for cli (#1397)

* Add delete savepoint for cli
* Add check
* Move JavaSparkContext to try",1,30,9,HUDI-692,False
7194514aff33815a2f4d6d1847f00b94d1a1a36b,[HUDI-689] Change CLI command names to not have overlap (#1392),2,4,4,HUDI-689,False
1ca912af0904283a270a822d5876babca5c89739,[HUDI-667] Fixing delete tests for DeltaStreamer (#1395),2,23,23,HUDI-667,True
dd7cf38a137ed43b8f00aa14c985bf8b106e256f,"[HUDI-688] Paring down the NOTICE file to minimum required notices (#1391)

- Based on analysis, we don't need to call out anything
 - We only do source releases at this time
 - Fix typo in LICENSE",2,1,82,HUDI-688,False
cf0a4c19bc4ed850172e6ac938f57a0bf7e96353,"[HUDI-670] Added test cases for TestDiskBasedMap. (#1379)

* [HUDI-670] Added test cases for TestDiskBasedMap.

* Update TestDiskBasedMap.java

Co-authored-by: Suneel Marthi <smarthi@apache.org>",1,25,0,HUDI-670,False
77d5b92d88d6583bdfc09e4c10ecfe7ddbb04806,[HUDI-668] Added additional unit-tests for HUDI metrics. (#1380),2,119,3,HUDI-668,False
44700d531a74f24762903df2729577a0d96e4ec0,"[HUDI-344] Hudi Dataset Snapshot Exporter (#1360)

Co-authored-by: jason1993 <261049174@qq.com>",3,496,0,HUDI-344,True
3639241d24178292223996fd591a7d0c6e27a528,"[HUDI-676] Address issues towards removing use of WIP Disclaimer (#1386)

* rename DISCLAIMER-STANDARD TO DISCLAIMER",4,15,31,HUDI-676,False
f93e64fee413ed1b774156e688794ee7937cc01a,"[HUDI-681]Remove embeddedTimelineService from HoodieReadClient (#1388)

* [HUDI-681]Remove embeddedTimelineService from HoodieReadClient",4,8,30,HUDI-681,False
2137ecfa2296b1b2d281fcd2d2a35a9282d2b477,"[HUDI-676] Address issues towards removing use of WIP Disclaimer (#1386)

* rename DISCLAIMER-STANDARD TO DISCLAIMER",4,15,31,HUDI-676,False
e9f114f3dd8673b8b66b024e62cc1e3e808e7ea9,"[HUDI-581] NOTICE need more work as it missing content form included 3rd party ALv2 licensed NOTICE files (#1354)

* [HUDI-581] - Add 3rd party library NOTICE

* [HUDI-581]: NOTICE need more work as it missing content form included 3rd party ALv2 licensed NOTICE files",1,82,1,HUDI-581,False
415882f9023795994e9cc8a8294909bbec7ab191,"[HUDI-581] NOTICE need more work as it missing content form included 3rd party ALv2 licensed NOTICE files (#1354)

* [HUDI-581] - Add 3rd party library NOTICE

* [HUDI-581]: NOTICE need more work as it missing content form included 3rd party ALv2 licensed NOTICE files",1,82,1,HUDI-581,False
5f8bf970058d5915af1910dbf917a33356d06af2,[HUDI-671] Added unit-test for HBaseIndex (#1381),1,129,4,HUDI-671,False
fdcd3b18b63d54e4b468a62d92c27497398d67ac,[HUDI-680] Update Jackson databind to 2.6.7.3 (#1385),1,1,1,HUDI-680,False
90227eeda757516abdd06b436ae08a4adacc28e1,[HUDI-673] Rename hudi-hive-bundle to hudi-hive-sync-bundle,8,8,8,HUDI-673,False
170ee884578a85db53b87cee87f5208083f142aa,[HUDI-553] Building/Running Hudi on higher java versions (#1369),7,110,9,HUDI-553,False
e15ff7f23439588186ad54952242f555be3602b2,"[HUDI-499] Add configuration docs

For the new configuration: hoodie.bloom.index.update.partition.path",2,10,2,HUDI-499,True
5831e456cb3b37f83a2dbc92eb721a1a7b85bbb8,[HUDI-604] Update docker page,1,174,105,HUDI-604,False
19b08d225484c3e7dd3d59e01d7546059086b96d,[HUDI-598] Update quick start page,1,51,51,HUDI-598,False
d02c4012270c209bf7f2c322d879572a17a0acd1,"[HUDI-590] [DOCS] Cut doc version 0.5.1 and update README with instruction to cut doc version from Mac

Updating site with recent doc changes",97,28006,114,HUDI-590,False
ee5b32f5d4aa26e7fc58ccdae46935f063460920,"[HUDI-652] Decouple HoodieReadClient and AbstractHoodieClient to break the inheritance chain (#1372)


* Removed timeline server support
* Removed try-with-resource",5,88,94,HUDI-652,False
ccbf543607db2c3479094a3216f733f6844b6f06,[HUDI-654] Rename hudi-hive to hudi-hive-sync,27,13,13,HUDI-654,False
5f85c267040fd51c186794fdae900162ab176b14,[HUDI-584] Relocate spark-avro dependency by maven-shade-plugin (#1290),3,43,2,HUDI-584,False
8306205d7abb0acbb73a1d178e3eb90f2bc29a5e,"[HUDI-332]Add operation type (insert/upsert/bulkinsert/delete) to HoodieCommitMetadata (#1157)

[HUDI-332]Add operation type (insert/upsert/bulkinsert/delete) to HoodieCommitMetadata (#1157)",10,179,12,HUDI-332,False
7e82fe2f1f1137ae946039b80ad3246abc3af7a3,[HUDI-589] Follow on fixes to querying_data page,1,45,45,HUDI-589,False
840b07ee4452e1f0654a32cb32cd7bed3279edcf,"[HUDI-589][DOCS] Fix querying_data page (#1333)

- Added support matrix for COW and MOR tables
- Change reference from (`views`|`pulls`) to `queries`
- And minor restructuring",1,73,58,HUDI-589,False
2d040145810b8b14c59c5882f9115698351039d1,[HUDI-607] Fix to allow creation/syncing of Hive tables partitioned by Date type columns (#1330),2,100,1,HUDI-607,True
0cde27e63c2cf9b70f24f0ae6b63fad9259b28d3,[HUDI-599] Update release guide & release scripts due to the change of scala 2.12 build (#1364),1,1,1,HUDI-599,False
f675236076633ac80bfd1897534d3ff0e06df93c,[HUDI-647] Change community.html page with new PPMC/committers,1,3,2,HUDI-647,False
acf359c834bc1d9b9c4ea64d362ea20c7410c70a,[HUDI-627] Aggregate code coverage and publish to codecov.io during CI (#1347),7,43,7,HUDI-627,False
71170fafe77e11ea1a458a38e3395a471d94a047,"[HUDI-554] Cleanup package structure in hudi-client (#1346)

 - Just package, class moves and renames with the following intent
 - `client` now has all the various client classes, that do the transaction management
 - `func` renamed to `execution` and some helpers moved to `client/utils`
 - All compaction code under `io` now under `table/compact`
 - Rollback code under `table/rollback` and in general all code for individual operations under `table`
 - `exception` `config`, `metrics` left untouched
 - Moved the tests also accordingly
 - Fixed some flaky tests",90,290,301,HUDI-554,False
8938eec5508bb1c756824583998fb0567db22e28,[HUDI-645] Provide a statement page to describe how to report security issues (#1361),3,66,0,HUDI-645,False
cacd9a33222d28c905891362312545230b6d30b9,[HUDI-636] Fix could not get sources warnings while compiling (#1357),1,13,0,HUDI-636,False
b7f35be452078f2941fb98a310b385c3afd971fc,"[HUDI-618] Adding unit tests for PriorityBasedFileSystemView (#1345)

[HUDI-618] Adding unit tests for PriorityBasedFileSystemView",2,635,29,HUDI-618,False
323fffad0dccf0ca5cb4e533e7fbcd2a2bcfaf3b,[HUDI-606] Improve execute build_local_docker_images.sh script,1,4,1,HUDI-606,False
ab25eed4e3eb577e8aca063756c8393980172a5b,"[HUDI-632] Update documentation (docker_demo) to mention both commit and deltacommit files (#1353)

* Update docs to specify commit/deltacommit variance for clarity

* for docker_demo updates, revert the changes on html apply the changes to md file instead",1,1,1,HUDI-632,False
11fb2c26145f672d36a3491366c05caf3a23fde8,[HUDI-580] Fix incorrect license header in files,60,46,120,HUDI-580,False
83c8ad5a38e1b561d501d0dcbcbd39fb02638054,[HUDI-625] Fixing performance issues around DiskBasedMap & kryo (#1352),1,3,42,HUDI-625,False
4e7fcde4a6c69a070987fb97d978564f105ce547,[HUDI-597] Enable incremental pulling from defined partitions (#1348),3,32,4,HUDI-597,False
49047deb43bc400ccc0fa6b2d02f2fe379d1c8a4,[HUDI-611] Add Impala Guide to Doc (#1349),2,59,0,HUDI-611,False
078d4825d909b2c469398f31c97d2290687321a8,[HUDI-624]: Split some of the code from PR for HUDI-479 (#1344),31,130,141,HUDI-624,False
f9d2f66dc16540e3e5c1cb1f7f23b4fca7c656c3,"[HUDI-622]: Remove VisibleForTesting annotation and import from code (#1343)

* HUDI:622: Remove VisibleForTesting annotation and import from code",18,6,49,HUDI-622,False
c2b08cdfc9b762801a63fee988f1c24cc17df4ce,"[HUDI-617] Add support for types implementing CharSequence (#1339)

- Data types extending CharSequence implement a #toString method which provides an easy way to convert them to String.
- For example, org.apache.avro.util.Utf8 is easily convertible into String if we use the toString() method. It's better to make the support more generic to support a wider range of data types as partitionKey.",1,1,1,HUDI-617,False
00493235f5f2b14709199dd6ef02bad9c0d3bab9,[HUDI-108] Removing 2GB spark partition limitations in HoodieBloomIndex with spark 2.4.4 (#1315),1,13,59,HUDI-108,False
b8f9d0ec4548a2487914c4cc982fc5e1f4e0c88c,[HUDI-615]: Add some methods and test cases for StringUtils. (#1338),2,91,0,HUDI-615,False
20ed2516d38b9ce4b3e185bd89b62264b8bd3f25,[HUDI-571] Add show archived compaction(s) to CLI,3,216,67,HUDI-571,False
dfbee673ef63c7305e131d5dfa17b304b128917f,[HUDI-514] A schema provider to get metadata through Jdbc (#1200),9,378,4,HUDI-514,False
01c868ab86e33161b03d422c03af41f01947ea06,[HUDI-574] Fix CLI counts small file inserts as updates (#1321),1,1,1,HUDI-574,True
d2c872ede47bf532193b208a8924932c7e1f7741,[HUDI-605] Avoid calculating the size of schema redundantly (#1317),1,5,5,HUDI-605,False
e5a69ed6af18a3af131323b2297aae6c052ebc72,[HUDI-478] Fix too many files with unapproved license when execute build_local_docker_images (#1323),1,1,0,HUDI-478,True
578efa2a0778f1d747c24e7ee3ca321acaab8024,[HUDI-582] Update NOTICE year,1,1,1,HUDI-582,False
5fdf5a192706d8c8a0432297cca1e6e097de0e58,[HUDI-560] Remove legacy IdentityTransformer (#1264),1,0,38,HUDI-560,False
e7b1961de082b626fdb27890eb4ff701f11dffb4,[HUDI-542] Introduce a new pom module named hudi-writer-common (#1314),4,68,0,HUDI-542,False
b1bb7b0e050b2d7acfb7c5bccdbc2a98e6a35743,"[HUDI-602] Add some guidance about how to judge the scope of MINOR to the contribution guidance (#1311)

* [HUDI-602] Add some guidance about how to judge the scope of MINOR to the contribution guidance",2,10,2,HUDI-602,False
d26dc0b229043afa5aefca239e72f40d80446917,"[HUDI-587] Fixed generation of jacoco coverage reports.

surefire plugin's argLine is moved into a property. This configuration allows jacoco plugin to modify the argLine to insert it's Java Agent's configuration during pre-unit-test stage.",1,1,6,HUDI-587,True
1fb0b001a38ddc940995e45f5cd53701d0110c3b,[HUDI-570] - Improve test coverage for FSUtils.java,2,100,7,HUDI-570,False
462fd025563b0ae8a4d4f28d366a9bbfca070d3f,[HUDI-571] Add 'commits show archived' command to CLI,8,385,201,HUDI-571,False
c1516df8ac55757ebd07d8aa459a0ceedeccab7b,"[HUDI-499] Allow update partition path with GLOBAL_BLOOM (#1187)

* Handle partition path update by deleting a record from the old partition and
  insert into the new one
* Add a new configuration ""hoodie.bloom.index.update.partition.path"" to
  enable the behavior
* Add a new unit test case for global bloom index",4,131,3,HUDI-499,True
425e3e6c78b9be00fc3fecfc335c94e05a1c70e5,[HUDI-585] Optimize the steps of building with scala-2.12 (#1293),8,11,76,HUDI-585,False
4de0fcfcb54ac76ed3b6852917588c32fec9bea8,"[HUDI-566] Added new test cases for class HoodieTimeline, HoodieDefaultTimeline and HoodieActiveTimeline.",2,279,1,HUDI-566,False
594da28fbf64fb20432e718a409577fd10516c4a,"[HUDI-595] code cleanup, refactoring code out of PR# 1159 (#1302)",24,172,224,HUDI-595,False
347e297ac19ed55172e84e13075e19ce060954c6,[HUDI-596] Close KafkaConsumer every time (#1303),1,26,24,HUDI-596,True
5b7bb142dc6712c41fd8ada208ab3186369431f9,"[HUDI-583] Code Cleanup, remove redundant code, and other changes (#1237)",69,452,587,HUDI-583,False
20ede76c4c79c0804518a4fe148b8fcd48391f5c,[HUDI-543] release notes for 0.5.1 (#1277),1,41,0,HUDI-543,True
ace36afff30e940f764e2ad8ddbfd194086a3bde,"[HUDI-577] update docker demo page and quick start pages (#1279)

Summary:
- contains changes that reflect renaming of terminologies to be in sync wth CWiki
- contains doc changes pertaining to support of multiple scala versions",7,217,158,HUDI-577,False
f27c7a16c6d437efaa83e50a7117b83e5201ac49,[HUDI-564] Added new test cases for HoodieLogFormat and HoodieLogFormatVersion.,2,117,0,HUDI-564,False
652224edc882c083ac46cff095324975e2457004,"[HUDI-578] Trim recordKeyFields and partitionPathFields in ComplexKeyGenerator (#1281)

* [HUDI-578] Trim recordKeyFields and partitionPathFields in ComplexKeyGenerator

* add tests",2,16,2,HUDI-578,False
6f34be1b8dd55304317c40565dad23c09ddda5bf,"HUDI-117 Close file handle before throwing an exception due to append failure.
Add test cases to handle/verify stage failure scenarios.",2,134,1,HUDI-117,False
4670c026010b61d5bd591119902a19d64d2b8889,"[HUDI-579] Add border to table on hudi website (#1283)

* [HUDI-579] Add border to table on hudi website

* Revert update",7,33,13,HUDI-579,False
b73d9f010c78e22c7b5e10567f8e66eb0d31f92d,[HUDI-576] Redraw hudi data lake architecture diagram on landing page (#1276),1,0,0,HUDI-576,False
41754bb31bb8656d0570371ba2283c987f9a8c22,[HUDI-403] Publish deployment guide for writing to Hudi using HoodieDeltaStreamer and Spark Data Source,1,126,4,HUDI-403,False
1e79cbc259b92f75e5fd387c0271b163532aebb9,[HUDI-549] update Github README with instructions to build with Scala 2.12 (#1275),1,10,0,HUDI-549,False
a3135e7be641d3936b3d301443fe9f489925dfc8,[HUDI-510] Update site documentation in sync with cWiki,10,222,224,HUDI-510,False
39db1aedbb9cb4533c58f869d5a940fbc1a3e5d2,"[HUDI-403] Adds guidelines on deployment/upgrading

 - Moved ""Adminsitering"" page to ""Deployment""
 - Still need to add information on deltastreamer modes/compaction",4,107,76,HUDI-403,False
ba54a7e9731a8371a8a85e04570d2c951a74ce53,[HUDI-559] : Make the timeline layout version default to be null version,7,28,8,HUDI-559,False
4c3cf71bf57aa0523bc06239904d9cc5fd9786fd,[HUDI-557] Additional work for supporting multiple version docs (#1250),90,385,874,HUDI-557,False
7087e7d7668e39e5c0ce98c965750d228481748f,[HUDI-556] Add lisence for PR#1233,1,10,0,HUDI-556,False
9489d0fb844208443a18964be878102e9560bd0d,[HUDI-551] Abstract a test case class for DFS Source to make it extensible (#1239),4,286,194,HUDI-551,False
3367d8730da138720abdb24197f1b85f017c83bf,"[HUDI-555] Support for separate 0.5.0 site docs + instructions for future (#1249)

- Moving 0.5.0 docs into its own separate files
- README.md documented with process to do this
- Bit suboptimal. CN docs don't work yet
- Updating site with 0.5.0 docs, so new changes can be now made for 0.5.1",113,26723,58,HUDI-555,True
d0ee95ed16de6c3568f575169cb993b9c10ced3d,[HUDI-552] Fix the schema mismatch in Row-to-Avro conversion (#1246),4,104,8,HUDI-552,False
292c1e2ff436a711cbbb53ad9b1f6232121d53ec,"[HUDI-238] Make Hudi support Scala 2.12 (#1226)

* [HUDI-238] Rename scala related artifactId & add maven profile to support Scala 2.12",19,261,153,HUDI-238,False
923e2b4a1ef0645596eabcd41832cdf8acba4b9a,[HUDI-535] Ensure Compaction Plan is always written in .aux folder to avoid 0.5.0/0.5.1 reader-writer compatibility issues (#1229),7,58,28,HUDI-535,True
0a07752dc03c51e16d7bb4239523b0181d819708,"[HUDI-527] scalastyle-maven-plugin moved to pluginManagement as it is only used in hoodie-spark and hoodie-cli modules.

This fixes compile warnings as well as unnecessary plugin invocation for most of the modules which do not have scala code.",3,34,23,HUDI-527,False
baa6b5e8899eb976b8b8cce92b1ba2cefaee8501,[HUDI-537] Introduce `repair overwrite-hoodie-props` CLI command (#1241),1,38,0,HUDI-537,False
c2c0f6b13d5b72b3098ed1b343b0a89679f854b3,"[HUDI-509] Renaming code in sync with cWiki restructuring (#1212)

 - Storage Type replaced with Table Type (remaining instances)
 - View types replaced with query types;
 - ReadOptimized view referred as Snapshot Query
 - TableFileSystemView sub interfaces renamed to BaseFileOnly and Slice Views
 - HoodieDataFile renamed to HoodieBaseFile
 - Hive Sync tool will register RO tables for MOR with a `_ro` suffix
 - Datasource/Deltastreamer options renamed accordingly
 - Support fallback to old config values as well, so migration is painless
 - Config for controlling _ro suffix addition
 - Renaming DataFile to BaseFile across DTOs, HoodieFileSlice and AbstractTableFileSystemView",92,907,822,HUDI-509,False
dd09abb56d9e4074f5c2558fcfd001a33570e98c,"[HUDI-335] Improvements to DiskBasedMap used by ExternalSpillableMap, for write and random/sequential read paths, by introducing bufferedRandmomAccessFile",6,454,22,HUDI-335,False
c1f8acab344fa632f1cce6268d2fc765c45e8b22,[HUDI-526] fix the HoodieAppendHandle,1,5,0,HUDI-526,True
eb5136b58dd418c7d0397921e207eace4b963ae8,[HUDI-524] Generate site content based on docs (#1215),213,11486,46993,HUDI-524,False
8f8cd42e9792e0a9648b68f933929ad87cd503c5,[HUDI-458] Redo hudi-hadoop-mr log statements using SLF4J (#1210),10,89,83,HUDI-458,True
a44c61b81356e93340710ccc0022e576b7b6e077,[HUDI-502] provide a custom time zone definition for TimestampBasedKeyGenerator (#1188),4,122,2,HUDI-502,False
971c7d41bd912b0e00ae8606adbe36548e2c49b3,[HUDI-322] DeltaSteamer should pick checkpoints off only deltacommits for MOR tables,1,11,2,HUDI-322,True
ad50008a5946f15ee4ba4dd69ac514f11fed2034,"[HUDI-91][HUDI-12]Migrate to spark 2.4.4, migrate to spark-avro library instead of databricks-avro, add support for Decimal/Date types

- Upgrade Spark to 2.4.4, Parquet to 1.10.1, Avro to 1.8.2
- Remove spark-avro from hudi-spark-bundle. Users need to provide --packages org.apache.spark:spark-avro:2.4.4 when running spark-shell or spark-submit
- Replace com.databricks:spark-avro with org.apache.spark:spark-avro
- Shade avro in hudi-hadoop-mr-bundle to make sure it does not conflict with hive's avro version.",11,128,79,HUDI-91,False
d9675c4ec0be3f342c30e17a4779c8319b207681,[HUDI-522] Use the same version jcommander uniformly (#1214),18,15,18,HUDI-522,False
64142e5e7935cc72aec36a2a512549de5651c71d,[HUDI-521] Remove docs-tmp docs (#1211),178,0,24877,HUDI-521,False
f7c8c32e4bb717195d646a1f8446418c697f4bfb,[HUDI-506] Optimize the new website based on feedback (#1205),40,3808,160,HUDI-506,False
b95367d82a4e0c31a526cf8b292388355847e274,[HUDI-469] Fix: HoodieCommitMetadata only show first commit insert rows.,1,2,1,HUDI-469,True
04afac977d4bd615c217349083b5f86cfa8060c4,[HUDI-248] CLI doesn't allow rolling back a Delta commit,1,4,5,HUDI-248,True
3c90d252cc464fbd4ec3554fc930e41a0fcaa29f,[HUDI-114]: added option to overwrite payload implementation in hoodie.properties file,13,128,38,HUDI-114,True
a0dc09ec06603a17ccf3962d2172c4bb87c1f3b4,[HUDI-457]Redo hudi-common log statements using SLF4J (#1161),39,232,246,HUDI-457,True
ac105e6d9b6dcd75f8145af6ce03600af40180e0,[HUDI-459] Redo hudi-hive log statements using SLF4J (#1203),5,53,48,HUDI-459,True
5af3dc6aedcfc8d7d4cd5da21300d9cfb92c16ba,[HUDI-331]Fix java docs for all public apis in HoodieWriteClient (#1111),1,63,17,HUDI-331,False
d09eacdc13b9f19f69a317c8d08bda69a43678bc,"[HUDI-25] Optimize HoodieInputformat.listStatus() for faster Hive incremental queries on Hoodie

    Summary:
    - InputPathHandler class classifies  inputPaths into incremental, non incremental and non hoodie paths.
    - Incremental queries leverage HoodieCommitMetadata to get partitions that are affected and only lists those partitions as opposed to listing all partitions
    - listStatus() processes each category separately",6,601,118,HUDI-25,False
480fc7869d4d69e1219bf278fd9a37f27ac260f6,"[HUDI-319] Add a new maven profile to generate unified Javadoc for all Java and Scala classes (#1195)


* Add javadoc build command in README, links to javadoc plugin and rename profile.
* Make java version configurable in one place.",3,121,5,HUDI-319,False
6433e14bcd6e8036bdeeba9a2e8af273589511e9,[HUDI-376]: AWS Glue dependency issue for EMR 5.28.0 (#1189),3,10,1,HUDI-376,False
9706f659dba8f2abd501464a96254c052d100c72,"[HUDI-508] Standardizing on ""Table"" instead of ""Dataset"" across code (#1197)

- Docs were talking about storage types before, cWiki moved to ""Table""
 - Most of code already has HoodieTable, HoodieTableMetaClient - correct naming
 - Replacing renaming use of dataset across code/comments
 - Few usages in comments and use of Spark SQL DataSet remain unscathed",73,298,298,HUDI-508,False
9fec7c11ab4e505d10f69cf700a30158a6998517,[HUDI-460] Redo hudi-integ-test log statements using SLF4J (#1183),2,15,10,HUDI-460,True
312711dd220f5ffaeecfe711f9011b651ded72a2,"[HUDI-440] Rework the hudi web site (#1120)

 - Old site is still the primary with links to go/back and forth
 - Content structure
```
├── content
├── docs
└── docs-new
```",693,104001,59,HUDI-440,False
8306f749a2bd3e8f2fff5034cdb6fd3773a881f8,[HUDI-417] Refactor HoodieWriteClient so that commit logic can be shareable by both bootstrap and normal write operations (#1166),2,451,336,HUDI-417,False
f88d6cab7e586f7273bb3a39311b643408638f86,[HUDI-454] Redo hudi-cli log statements using SLF4J (#1178),7,17,21,HUDI-454,True
b5df6723a21e39fd7676921edb758afc7200c0c7,[HUDI-464] Use Hive Exec Core for tests (#1125),4,11,0,HUDI-464,False
75c3f630d4dadda24a95f5d65031e462561d47f1,[HUDI-405] Remove HIVE_ASSUME_DATE_PARTITION_OPT_KEY config from DataSource,4,0,8,HUDI-405,True
c78092d2d3660aadb270fc514a46f831e47c1340,[HUDI-501] Execute docker/setup_demo.sh in any directory,2,8,6,HUDI-501,False
8f935e779a7d9dd082d305b2c21fdf273c2ba338,[HUDI-406]: added default partition path in TimestampBasedKeyGenerator,7,24,27,HUDI-406,False
2d5b79d96fa23571da5003fd4460d2d6d3998275,[HUDI-438] Merge duplicated code fragment in HoodieSparkSqlWriter (#1114),1,63,102,HUDI-438,False
b98e93179b33e4d837ee0fb41b4fa59c6e1c0e76,[HUDI-463] Redo hudi-utilities log statements using SLF4J (#1177),26,165,153,HUDI-463,True
36cb764ec4f31a1dfa26736d76fd103a1b611946,[HUDI-461] Redo hudi-spark log statements using SLF4J (#1180),7,39,35,HUDI-461,True
c80a4911385b2748859c8fc69b6828bd97960b6e,[HUDI-462] Redo hudi-timeline-service log statements using SLF4J (#1184),4,24,18,HUDI-462,True
28ccf8c5216eaedf16b16b0220f03311fcba6787,[HUDI-484] Fix NPE when reading IncrementalPull.sqltemplate in HiveIncrementalPuller (#1167),2,28,1,HUDI-484,False
7031445eb3cae5a4557786c7eb080944320609aa,"[HUDI-377] Adding Delete() support to DeltaStreamer (#1073)

- Provides ability to perform hard deletes by writing delete marker records into the source data
- if the record contains a special field _hoodie_delete_marker set to true, deletes are performed",11,150,71,HUDI-377,False
290278fc6cd90c6dad09618275d2016c295c0b0d,"[HUDI-118]: Options provided for passing properties to Cleaner, compactor and importer commands",6,138,25,HUDI-118,False
ff1113f3b730a68dd0a1a7bd219ad20e5166f8ca,[HUDI-492]Fix show env all in hudi-cli,1,1,1,HUDI-492,True
dde21e7315739c108567307813f4b816dd9f1920,[HUDI-402]: code clean up in test cases,62,320,619,HUDI-402,False
66634b2a4fba7ad540fc52e2236a52c896a82b8f,"[HUDI-443]: Added slides from Hadoop Summit 2019, Bangalore. Also updated Adoptions",1,7,3,HUDI-443,False
47c1f746e2ddd061064af6026de9125c65bf114a,[HUDI-343]: Create a DOAP file for Hudi,1,59,0,HUDI-343,False
e637d9ed26fea1a336f2fd6139cde0dd192c429d,"[HUDI-455] Redo hudi-client log statements using SLF4J (#1145)

* [HUDI-455] Redo hudi-client log statements using SLF4J",26,242,245,HUDI-455,True
ab6ae5cebb43ffffa9ea47feeda36e955bc6b470,"[HUDI-482] Fix missing @Override annotation on methods (#1156)

* [HUDI-482] Fix missing @Override annotation on methods",23,42,0,HUDI-482,False
58c5bed40a76189a28dd72bbd67fcefaac587184,[HUDI-453] Fix throw failed to archive commits error when writing data to MOR/COW table,1,7,0,HUDI-453,True
842eabb27fc7b4295a6ad8a44fb21ba0394c7aa8,[HUDI-470] Fix NPE when print result via hudi-cli (#1138),2,2,2,HUDI-470,True
8affdf8bcbb4c7b236283e97c3afad186d5b6a3e,[HUDI-416] Improve hint information for cli (#1110),14,223,316,HUDI-416,False
9c4217a3e1b9b728690282c914db2067117f4cfb,"[HUDI-389] Fixing Index look up to return right partitions for a given key along with fileId with Global Bloom (#1091)

* Fixing Index look up to return partitions for a given key along with fileId with Global Bloom
* Addressing some of the comments
* Fixing test in TestHoodieGlobalBloomIndex to test the fix",14,278,150,HUDI-389,True
350b0ecb4d137411c6231a1568add585c6d7b7d5,"[HUDI-311] : Support for AWS Database Migration Service in DeltaStreamer

 - Add a transformer class, that adds `Op` fiels if not found in input frame
 - Add a payload implementation, that issues deletes when Op=D
 - Remove Parquet as a top level source type, consolidate with RowSource
 - Made delta streamer work without a property file, simply using overridden cli options
 - Unit tests for transformer/payload classes",11,239,47,HUDI-311,False
313fab5fd1ef715f98a123d0e09f6010daacab68,[HUDI-444] Refactor the codes based on scala codestyle ReturnChecker rule (#1121),3,5,5,HUDI-444,False
b284091783af44341f20af11825ea9b6e3ba23da,[HUDI-386] Refactor hudi scala checkstyle rules (#1099),4,136,116,HUDI-386,False
36b3b6f5dd913d3f1c9aa116aff8daf6540fed65,[HUDI-415] Get commit time when Spark start (#1113),1,4,3,HUDI-415,True
14881e99e0aff5ffd72ed26d2beddef23d7a77c7,"[HUDI-106] Adding support for DynamicBloomFilter (#976)

- Introduced configs for bloom filter type
- Implemented dynamic bloom filter with configurable max number of keys
- BloomFilterFactory abstractions; Defaults to current simple bloom filter",23,1069,83,HUDI-106,False
9a1f698eef1044443adadbf7a1bf7b5eb94fb84e,[HUDI-308] Avoid Renames for tracking state transitions of all actions on dataset,47,1123,405,HUDI-308,False
8963a68e6a3f4875de6787dfc206543e9ca824d9,[HUDI-398]Add spark env set/get for spark launcher (#1096),2,72,2,HUDI-398,False
3790b75e059a06e6f5467c8b8d549ef38cd6b98a,[HUDI-368] code clean up in TestAsyncCompaction class (#1050),1,34,55,HUDI-368,False
9e30add249bdadb6b94cf0ff0090c4eaac625d68,[HUDI-380]: updated ide setup on contributing.html page (#1082),1,7,4,HUDI-380,False
24a09c775f6d4b855e2096001f5e034da80158a8,[HUDI-387] Fix NPE when create savepoint via hudi-cli (#1085),2,15,6,HUDI-387,True
8df4b83017f74173b8289ab50b0f723a38e8eebe,[HUDI-390] Add backtick character in hive queries to support hive identifier as tablename (#1090),2,14,7,HUDI-390,False
e555aa516de867a4faf0322e79defa1f52d887ef,[HUDI-353] Add hive style partitioning path,8,72,26,HUDI-353,False
2745b7552f2f2ee7a61d3ea49139ef2af3ffe13f,[HUDI-379] Refactor the codes based on new JavadocStyle code style rule (#1079),137,434,433,HUDI-379,False
c06d89b648bbdaaad9c68fb9d3c6d53b4d68541c,[HUDI-378] Refactor the rest codes based on new ImportOrder code style rule (#1078),10,57,47,HUDI-378,False
b2d9638bea43f6b0a9c3412362dc4cb08e214957,[HUDI-365] Refactor hudi-cli based on new ImportOrder code style rule (#1076),21,149,109,HUDI-365,False
84602c888298e70ea5e64029c14e862172d32f99,"[HUDI-355] Refactor hudi-common based on new comment and code style rules (#1049)

[HUDI-355] Refactor hudi-common based on new comment and code style rules",149,637,380,HUDI-355,False
98ab33bb6e1637d18c8fab7a9ddd50daeaf56962,"[HUDI-294] Delete Paths written in Cleaner plan needs to be relative to partition-path (#1062)

[HUDI-294] Delete Paths written in Cleaner plan needs to be relative to partition-path",11,425,35,HUDI-294,False
784e3ad0b65ce8f7e0de2e2935032fb2573d5a26,[HUDI-370] Refactor hudi-common based on new ImportOrder code style rule (#1063),134,1005,783,HUDI-370,False
75132c139f0faf9ef68bb461b3a551238a377455,[HUDI-357] Refactor hudi-cli based on new comment and code style rules (#1051),27,98,26,HUDI-357,False
b65a897856259e7872e39a9e3e68661926592d7b,[HUDI-374] Unable to generateUpdates in QuickstartUtils (#1059),1,1,1,HUDI-374,True
024230fbd23173db38e2c0f66808606481223003,"[HUDI-372] Support the shortName for Hudi DataSource (#1054)

- Ability to do `spark.write.format(""hudi"")...`",3,34,1,HUDI-372,True
0b52ae3ac2685c5afa7821d663854b526b5a1cff,[HUDI-209] Implement JMX metrics reporter (#1045),8,159,5,HUDI-209,False
da8d1334eecd65f2896613b1143d6ba31bae03b7,[HUDI-373] Refactor hudi-client based on new ImportOrder code style rule (#1056),102,887,689,HUDI-373,False
f9139c0f616775f4b3d0df95772f2621f0e7c9f1,"[HUDI-366] Refactor some module codes based on new ImportOrder code style rule (#1055)

[HUDI-366] Refactor hudi-hadoop-mr / hudi-timeline-service / hudi-spark / hudi-integ-test / hudi- utilities based on new ImportOrder code style rule",94,765,598,HUDI-366,False
b77fad39b53049279bba1ba367f43cce73f48bfa,"[HUDI-364] Refactor hudi-hive based on new ImportOrder code style rule (#1048)

[HUDI-364] Refactor hudi-hive based on new ImportOrder code style rule",14,84,71,HUDI-364,False
d6e83e8f49828940159cd34711cc88ee7b42dc1c,[HUDI-325] Fix Hive partition error for updated HDFS Hudi table (#1001),2,13,2,HUDI-325,True
60fed21dc7e4cb66b154ae9be77dfada0f3071a5,"[HUDI-327] Add null/empty checks to key generators (#1040)

* Adds null and empty checks to all key generators.
* Also improves error messaging for key generator issues.",7,159,23,HUDI-327,False
2a4cfb47c76a0c8800d4998453ec356711807c83,[HUDI-340]: made max events to read from kafka source configurable (#1039),2,96,10,HUDI-340,False
a7e07cd910425b5cfe9886677e780bfb2ae96c52,[HUDI-359] Add hudi-env for hudi-cli module (#1042),2,29,9,HUDI-359,False
212282c8aaf623f451e3f72674ed4d3ed550602d,"[HUDI-358] Add Java-doc and importOrder checkstyle rule (#1043)

- import groups are separated by one blank line
- org.apache.hudi.* at the top location",1,26,5,HUDI-358,False
44823041a37601fed8163502272a8fcb7a5be45d,[HUDI-362] Adds a check for the existence of field (#1047),2,8,0,HUDI-362,False
c3355109b1fa8f3055a2ba57d6e2b49679581db5,"[HUDI-328] Adding delete api to HoodieWriteClient (#1004)

[HUDI-328]  Adding delete api to HoodieWriteClient and Spark DataSource",18,818,172,HUDI-328,False
7bc08cbfdce337ad980bb544ec9fc3dbdf9cffff,"[HUDI-345] Fix used deprecated function (#1024)

- Schema.parse() with new Schema.Parser().parse
- FSDataOutputStream constructor",6,9,8,HUDI-345,False
17eaf41c54411344916fdf4ace80163438e9bee2,[HUDI-348] Add Issue template for the project (#1029),2,65,0,HUDI-348,False
46a1546259fcfb629a26508e829d3d3e4b9cee21,[HUDI-356][chinese] Sync changes in quickstart.cn and admin_guide.cn pages (#1038),2,14,7,HUDI-356,False
1e14390719cc9e79cc67272a50e7e0bf95b38d87,[HUDI-350]: updated default value of config.getCleanerCommitsRetained() in javadocs,1,4,3,HUDI-350,False
1fd0439a84c65ae12e025a64b6e0a0087aa7295e,"[HUDI-333][Site] Add table of contents in relevant pages

Includes:
- Add table of contents in relevat pages
- Fix overall font type, size and line-height
- Adjust image sizes in admin pages
- More minor fixes",31,106,67,HUDI-333,False
804e348d0e8176ceced046fa9e87963907aecc38,[HUDI-346] Set allowMultipleEmptyLines to false for EmptyLineSeparator rule (#1025),82,5,108,HUDI-346,False
66492498f702e9224da838d1869e9376111939ce,[HUDI-342] add pull request template for hudi project (#1022),1,44,0,HUDI-342,False
e806eb797f4839017dfa87d2cc31a0b01570b061,"[HUDI-339] Add support of Azure cloud storage (#1019)

- Add Azure WASB (BLOB) and ADLS storage in StorageSchemes enum
- Update testStorageSchemes to test new added storage",2,9,0,HUDI-339,False
f7c2f8cedc999ddfbd3e29718442a507cf526cf0,[HUDI-329] Presto Containers for integration test must allow newly built local jars to override,2,8,1,HUDI-329,True
045fa87a3db5d9954d1ca88c8a2ef28c11214330,[HUDI-330] add EmptyStatement java checkstyle rule,2,5,3,HUDI-330,False
747a1d4e21dd7900085b8cc0f695daa147727241,[HUDI-277] Translate the Performance page into Chinese (#1010),1,20,23,HUDI-277,False
8ff06ddb0fdc8325382dbca4bd9dd4884b4e1110,[HUDI-80] Leverage Commit metadata to figure out partitions to be cleaned for Cleaning by commits mode (#1008),9,167,24,HUDI-80,False
0bb5999f7950d010649e082f6f056f44d92c91f9,"[HUDI-306] Support Glue catalog and other hive metastore implementations (#961)

- Support Glue catalog and other metastore implementations
- Remove shading from hudi utilities bundle
- Add maven profile to optionally shade hive in utilities bundle",4,56,63,HUDI-306,False
470ff8ff11968eab59f6005b0505516017f93cdb,[HUDI-276] Translate the Configurations page into Chinese (#1006),1,253,221,HUDI-276,False
1032fc3e549aa70a8817fd4782e971de976b682a,"[HUDI-137] Hudi cleaning state changes should be consistent with compaction actions

Before this change, Cleaner performs cleaning of old file versions and then stores the deleted files in .clean files.
With this setup, we will not be able to track file deletions if a cleaner fails after deleting files but before writing .clean metadata.
This is fine for regular file-system view generation but Incremental timeline syncing relies on clean/commit/compaction metadata to keep a consistent file-system view.

Cleaner state transitions is now similar to that of compaction.

1. Requested : HoodieWriteClient.scheduleClean() selects the list of files that needs to be deleted and stores them in metadata
2. Inflight : HoodieWriteClient marks the state to be inflight before it starts deleting
3. Completed : HoodieWriteClient marks the state after completing the deletion according to the cleaner plan",34,855,490,HUDI-137,False
23b303e4b17c5f7b603900ee5b0d2e6718118014,[HUDI-218] Adding Presto support to Integration Test (#1003),5,88,2,HUDI-218,False
5f1309407aba9c7df3a53ce5b30168cce2f20fcc,[HUDI-253]: added validations for schema provider class (#995),2,55,6,HUDI-253,False
0863b1cfd947402c66221afa8d1f18fd2bd8273b,[HUDI-245]: replaced instances of getInstants() and reverse() with getReverseOrderedInstants() (#1000),5,8,18,HUDI-245,False
20871a17b2ec2b0998b80d941bac51434b0854d5,[HUDI-302]: simplified countInstants() method in HoodieDefaultTimeline (#997),1,1,1,HUDI-302,True
0d530ee1d0e800c43dd7301207b994177640dc14,[HUDI-317] change quickstart page spark-shell command to use --packages option referring to Hudi maven artifact (#986),1,5,15,HUDI-317,False
71ac2c0d5e8bffdbb11f7789a7805575736049c1,[HUDI-324] TimestampKeyGenerator should support milliseconds (#993),1,3,2,HUDI-324,False
91740635b2cf02ef9e34a603dea31bd246f5b436,"[HUDI-321] Support bulkinsert in HDFSParquetImporter (#987)

- Add bulk insert feature
- Fix some minor issues",2,47,25,HUDI-321,False
b6057c5e0e60945e7731367381d190dad47f710d,[HUDI-314] Fix multi partition keys error when querying a realtime table,1,1,1,HUDI-314,True
a6390aefc41482ba224a4524fe216c277e4f5e79,"[HUDI-312] Make docker hdfs cluster ephemeral. This is needed to fix flakiness in integration tests. Also, Fix DeltaStreamer hanging issue due to uncaught exception",6,16,17,HUDI-312,False
3251d62bd3c740b25139029a1913d1cf5a57173f,[HUDI-313] Fix select count star error when querying a realtime table,1,17,0,HUDI-313,True
4fd3c7f737a2cf2a5d506896ea641e4d62d103ce,[HUDI-221] Translate concept page (#977),1,93,110,HUDI-221,False
4b3b197b8a6e983f20067ed3ef00694e19edf9f9,[HUDI-275] Translate the Querying Data page into Chinese documentation (#985),1,87,87,HUDI-275,False
cc3795c734a50cf1958b5936555e3a33adb0b0e0,[HUDI-286] Remove tags from Hudi official web site (#975),14,1,67,HUDI-286,False
d0ed101bd71538ae006f8e12901411da6d1785ef,[HUDI-126] Updating site to add a release download page to site,1,360,0,HUDI-126,False
1905d391625589a564fc4e3df85a509a1a3697f0,[HUDI-126] Updating site to add a release download page to site,50,348,388,HUDI-126,False
a4fd3711d6d53f0ccb0b4049e7609571c9c60929,[HUDI-126] Add a release download page to site,3,38,6,HUDI-126,False
c23da694ccbbf1f0ebcc5ed770dd56c74c1e06d7,[HUDI-169] Speed up rolling back of instants (#968),5,506,247,HUDI-169,False
d8be818ac9b7b7674918e59eac270e067a2c52a2,[HUDI-130] Paths written in compaction plan needs to be relative to base-path,25,600,104,HUDI-130,False
e4c91ed13f16e1d0d55d9d690395bb62ab2b4fa0,[HUDI-290] Normalize test class name of all test classes (#951),20,27,27,HUDI-290,False
dfdc0e40e1f85c49e580b31204621758e3d76ac5,"[HUDI-283] : Ensure a sane minimum for merge buffer memory (#964)

- Some environments e.g spark-shell provide 0 for memory size
- This causes unnecessary performance degradation",2,16,6,HUDI-283,True
9cd67ba81875d66c05a630e2948073ed33ec0548,"[HUDI-273] Translate the Writing Data page into Chinese documentation (#958)

-  Address review comments to improve translation
- Make the translation of terms consistent with the quickstart page",1,69,67,HUDI-273,False
ed745dfdbf254bfc2ec6d9c7baed8ccbf571abab,[HUDI-40] Add parquet support for the Delta Streamer (#949),6,224,5,HUDI-40,False
7381b661942dad9c650e43179a478a57b530a606,[HUDI-121] Fix issues in release scripts,2,7,6,HUDI-121,True
a133c6781db5c2cf96234abaa6af73e7b85e0fb8,[HUDI-121] Fix issues in release scripts,2,7,6,HUDI-121,True
83e411e21bc51d081955a0716157e5e2e6593926,[HUDI-121] Preparing for Release 0.5.0-incubating-rc6,27,27,27,HUDI-121,True
90571b755659fb581c4eb3f1a3b3e207f490f832,[HUDI-121] Preparing for Release 0.5.0-incubating-rc5,27,27,27,HUDI-121,True
0cbcf67e3722f62994bc475e72974dd68fbed220,[HUDI-121] Preparing for Release 0.5.0-incubating-rc4,27,27,27,HUDI-121,True
b7c827d06d8021d42985fbaf42736461d7b3d196,[HUDI-121] Preparing for Release 0.5.0-incubating-rc3,27,27,27,HUDI-121,True
0b0018a789ba69c6377bd0c32cfc37dc52b2d398,[HUDI-121] Preparing for Release 0.5.0-incubating-rc2,27,27,27,HUDI-121,True
77f4e73615d0949eec70187e397ef17f62e908a0,[HUDI-121] Fix licensing issues found during RC voting by general incubator group,19,781,1608,HUDI-121,True
1c09f5b055cc78fabb4881cac75f43734f3dcf61,[HUDI-301] fix path error when update a non-partition MOR table,1,2,1,HUDI-301,True
12523c379fe9d0bcf298fba80d9c2ca08e1a0d56,"[HUDI-298] Fix issue with incorrect column mapping casusing bad data, during on-the-fly merge of Real Time tables (#956)

* Fix issue with incorrect column mapping casusing bad data, during on-the-fly merge of Real Time tables",6,88,38,HUDI-298,True
e10e06918e4758917513c55f9bc02c35dad99128,"[HUDI-292] Avoid consuming more entries from kafka than specified sourceLimit. (#947)

 - Special handling when allocedEvents > numEvents
 - Added unit tests",2,15,0,HUDI-292,False
b19bed442d84c1cb1e48d184c9554920735bcb6c,"[HUDI-296] Explore use of spotless to auto fix formatting errors (#945)


- Add spotless format fixing to project
- One time reformatting for conformity
- Build fails for formatting changes and mvn spotless:apply autofixes them",381,7351,9065,HUDI-296,False
9eddc40d469e560158fd1cea617cad0a61a5e748,"[HUDI-291] Simplify quickstart documentation (#937)

- Uses spark-shell based examples to showcase Hudi core features
- Info related to hive sync, hive, presto, etc are removed",1,140,168,HUDI-291,False
d050d980715c0d8649531a3ed5ca7a7472b29760,[HUDI-232] Implement sealing/unsealing for HoodieRecord class (#938),11,117,0,HUDI-232,True
8a55938ca18b24b9f6bbfa16a8ef55077663844d,[HUDI-293] Remove KEYS file from github repository,1,0,275,HUDI-293,False
bc05bbbbedc5103cb040a21bd7d89aaae2762efd,[HUDI-121] Preparing for Release 0.5.0-incubating-rc5,27,27,27,HUDI-121,True
9422c50f4571ced1ccdba5742a891927be1d7f42,[HUDI-121] Preparing for Release 0.5.0-incubating-rc4,27,27,27,HUDI-121,True
eb1455b10e3654035febb434eb9c4e9d7a3162da,[HUDI-121] Preparing for Release 0.5.0-incubating-rc3,27,27,27,HUDI-121,True
0682e183b35c8cdb33143cace5b4028ad39fb13b,[HUDI-121] Preparing for Release 0.5.0-incubating-rc2,27,27,27,HUDI-121,True
eb4cc05c1beb48da99c21ce10140d70b9fbb5454,[HUDI-121] Prepare for 0.5.0-incubating-rc5,1,1,0,HUDI-121,True
9b66ea41fd4e4e08eeb426bc1b698766284e71e4,[HUDI-121] Remove leftover notice file and replace com.uber.hoodie with org.apache.hudi in log4j properties,28,21,207,HUDI-121,True
7dd9c74b1bb28c3a934e46d560abbb4c5b6d4586,[HUDI-285] Implement HoodieStorageWriter based on actual file type (#936),2,72,3,HUDI-285,False
3dedc7e5fdd5f885915e81e47e110b845a905dbf,[HUDI-265] Failed to delete tmp dirs created in unit tests (#928),33,248,272,HUDI-265,False
cef06c1e4849ea93644c17af89b56b3f17d322fc,[HUDI-121] Fix bug in validation in deploy_staging_jars.sh,1,2,2,HUDI-121,True
e75fa070f85ed1e0f72f9718a715a08a76679140,[HUDI-121] Fix bug in validation in create_source_release.sh,1,2,2,HUDI-121,True
fb053bf44dc7ed862e86e63fa35de0e7e43aa234,[HUDI-121] Preparing for Release 0.5.0-incubating-rc4,27,27,27,HUDI-121,True
e3db2d8d5d5b04705ef1bd845a8bc847748b4d0e,[HUDI-121] Preparing for Release 0.5.0-incubating-rc3,27,27,27,HUDI-121,True
e571e143d5420bc6de3601c89e66fd15cca94de0,[HUDI-121] Preparing for Release 0.5.0-incubating-rc2,27,27,27,HUDI-121,True
6da2f9ac7c51117c9cd76e82ce01d4c0a0c69477,"[HUDI-287] Address comments during review of release candidate
  1. Remove LICENSE and NOTICE files in hoodie child modules.
  2. Remove developers and contributor section from pom
  3. Also ensure any failures in validation script is reported appropriately
  4. Make hoodie parent pom consistent with that of its parent apache-21 (https://github.com/apache/maven-apache-parent/blob/apache-21/pom.xml)",42,7,2853,HUDI-287,False
d0ce979f63b41a841b7fe35ddeed0ee0459fe126,[HUDI-282] Updating hive sync tool docs for hive metastore based operations (#931),1,2,0,HUDI-282,False
e042aea837412b461b02f8062d8a11e8029823bf,[HUDI-160] removing cdh support and hive 1.x mentions (#932),1,3,7,HUDI-160,False
e41835fd912d35c52bf339fcef626ca7df06da62,[HUDI-121] Fix bugs in Release Scripts found during RC creation,2,65,59,HUDI-121,True
789f91e053146b4d8f37eb01d6fed2b93c6a68b6,[HUDI-121] Fix issues found during release candidate builds,2,4,4,HUDI-121,True
dfe4784b8aa95161b992efb20cf9c215f0fdbc27,[HUDI-121] Fix issues found during release candidate builds,1,9,27,HUDI-121,True
c3a4dab540552b96f28a20f97fcd1b7dab9b86ce,[HUDI-121] Preparing for Release 0.5.0-incubating-rc3,27,27,27,HUDI-121,True
37e9dc25ceadf76d1f83b5460d31c7772cc4ec2e,[HUDI-121] Preparing for Release 0.5.0-incubating-rc2,27,27,27,HUDI-121,True
1d2e3dcc65187d1bf90cc9c05d85ba4d27124270,[HUDI-121] Update Release notes,1,12,0,HUDI-121,True
6e8a28bcaee173f703132f52f525d1568596ac3d,"HUDI-121 : Address comments during RC2 voting

1. Remove dnl utils jar from git
2. Add LICENSE Headers in missing files
3. Fix NOTICE and LICENSE in all HUDI packages and in top-level
4. Fix License wording in certain HUDI source files
5. Include non java/scala code in RAT licensing check
6. Use whitelist to include dependencies as part of timeline-server bundling",113,3215,15249,HUDI-121,True
50a073ff57c20eef2a80a44532ed5536c6435ac6,"[HUDI-271] Create QuickstartUtils for simplifying quickstart guide

- This will be used in Quickstart guide (Doc changes to follow in a seperate PR). The intention is to simplify quickstart to showcase hudi APIs by writing and reading using spark datasources.
- This is located in hudi-spark module intentionally to bring all the necessary classes in hudi-spark-bundle finally.",1,206,0,HUDI-271,False
01e803b00e5acf9bb1dbe38340e38e8feb8d037d,[HUDI-247] Unify the re-initialization of HoodieTableMetaClient in test for hoodie-client module (#930),14,142,141,HUDI-247,False
7ff0fe2a0754771fdf27d8280212a452f4e9a269,"[HUDI-278] Translate Administering page (#926)

* [HUDI-278] Translate Administering page

* [hotfix] address comments",1,83,94,HUDI-278,False
2ea8b0c3f1eeb19f4dc1e9946331c8fd93e6daab,[HUDI-279] Fix regression in Schema Evolution due to PR-755,6,19,14,HUDI-279,True
cef57691228de09429cd8794117dee6fc8f729d2,"[HUDI-256] Translate Comparison page (#925)

* [HUDI-256] Translate Comparison page

* [hotfix] address comments",1,31,40,HUDI-256,False
bf05f954133da5b760a66906557df0305dbd0eaf,"[HUDI-269] Limit sync frequency (#921)

* [HUDI-269] Throttle DeltaStreamer sync runs",1,11,0,HUDI-269,False
f92566d2bf75077b4b1a7d9004ddb025122c2141,"HUDI-220 Translate root index page (#911)

- Index page is now translated
- refactor some little issue",1,9,8,HUDI-220,False
8cfe93700bba8cb3025babe9182e9ad63a7e1035,[HUDI-255] Translate Talks & Powered By page (#901),1,9,10,HUDI-255,False
f020d029c406008b7342f1117b95b68b4a90d401,HUDI-267 Refactor bad method name HoodieTestUtils#initTableType and HoodieTableMetaClient#initializePathAsHoodieDataset (#916),11,24,24,HUDI-267,False
1104f9526fcd05270ed5cd084228f023f1a01c46,HUDI-180 : Adding support for hive registration using metastore along with JDBC,3,173,51,HUDI-180,False
c20ad5aeaa1994162c3c2461f742a2c9f3d7882e,[HUDI-228] contributing page updated to include jira guidelines (#899),1,5,0,HUDI-228,False
edc13c125f2bebb147fd21eb192b8a50ad568ec8,[HUDI-262] Update website to reflect name change in InputFormat class name,3,7,7,HUDI-262,True
ffa2be321dd4b894b66f0453080b7a60a3260831,[HUDI-121] Preparing for Release 0.5.0-incubating-rc2,27,27,27,HUDI-121,True
e217db56ab30ec9630411aefc16516747b3112e0,"[HUDI-254]: Bundle and shade databricks/avro with spark bundle

 - spark 2.4 onwards, spark has built in support. shading to avoid conflicts
 - spark 2.3 still needs this bundled, so that dropping bundle into jars folder would work",2,6,1,HUDI-254,False
c1e7d0e5a6ebc6fa416fc463ea6526f64a39afc5,[HUDI-121] Update Release notes and fix master version,28,30,27,HUDI-121,True
2c6da09d9d17f33ebc025c9ec9fa949605288bb7,[HUDI-257] Fix Bloom Index unit-test failures,2,4,0,HUDI-257,True
96a46d870122914dd7cc1f9f20a5489b8fe03187,[HUDI-252] Identify packages which are under non-apache license in LICENSE file,1,11,10,HUDI-252,False
629698d54fbc17c32fd321913e9441fb0487a991,[HUDI-252] Add Disclaimer and cleanup NOTICE and LICENSE files in hudi,5,457,1006,HUDI-252,False
c0f42afa35768cf191dcc061feac2e7396457058,[HUDI-62] Index Lookup Timer added to HoodieWriteClient,2,34,3,HUDI-62,True
175a9d81fe4ed5447a5779fe5fbab9987bd93b83,[HUDI-240] Translate Use Cases page,1,37,45,HUDI-240,False
26966c54ac34f5987ac5ec33141c1579189805e8,[HUDI-121] ASF Release : Ensure NOTICE.txt is generated as part of cutting release branch,2,27,2,HUDI-121,True
63cc455d9c273af0dda8a07f2293d350da36c851,[HUDI-121] ASF Release : Ensure NOTICE.txt is generated as part of cutting release branch,2,27,2,HUDI-121,True
7190c022bb741fe78418b13efb6fe13fcbd128b0,[HUDI-249] Updating Notice files,26,102,586,HUDI-249,False
bb833552517b356f92711249852756db74430f4f,[HUDI-249] Updating Notice files,26,102,586,HUDI-249,False
1a61d6bc4df2d0c45515c41210b1e48e4d2c1d1b,[HUDI-249] Fix RELEASE-NOTES to match correct state,1,2,1,HUDI-249,False
b1446be2b4d50e60b54146c66a6e6412d41b3a17,"[HUDI-244] : Hive sync should escape partition field name

  - now supports field names beginning with '_' for e.g",1,1,1,HUDI-244,False
3ee16b5439837f6bb03052a7d57edd8bc67db7d7,[HUDI-250]  Ensure Hudi CLI wrapper works with non snapshot jars too. Also Fix bug in cut_release_branch script,3,4,4,HUDI-250,True
36c74c8a160660f8f3790dbb5da7e30dd7c4b32a,[HUDI-249] Fix cut_release_branch script,1,7,7,HUDI-249,False
58623631d4cbe016e0a3142ca931f412a181d8b2,[HUDI-249] Update Release-notes. Add sign-artifacts to POM and release related scripts. Add missing license headers,46,1154,26,HUDI-249,False
6f2b166005043b85056e23c420195a9e569e443b,[HUDI-217] Provide a unified resource management class to standardize the resource allocation and release for hudi client test cases,24,2413,2519,HUDI-217,False
64df98fc4a15d5b80dfbb2843e919effa99c4ec2,"[HUDI-164] Fixes incorrect averageBytesPerRecord

When number of records written is zero, averageBytesPerRecord results in a huge size (division by zero and ceiled to Long.MAX_VALUE) causing OOM. This commit fixes this issue by reverse traversing the commits until a more reasonable average record size can be computed and if that is not possible returns the default configured record size.",4,165,25,HUDI-164,True
93bc5e2153c90e44d35dafc468466196306f4227,HUDI-243 Rename HoodieInputFormat and HoodieRealtimeInputFormat to HoodieParquetInputFormat and HoodieParquetRealtimeInputFormat,10,31,27,HUDI-243,False
d0b9b56b7de3a70cc24475fd552ebe00ad07ab39,"[HUDI-143] Excluding javax.* from utilities and spark bundles

 - Plus minor code review comments",7,7,9,HUDI-143,True
7a973a694488930627028b3175a731a23e3d3f32,"[HUDI-159] Redesigning bundles for lighter-weight integrations

 - Documented principles applied for redesign at packaging/README.md
 - No longer depends on incl commons-codec, commons-io, commons-pool, commons-dbcp, commons-lang, commons-logging, avro-mapred
 - Introduce new FileIOUtils & added checkstyle rule for illegal import of above
 - Parquet, Avro dependencies moved to provided scope to enable being picked up from Hive/Spark/Presto instead
 - Pickup jackson jars for Hive sync tool from HIVE_HOME & unbundling jackson everywhere
 - Remove hive-jdbc standalone jar from being bundled in Spark/Hive/Utilities bundles
 - 6.5x reduced number of classes across bundles",60,678,1369,HUDI-159,False
a07fc111912c184d8673ee5e6a2dd10f266bad05,[HUDI-237] Translate quickstart page,1,36,42,HUDI-237,False
821e0dcffcd7d0ca5b0140ebe585639fc0c32e22,[HUDI-236] Failed to close stream,2,19,18,HUDI-236,False
8b150a3c6bf76e8029fda82a8a4e181b7a026980,[HUDI-230] Add missing Apache License in some files,16,233,1,HUDI-230,False
376b59ae5ff46a77941c6e6608a82b8ceb6523ef,[HUDI-227] : DeltaStreamer Improvements : Commit empty input batch with progressing checkpoints and allow users to override configs through properties. Original PR : PR-805 and PR-806 (#863),4,77,20,HUDI-227,False
a6908ef44dc21898ed53785fe0bd5f1e373ae779,HUDI-170 Updating hoodie record before inserting it into ExternalSpillableMap (#866),2,22,3,HUDI-170,True
40dd4dd637a44f532af9143bf588dc36a3ced729,[HUDI-229] Fix mvn notice:generate issue in windows,1,2,2,HUDI-229,True
5c2da6051effb38795011fc1d296ef9bd38f1208,[HUDI-225] Create Hudi Timeline Server Fat Jar,8,1026,15,HUDI-225,False
5f9fa82f47e1cc14a22b869250fe23c8f9c033cd,HUDI-124 : Exclude jdk.tools from hadoop-common and update Notice files (#858),26,251,485,HUDI-124,False
b44f8521f2b25928bccce9a6ba5c89fb76e5330e,[HUDI-222] Rename main class path to org.apache.hudi.timeline.service.TimelineService in run_server.sh,1,2,2,HUDI-222,True
e0ab89b3ac22207ff45cf3cae782d64b8be01bf1,"[HUDI-223] Adding a way to infer target schema from the dataset after the transformation (#854)

- Adding a way to decouple target and source schema providers
- Adding flattening transformer",4,194,5,HUDI-223,False
78e07215070106176902b57108a5689dce3cf606,[HUDI-159] Precursor cleanup to reduce build warnings,13,110,87,HUDI-159,False
c265b4948fd78b2d9050b67d18c20b4caa8aceab,HUDI-128 Preparing POM for release and snapshot builds (#851),3,6,62,HUDI-128,False
cd090871a18210ac311c02009b27bd7cfcf2bb44,"[HUDI-159]: Pom cleanup and removal of com.twitter.parquet

 - Redo all classes based on org.parquet only
 - remove unuused dependencies like parquet-hadoop, common-configuration2
 - timeline-service does not build a fat jar anymore
 - Fix utilities and hadoop-mr bundles based on above",29,600,326,HUDI-159,False
96ab51f897d91f5d7055abf21969ae1f56d2b861,[HUDI-214] Introduce jekyll-multiple-languages plugin to support multiple languages (#843),44,3626,191,HUDI-214,False
6edf0b9defe8c82b0ef0076a6300c00c1641a6e6,"[HUDI-68] Pom cleanup & demo automation (#846)

 - [HUDI-172] Cleanup Maven POM/Classpath
  - Fix ordering of dependencies in poms, to enable better resolution
  - Idea is to place more specific ones at the top
  - And place dependencies which use them below them
- [HUDI-68] : Automate demo steps on docker setup
 - Move hive queries from hive cli to beeline
 - Standardize on taking query input from text command files
 - Deltastreamer ingest, also does hive sync in a single step
 - Spark Incremental Query materialized as a derived Hive table using datasource
 - Fix flakiness in HDFS spin up and output comparison
 - Code cleanup around streamlining and loc reduction
 - Also fixed pom to not shade some hive classs in spark, to enable hive sync",34,2047,1346,HUDI-68,False
477f42b4e19e3ae6d54170fa399059f523bf6cf5,[HUDI-82] Add docs for Presto integration in Docker demo (#848),1,190,1,HUDI-82,False
92eed6aca81d69c7fb91107b19366d03f7f4a944,[HUDI-82] Adds Presto integration in Docker demo (#847),17,590,0,HUDI-82,False
09525c1fb4e066e981047957e85bbefbd3b3ae91,[HUDI-213] Add gem dependencies installation step for building doc description (#838),1,5,1,HUDI-213,False
cb57c912bf3d9ceb8b81a512b17d61cbd7ad1af9,[HUDI-215] mentioned github issue link for joining slack group in community.md (#842),1,1,1,HUDI-215,False
1b79ef7672031301b6269e3a7b3587ddb7c793d9,HUDI-212: Specify Charset to UTF-8 for IOUtils.toString (#837),2,4,4,HUDI-212,False
8f5e7ad5d96302905c09cfae9d28bfe684782fc7,[HUDI-205] Let checkstyle ban Java and Guava Optional instead of using Option provided by Hudi (#834),2,4,0,HUDI-205,False
4787076c6d87488c0087ac0cfb7fa86596b1357a,HUDI-204 : Make MOR rollback idempotent and disable using rolling stats for small file selection (#833),2,52,65,HUDI-204,True
8c871caa2cae60880cbb5e90a2a5dd80beebc64f,HUDI-201 Updated docs to reflect migration from com.uber.hoodie to org.apache.hudi (#831),22,231,231,HUDI-201,False
a4f9d7575f39bb79089714049ffea12ba5f25ec8,"HUDI-123 Rename code packages/constants to org.apache.hudi (#830)

- Rename com.uber.hoodie to org.apache.hudi
- Flag to pass com.uber.hoodie Input formats for hoodie-sync
- Works with HUDI demo.
- Also tested for backwards compatibility with datasets built by com.uber.hoodie packages
- Migration guide : https://cwiki.apache.org/confluence/display/HUDI/Migration+Guide+From+com.uber.hoodie+to+org.apache.hudi",546,3893,3597,HUDI-123,False
722b6be04a0083f96438fe026cafd4cec5ef6093,[HUDI-153] Use com.uber.hoodie.common.util.Option instead of Java and Guava Optional,128,769,769,HUDI-153,False
27bf4b568079dda0591d10157a795acf35be011d,"[HUDI-196] First draft of committership guidelines (#823)

- Minor details on JIRA usage
- Updated html files",4,38,6,HUDI-196,False
d288e328339f29b8d5acffea416c9bd1281e6010,HUDI-171 delete tmp file in addShutDownHook,1,17,13,HUDI-171,True
ec965892b042b123e985db5676fdf599d934404c,HUDI-149 - Remove platform dependencies and update NOTICE plugin,29,1452,456,HUDI-149,False
5a6a1ad8824f96eaec21681c0b9d34e1ba49b1ad,HUDI-185 Replace local hudi logo with the one added to apache (#824),25,26,26,HUDI-185,False
8139ffd94cae2b924477d3bd4fd4781929662b04,HUDI-197 Hive Sync and othe CLIs using bundle picking sources jar instead of binary jar,3,3,3,HUDI-197,True
8ddfa2ecda33830d30bf53bdf6a926a2a88855c9,HUDI-178 : Add keys for vinoth to KEYS file,1,49,0,HUDI-178,False
018802ca7a2f97a267a4b8a99b0e97bfa6444362,HUDI-186 : Add missing Apache Links in hudi site,2,12,1,HUDI-186,False
e20b77be3b1e14039d659cd56bec163708e1b24d,"HUDI-92 : Making deltastreamer with DistributedTestSource also run locally

 - Separating out the test data generators per partition
 - Minor logging improvements on IOHandle performance",7,63,45,HUDI-92,False
68464c7d027462eb481b3edffc980c4d0a0bd643,[HUDI-181] Fix the Bold markdown grammar issue of README file (#808),1,1,1,HUDI-181,False
e0648de2ef89ec55481a185a520a79b325236e28,"HUDI-175 - add an option to   manually override the DeltaStreamer checkpoint (#798)


- Add cli option to allow override the checkpoint using `--checkpoint`
- Persist overridden checkpoint into commit metadata",2,18,1,HUDI-175,False
0b451b3a58cabe25c0cecd3fd8847a8597e2313a,HUDI-140 : GCS: Log File Reading not working due to difference in seek() behavior for EOF,3,39,4,HUDI-140,True
3d408ee96b7cc8eb15756276dbab031eb549e6e2,HUDI-168 Ensure getFileStatus calls for files getting written is done after close() is called (#788),1,9,4,HUDI-168,True
ae3c02fb3fff47da8f20c4f9c8012a257a3df792,HUDI-162 : File System view must be built with correct timeline actions,12,91,27,HUDI-162,True
5823c1ebd7e12a48805eed05532edfd25b69c6fe,HUDI-138 - Meta Files handling also need to support consistency guard,21,481,166,HUDI-138,True
621c246fa9ea607a3cd8f33fdc3d8b528315e327,[HUDI-161] Remove --key-generator-class CLI arg in HoodieDeltaStreamer and use key generator class specified in datasource properties. (#781),5,62,22,HUDI-161,False
a0d7ab238473f22347e140b0e1e273ab80583eb7,HUDI-70 : Making DeltaStreamer run in continuous mode with concurrent compaction,32,1993,434,HUDI-70,False
a1483f2c5f3b921d1117d31f75453e45e5717259,HUDI-148 Small File selection logic for MOR must skip fileIds selected for pending compaction correctly,11,48,27,HUDI-148,True
065173211e2d884e22d48173f75763c8f6b6c7e3,HUDI-147 Compaction Inflight Rollback not deleting Marker directory,2,24,18,HUDI-147,True
479908fd20a97c5f7007f06ba7ee3904967e1050,HUDI-125 : Change License for all source files and update RAT configurations,513,5779,3967,HUDI-125,False
d860fb18b6248abfa911e6188d1105f2afc4e582,"HUDI-139 Compaction running twice due to duplicate ""map"" transformation while finalizing compaction",1,2,5,HUDI-139,True
93f8f12a30a05cd8c6862d0f895e4bd9a9b3336a,HUDI-135 - Skip Meta folder when looking for partitions,3,126,21,HUDI-135,True
9c8f8212ef0979add9f5fba7d5c7c6be58869aab,HUDI-134 - Disable inline compaction for Hoodie Demo,1,1,0,HUDI-134,True
99b0c72aa6e02a86517bc674bdd6b18f7842c7d8,HUDI-131 Zero FIle Listing in Compactor run,2,7,3,HUDI-131,False
f120427607986de82f99f2ba9a2eb0ff136c2bae,"HUDI-105 : Fix up offsets not available on leader exception (#650)

* Fix up offsets not available on leader exception",1,22,1,HUDI-105,True
e2dcef860672c140e4b66091292ff3bee3d20110,HUDI-101: added exclusion filters for signature files.,5,45,0,HUDI-101,True
f47f0eb6cba5ae861a8c9e8eb06b6acdb68d159f,HUDI-101: added mevn-shade plugin with filters.,1,30,0,HUDI-101,True
d1d33f725ecbef51cec05be805094b6bb1733c3e,[HUDI-66] FSUtils.getRelativePartitionPath does not handle repeated folder names,2,38,1,HUDI-66,True
395806fc684d8f6c3fa1b6b0f29e601cb6f4bbd0,[HUDI-63] Removed unused BucketedIndex code,2,1,119,HUDI-63,True
621f2b878d1bcd259d5c1361ef0ad686b5e5b5af,HUDI-75: Add KEYS,1,68,0,HUDI-75,False
