JENA-1907,True
JENA-1905,False
JENA-1906,False
JENA-1899,False
JENA-1902,True
JENA-1900,False
JENA-1898,False
JENA-1897,False
JENA-1896,False
JENA-1881,False
JENA-1837,False
JENA-1891,True
JENA-1890,False
JENA-1840,False
JENA-1889,False
JENA-1861,False
JENA-1887,False
JENA-1888,False
JENA-1885,False
JENA-1884,False
JENA-1882,True
JENA-1883,False
JENA-1862,False
JENA-1880,False
JENA-1863,True
JENA-1879,True
JENA-1875,False
JENA-1761,False
JENA-1782,False
JENA-1871,False
JENA-1872,False
JENA-1870,False
JENA-1868,True
JENA-1005,False
JENA-1860,False
JENA-1857,False
JENA-1855,True
JENA-1854,False
JENA-1851,False
JENA-1853,False
JENA-1852,False
JENA-1843,True
JENA-1850,False
JENA-1848,False
JENA-1846,True
JENA-1847,True
JENA-1758,True
JENA-1842,False
JENA-1845,False
JENA-1839,False
JENA-1838,False
JENA-1836,False
JENA-1833,False
JENA-1834,False
JENA-1828,False
JENA-1832,False
JENA-1830,False
JENA-1829,False
JENA-1826,True
JENA-1812,False
JENA-1817,True
JENA-1816,False
JENA-1813,True
JENA-1814,False
JENA-1811,True
JENA-1810,False
JENA-1809,False
JENA-1806,False
JENA-1804,False
JENA-1802,False
JENA-1801,True
JENA-1800,False
JENA-1799,False
JENA-1797,True
JENA-1785,True
JENA-1795,True
JENA-1794,True
JENA-1793,False
JENA-1787,False
JENA-1791,True
JENA-1789,True
JENA-1788,False
JENA-1786,True
JENA-1784,True
JENA-1783,False
JENA-1781,False
JENA-1780,False
JENA-1779,False
JENA-1778,True
JENA-1776,False
JENA-1775,False
JENA-1774,False
JENA-1773,True
JENA-1771,True
JENA-1770,True
JENA-1772,True
JENA-1769,True
JENA-1766,True
JENA-1767,True
JENA-1764,True
JENA-1763,False
JENA-1762,False
JENA-1755,False
JENA-864,False
JENA-1760,False
JENA-1757,False
JENA-1756,True
JENA-1746,True
JENA-1753,True
JENA-1733,False
JENA-1748,True
JENA-1745,False
JENA-1744,False
JENA-1731,False
JENA-1743,False
JENA-1742,False
JENA-1741,False
JENA-1738,False
JENA-1937,
JENA-1736,False
JENA-1735,False
JENA-1732,False
JENA-1726,False
JENA-1719,True
JENA-1724,True
JENA-1722,False
JENA-1718,False
JENA-1717,False
JENA-1715,False
JENA-1695,True
JENA-1714,False
JENA-1713,True
JENA-664,False
JENA-1709,False
JENA-1708,False
JENA-1707,False
JENA-1706,False
JENA-1659,False
JENA-1572,False
JENA-1691,False
JENA-1703,False
JENA-1701,True
JENA-1700,False
JENA-1699,False
JENA-1698,False
JENA-1697,False
JENA-1696,False
JENA-1692,False
JENA-1685,False
JENA-1684,False
JENA-1682,False
JENA-1679,True
JENA-1680,False
JENA-1678,False
JENA-1677,False
JENA-1676,False
JENA-1674,False
JENA-1672,False
JENA-1671,True
JENA-1670,False
JENA-1663,False
JENA-1662,False
JENA-1660,False
JENA-1657,True
JENA-204,True
JENA-1654,False
JENA-1653,True
JENA-1647,False
JENA-1652,True
JENA-1650,False
JENA-1649,False
JENA-1651,False
JENA-1648,False
JENA-1645,False
JENA-1646,False
JENA-1643,True
JENA-1644,True
JENA-1642,True
JENA-1641,False
JENA-1640,False
JENA-1639,False
JENA-1638,False
JENA-1637,True
JENA-1632,False
JENA-1633,True
JENA-1623,False
JENA-1630,False
JENA-1635,False
JENA-1631,False
JENA-1629,False
JENA-1627,False
JENA-1626,True
JENA-1625,False
JENA-1594,False
JENA-1624,False
JENA-1620,False
JENA-1619,True
JENA-1602,False
JENA-1515,True
JENA-1612,False
JENA-1615,True
JENA-1610,True
JENA-1616,False
JENA-1611,True
JENA-1606,False
JENA-1595,False
JENA-1607,True
JENA-1597,False
JENA-1599,False
JENA-1605,True
JENA-1604,False
JENA-1603,True
JENA-1598,False
JENA-1596,False
JENA-1494,True
JENA-901,False
JENA-1585,False
JENA-1592,False
JENA-1593,False
JENA-1481,True
JENA-1591,False
JENA-1590,False
JENA-1584,False
JENA-1587,False
JENA-1583,True
JENA-1578,False
JENA-1581,True
JENA-1580,False
JENA-1579,True
JENA-1575,True
JENA-1574,True
JENA-868,True
JENA-1573,False
JENA-1571,False
JENA-1569,False
JENA-1568,False
JENA-1565,True
JENA-1564,True
JENA-1563,True
JENA-1556,False
JENA-1562,True
JENA-1561,False
JENA-1560,False
JENA-1559,False
JENA-1557,False
JENA-1558,False
JENA-1552,False
JENA-1554,False
JENA-1555,False
JENA-1550,False
JENA-1537,True
JENA-1547,True
JENA-1548,False
JENA-1544,True
JENA-1545,False
JENA-1542,True
JENA-1546,False
JENA-1543,False
JENA-1539,False
JENA-1538,False
JENA-1532,True
JENA-1535,False
JENA-1534,True
JENA-632,False
JENA-1525,False
JENA-1533,False
JENA-1488,False
JENA-1524,True
JENA-1531,False
JENA-1428,True
JENA-1530,False
JENA-1528,True
JENA-1527,True
JENA-1482,True
JENA-1519,True
JENA-1523,True
JENA-1521,True
JENA-1520,True
JENA-1517,True
JENA-1516,True
JENA-1513,True
JENA-1511,False
JENA-1510,False
JENA-1158,False
JENA-1508,False
JENA-1507,True
JENA-1504,True
JENA-1480,True
JENA-1503,True
JENA-1501,False
JENA-1500,True
JENA-1499,True
JENA-1454,False
JENA-1492,True
JENA-1498,False
JENA-1391,False
JENA-1490,False
JENA-1491,False
JENA-1389,False
JENA-1474,False
JENA-1483,False
JENA-1484,True
JENA-1478,True
JENA-1475,False
JENA-1457,True
JENA-1476,False
JENA-1472,True
JENA-1469,True
JENA-1468,True
JENA-1471,False
JENA-1467,False
JENA-1462,True
JENA-1459,False
JENA-1463,True
JENA-1461,False
JENA-1464,False
JENA-1458,False
JENA-1452,False
JENA-1451,True
JENA-1450,False
JENA-1435,False
JENA-1447,True
JENA-1448,False
JENA-1340,True
JENA-1446,True
JENA-1439,True
JENA-1427,False
JENA-1440,False
JENA-1443,False
JENA-1437,True
JENA-1438,True
JENA-1441,False
JENA-1434,False
JENA-1414,False
JENA-1431,False
JENA-1430,True
JENA-1424,True
JENA-1422,True
JENA-1423,True
JENA-1384,False
JENA-1418,False
JENA-1420,True
JENA-1410,True
JENA-1408,False
JENA-1417,False
JENA-1404,False
JENA-1413,True
JENA-1411,True
JENA-1284,False
JENA-1407,False
JENA-1409,True
JENA-1406,True
JENA-1403,True
JENA-1401,True
JENA-1400,False
JENA-1398,False
JENA-1399,False
JENA-1397,False
JENA-1393,False
JENA-1396,False
JENA-1395,False
JENA-1394,False
JENA-1392,False
JENA-1372,False
JENA-1390,False
JENA-1387,False
JENA-1386,False
JENA-1381,True
JENA-1383,True
JENA-1382,True
JENA-1379,True
JENA-1378,True
JENA-1370,True
JENA-1374,False
JENA-1373,False
JENA-1184,True
JENA-1371,False
JENA-1369,False
JENA-1326,False
JENA-1367,True
JENA-1366,False
JENA-369,False
JENA-1363,True
JENA-1361,True
JENA-1313,False
JENA-1360,False
JENA-1074,False
JENA-1357,False
JENA-1355,True
JENA-1353,False
JENA-1354,True
JENA-1350,False
JENA-1349,True
JENA-1348,True
JENA-1347,False
JENA-1344,True
JENA-1346,False
JENA-1341,False
JENA-1339,False
JENA-1046,True
JENA-1336,True
JENA-1329,True
JENA-1328,False
JENA-1321,False
JENA-1320,True
JENA-1323,False
JENA-1324,True
JENA-1319,False
JENA-1318,True
JENA-1315,False
JENA-1305,False
JENA-1317,True
JENA-1316,True
JENA-1251,True
JENA-1306,True
JENA-1312,True
JENA-733,True
JENA-1311,True
JENA-1302,True
JENA-1309,True
JENA-1308,True
JENA-1304,False
JENA-1301,False
JENA-1299,False
JENA-1298,True
JENA-1294,True
JENA-1296,True
JENA-1205,False
JENA-1290,False
JENA-1293,True
JENA-1288,True
JENA-1287,True
JENA-1285,False
JENA-1282,True
JENA-1276,True
JENA-1275,True
JENA-1280,True
JENA-1281,False
JENA-1278,True
JENA-1277,False
JENA-1273,True
JENA-1271,False
JENA-1270,False
JENA-1267,False
JENA-1269,True
JENA-1268,True
JENA-1265,True
JENA-1263,False
JENA-1197,False
JENA-1260,True
JENA-1261,True
JENA-1233,False
JENA-1259,True
JENA-1258,True
JENA-1215,False
JENA-1169,True
JENA-1255,True
JENA-1256,False
JENA-1253,True
JENA-1252,False
JENA-1249,True
JENA-1243,False
JENA-1248,False
JENA-1245,False
JENA-1247,True
JENA-576,True
JENA-1244,False
JENA-1234,True
JENA-1238,False
JENA-1208,False
JENA-1223,False
JENA-1237,True
JENA-1235,True
JENA-1236,True
JENA-1231,True
JENA-1229,True
JENA-1228,False
JENA-1226,True
JENA-1194,True
JENA-1222,False
JENA-1224,False
JENA-1225,True
JENA-1123,True
JENA-1221,False
JENA-1219,True
JENA-1220,False
JENA-1218,True
JENA-1189,True
JENA-1216,True
JENA-1212,False
JENA-1211,True
JENA-1210,True
JENA-1213,False
JENA-508,False
JENA-1209,False
JENA-1206,False
JENA-1203,True
JENA-1090,False
JENA-1202,True
JENA-1200,True
JENA-1199,False
JENA-1198,True
JENA-1191,False
JENA-1195,True
JENA-1193,True
JENA-1192,False
JENA-1188,True
JENA-1190,True
JENA-1167,True
JENA-1187,True
JENA-1186,True
JENA-1185,True
JENA-1183,True
JENA-1182,False
JENA-1181,True
JENA-1175,True
JENA-1179,False
JENA-1177,True
JENA-1173,True
JENA-1172,True
JENA-1170,False
JENA-1168,True
JENA-913,True
JENA-1164,True
JENA-1163,True
JENA-1160,False
JENA-1162,True
JENA-1161,True
JENA-1134,False
JENA-1159,True
JENA-1157,True
JENA-1156,False
JENA-1147,False
JENA-1155,False
JENA-1154,True
JENA-1146,True
JENA-1150,False
JENA-1122,True
JENA-583,True
JENA-1144,True
JENA-1141,False
JENA-1142,False
JENA-1140,True
JENA-1139,True
JENA-1138,True
JENA-1133,True
JENA-1132,True
JENA-1089,False
JENA-1131,False
JENA-1128,True
JENA-1129,True
JENA-1127,True
JENA-1125,False
JENA-1083,False
JENA-1126,False
JENA-1124,False
JENA-1120,True
JENA-1118,False
JENA-1119,True
JENA-149,True
JENA-1113,True
JENA-1112,True
JENA-1093,True
JENA-1108,False
JENA-1107,False
JENA-1082,False
JENA-1088,True
JENA-1080,False
JENA-1106,False
JENA-1105,True
JENA-1103,False
JENA-1098,False
JENA-1102,True
JENA-1099,True
JENA-1094,True
JENA-1081,True
JENA-1092,True
JENA-1085,False
JENA-937,False
JENA-1078,True
JENA-1091,False
JENA-1086,False
JENA-1071,True
JENA-1087,False
JENA-1077,True
JENA-624,False
JENA-1068,False
JENA-1073,False
JENA-1062,False
JENA-1070,True
JENA-1064,False
JENA-1067,False
JENA-1066,True
JENA-1060,True
JENA-1059,False
JENA-1056,True
JENA-1030,False
JENA-1055,True
JENA-1051,False
JENA-1052,False
JENA-1050,True
JENA-1047,True
JENA-1040,True
JENA-1044,False
JENA-1042,False
JENA-1038,False
JENA-1049,True
JENA-1013,True
JENA-1039,True
JENA-1035,False
JENA-1037,True
JENA-1029,False
JENA-175,True
JENA-1021,True
JENA-1033,False
JENA-1028,True
JENA-1027,True
JENA-1023,True
JENA-1024,True
JENA-1020,True
JENA-1022,True
JENA-1018,True
JENA-1016,True
JENA-1014,True
JENA-803,False
JENA-1012,False
JENA-1011,True
JENA-491,True
JENA-959,False
JENA-1009,True
JENA-988,False
JENA-1004,True
JENA-999,False
JENA-869,True
JENA-977,False
JENA-997,False
JENA-998,True
JENA-996,True
JENA-995,True
JENA-591,True
JENA-994,False
JENA-979,False
JENA-991,True
JENA-989,True
JENA-986,False
JENA-987,False
JENA-966,True
JENA-978,False
JENA-982,True
JENA-980,False
JENA-976,False
JENA-974,True
JENA-973,False
JENA-963,True
JENA-972,False
JENA-969,True
JENA-968,False
JENA-964,True
JENA-956,True
JENA-949,True
JENA-950,True
JENA-926,False
JENA-907,True
JENA-380,False
JENA-938,False
JENA-943,False
JENA-939,True
JENA-927,False
JENA-931,False
JENA-934,True
JENA-932,True
JENA-929,False
JENA-930,False
JENA-608,False
JENA-904,True
JENA-911,True
JENA-924,True
JENA-923,False
JENA-920,False
JENA-905,False
JENA-917,False
JENA-918,True
JENA-915,True
JENA-912,False
JENA-908,True
JENA-896,False
JENA-889,True
JENA-903,True
JENA-897,True
JENA-886,False
JENA-895,True
JENA-894,True
JENA-887,True
JENA-867,True
JENA-849,False
JENA-865,True
JENA-884,True
JENA-882,False
JENA-878,False
JENA-883,True
JENA-879,False
JENA-881,True
JENA-874,True
JENA-873,True
JENA-872,False
JENA-860,True
JENA-854,True
JENA-662,True
JENA-852,True
JENA-839,True
JENA-846,False
JENA-848,True
JENA-843,True
JENA-844,True
JENA-841,True
JENA-836,False
JENA-778,False
JENA-838,True
JENA-837,True
JENA-551,False
JENA-823,False
JENA-557,True
JENA-612,False
JENA-816,False
JENA-835,False
JENA-834,False
JENA-828,False
JENA-833,False
JENA-814,True
JENA-827,False
JENA-737,True
JENA-193,False
JENA-825,False
JENA-818,True
JENA-817,True
JENA-815,False
JENA-808,False
JENA-811,True
JENA-813,True
JENA-812,True
JENA-800,True
JENA-809,True
JENA-810,True
JENA-805,True
JENA-777,False
JENA-652,True
JENA-802,True
JENA-799,False
JENA-798,False
JENA-796,False
JENA-797,True
JENA-792,True
JENA-794,True
JENA-793,True
JENA-791,True
JENA-790,True
JENA-699,True
JENA-779,False
JENA-774,False
JENA-776,False
JENA-772,False
JENA-773,False
JENA-771,True
JENA-768,False
JENA-769,False
JENA-763,False
JENA-767,True
JENA-625,False
JENA-758,True
JENA-762,False
JENA-761,True
JENA-760,True
JENA-757,True
JENA-754,True
JENA-751,True
JENA-749,False
JENA-730,True
JENA-747,True
JENA-734,True
JENA-741,True
JENA-745,True
JENA-746,False
JENA-740,False
JENA-739,False
JENA-731,True
JENA-725,False
JENA-726,False
JENA-714,False
JENA-721,False
JENA-723,True
JENA-716,True
JENA-720,True
JENA-713,False
JENA-715,False
JENA-712,True
JENA-710,True
JENA-705,True
JENA-631,False
JENA-698,True
JENA-696,True
JENA-697,False
JENA-693,True
JENA-681,False
JENA-688,True
JENA-685,True
JENA-684,False
JENA-682,False
JENA-677,False
JENA-678,False
JENA-672,True
JENA-671,True
JENA-669,False
JENA-670,True
JENA-357,True
JENA-668,False
JENA-667,False
JENA-663,True
JENA-654,False
JENA-660,True
JENA-656,False
JENA-643,True
JENA-638,False
JENA-637,True
JENA-518,False
JENA-633,True
JENA-634,False
JENA-628,True
JENA-623,True
JENA-621,True
JENA-620,True
JENA-614,False
JENA-595,False
JENA-328,True
JENA-611,False
JENA-606,True
JENA-609,True
JENA-604,True
JENA-596,True
JENA-598,True
JENA-597,True
JENA-587,True
JENA-589,False
JENA-588,True
JENA-585,False
JENA-584,True
JENA-581,False
JENA-580,True
JENA-577,True
JENA-539,False
JENA-540,False
JENA-574,True
JENA-571,True
JENA-567,False
JENA-565,True
JENA-564,True
JENA-559,True
JENA-558,True
JENA-553,True
JENA-552,True
JENA-549,True
JENA-548,True
JENA-536,True
JENA-537,True
JENA-535,True
JENA-534,True
JENA-503,False
JENA-523,True
JENA-525,True
JENA-522,True
JENA-520,True
JENA-517,True
JENA-519,False
JENA-513,False
JENA-516,True
JENA-512,True
JENA-510,True
JENA-509,True
JENA-500,True
JENA-505,True
JENA-502,True
JENA-501,False
JENA-499,True
JENA-497,True
JENA-496,True
JENA-492,True
JENA-481,False
JENA-489,True
JENA-483,False
JENA-484,False
JENA-479,True
JENA-477,True
JENA-470,True
JENA-468,True
JENA-467,True
JENA-465,True
JENA-464,True
JENA-434,False
JENA-463,False
JENA-427,False
JENA-459,True
JENA-450,True
JENA-448,True
JENA-442,False
JENA-440,True
JENA-443,True
JENA-439,True
JENA-437,True
JENA-432,True
JENA-435,True
JENA-433,True
JENA-431,True
JENA-352,True
JENA-426,False
JENA-2,False
JENA-159,False
JENA-422,True
JENA-423,True
JENA-421,True
JENA-418,True
JENA-419,True
JENA-414,True
JENA-413,True
JENA-398,False
JENA-389,True
JENA-409,True
JENA-407,True
JENA-406,True
JENA-402,False
JENA-393,True
JENA-340,True
JENA-330,False
JENA-381,True
JENA-385,True
JENA-348,False
JENA-376,True
JENA-370,False
JENA-372,False
JENA-379,True
JENA-378,True
JENA-289,False
JENA-371,False
JENA-364,True
JENA-362,True
JENA-363,True
JENA-361,True
JENA-360,True
JENA-358,True
JENA-359,True
JENA-351,False
JENA-346,True
JENA-344,True
JENA-343,True
JENA-335,True
JENA-315,True
JENA-337,False
JENA-336,True
JENA-243,False
JENA-334,True
JENA-324,True
JENA-326,True
JENA-323,True
JENA-312,False
JENA-317,True
JENA-313,True
JENA-310,True
JENA-308,True
JENA-307,False
JENA-301,True
JENA-298,True
JENA-295,False
JENA-290,True
JENA-256,True
JENA-288,True
JENA-287,True
JENA-283,False
JENA-282,True
JENA-268,False
JENA-262,True
JENA-260,True
JENA-254,True
JENA-253,True
JENA-252,True
JENA-250,True
JENA-247,True
JENA-248,True
JENA-113,True
JENA-209,False
JENA-102,True
JENA-186,False
JENA-163,True
JENA-119,False
JENA-62,False
JENA-161,True
JENA-158,False
JENA-110,False
JENA-131,True
JENA-36,True
JENA-154,True
JENA-153,True
JENA-148,True
JENA-151,True
JENA-150,True
JENA-147,True
JENA-145,False
JENA-135,True
JENA-136,False
JENA-142,True
JENA-139,False
JENA-137,False
JENA-97,True
JENA-127,False
JENA-3,True
JENA-129,True
JENA-128,True
JENA-124,True
JENA-123,True
JENA-121,True
JENA-122,False
JENA-120,True
JENA-116,True
JENA-44,False
JENA-111,True
JENA-114,True
JENA-45,False
JENA-109,False
JENA-108,False
JENA-90,False
JENA-66,False
JENA-78,False
JENA-7,True
JENA-107,True
JENA-20,False
JENA-25,True
JENA-91,True
JENA-104,True
JENA-99,False
JENA-95,True
JENA-98,False
JENA-89,False
JENA-83,False
JENA-94,False
JENA-87,True
JENA-85,False
JENA-92,True
JENA-88,True
JENA-86,True
JENA-82,True
JENA-81,True
JENA-79,True
JENA-72,True
JENA-1204,False
JENA-822,False
JENA-21,True
JENA-29,False
JENA-9,False
CVE-2019,
JEAN-1645,
JEA-1524,
FCREPO-576,
JEAN-903,
UTF-8,
