KAFKA-9851,True
KAFKA-9840,True
KAFKA-8011,True
KAFKA-9570,True
KAFKA-10111,True
KAFKA-10110,True
KAFKA-9441,False
KAFKA-10040,False
KAFKA-10066,True
KAFKA-10069,True
KAFKA-10033,False
KAFKA-9434,False
KAFKA-9313,False
KAFKA-9788,True
KAFKA-9514,True
KAFKA-10089,True
KAFKA-10080,True
KAFKA-10084,False
KAFKA-10083,True
KAFKA-9945,True
KAFKA-9320,False
KAFKA-10082,True
KAFKA-10081,True
KAFKA-10030,True
KAFKA-9987,False
KAFKA-8499,True
KAFKA-8417,True
KAFKA-9392,False
KAFKA-10074,False
KAFKA-10060,True
KAFKA-8104,True
KAFKA-9494,False
KAFKA-10056,True
KAFKA-10029,True
KAFKA-10061,True
KAFKA-9130,False
KAFKA-9501,True
KAFKA-9673,False
KAFKA-9971,True
KAFKA-10052,True
KAFKA-9802,True
KAFKA-10050,True
KAFKA-9146,False
KAFKA-9960,False
KAFKA-9298,True
KAFKA-9952,False
KAFKA-10017,True
KAFKA-10018,True
KAFKA-9724,True
KAFKA-9983,False
KAFKA-6145,True
KAFKA-7523,False
KAFKA-9561,False
KAFKA-9353,False
KAFKA-5295,False
KAFKA-8557,False
KAFKA-9472,True
KAFKA-4794,False
KAFKA-10022,False
KAFKA-6755,False
KAFKA-9767,False
KAFKA-9944,False
KAFKA-9888,True
KAFKA-9931,False
KAFKA-10003,False
KAFKA-10004,True
KAFKA-9980,True
KAFKA-9780,False
KAFKA-9855,False
KAFKA-9950,True
KAFKA-8869,True
KAFKA-9409,False
KAFKA-9603,True
KAFKA-9859,True
KAFKA-10010,True
KAFKA-10011,True
KAFKA-9992,True
KAFKA-9617,True
KAFKA-9955,True
KAFKA-8611,False
KAFKA-9996,True
KAFKA-10001,True
KAFKA-9537,True
KAFKA-9984,True
KAFKA-9650,False
KAFKA-9850,False
KAFKA-9966,False
KAFKA-9821,True
KAFKA-9669,True
KAFKA-8770,False
KAFKA-9466,False
KAFKA-9949,False
KAFKA-9921,True
KAFKA-9956,True
KAFKA-9972,True
KAFKA-9942,True
KAFKA-9127,False
KAFKA-9290,False
KAFKA-9928,True
KAFKA-9667,True
KAFKA-9865,False
KAFKA-9768,True
KAFKA-9419,False
KAFKA-9947,True
KAFKA-6342,False
KAFKA-9633,True
KAFKA-9919,False
KAFKA-9830,True
KAFKA-9946,True
KAFKA-9625,True
KAFKA-9718,True
KAFKA-9748,False
KAFKA-9731,False
KAFKA-9918,True
KAFKA-9798,False
KAFKA-9589,True
KAFKA-9939,True
KAFKA-8410,False
KAFKA-8835,False
KAFKA-9034,True
KAFKA-9652,True
KAFKA-9922,True
KAFKA-9875,True
KAFKA-9925,True
KAFKA-9932,False
KAFKA-9832,False
KAFKA-9176,True
KAFKA-9823,True
KAFKA-9885,True
KAFKA-9866,False
KAFKA-9839,True
KAFKA-9704,True
KAFKA-8639,False
KAFKA-9883,True
KAFKA-9844,True
KAFKA-9907,False
KAFKA-9852,False
KAFKA-8955,False
KAFKA-9512,True
KAFKA-9388,True
KAFKA-9863,True
KAFKA-9868,True
KAFKA-9854,True
KAFKA-9818,True
KAFKA-9881,False
KAFKA-9819,True
KAFKA-9796,True
KAFKA-9838,True
KAFKA-9703,True
KAFKA-9779,False
KAFKA-7885,True
KAFKA-9540,True
KAFKA-9675,True
KAFKA-9797,True
KAFKA-9864,False
KAFKA-9539,False
KAFKA-9842,True
KAFKA-9583,True
KAFKA-9853,False
KAFKA-8436,False
KAFKA-3720,True
KAFKA-9750,True
KAFKA-9654,True
KAFKA-9309,False
KAFKA-9642,True
KAFKA-9691,True
KAFKA-9433,False
KAFKA-9835,True
KAFKA-8890,False
KAFKA-9801,True
KAFKA-8107,True
KAFKA-9815,True
KAFKA-9753,False
KAFKA-9793,True
KAFKA-9784,False
KAFKA-9820,True
KAFKA-9739,True
KAFKA-9807,True
KAFKA-9810,False
KAFKA-9775,True
KAFKA-9812,True
KAFKA-9776,False
KAFKA-9809,False
KAFKA-9778,False
KAFKA-9233,True
KAFKA-9659,True
KAFKA-9777,True
KAFKA-9706,True
KAFKA-9719,False
KAFKA-9760,False
KAFKA-9685,False
KAFKA-9600,True
KAFKA-9770,True
KAFKA-9771,True
KAFKA-9756,False
KAFKA-8470,False
KAFKA-9707,True
KAFKA-9729,False
KAFKA-9688,False
KAFKA-9752,True
KAFKA-9373,True
KAFKA-8319,True
KAFKA-9573,False
KAFKA-9758,False
KAFKA-9677,True
KAFKA-9700,True
KAFKA-9711,True
KAFKA-9749,True
KAFKA-9743,True
KAFKA-9407,False
KAFKA-9742,True
KAFKA-9651,True
KAFKA-9563,True
KAFKA-9451,False
KAFKA-9634,True
KAFKA-8842,True
KAFKA-9741,True
KAFKA-9701,True
KAFKA-9727,True
KAFKA-9734,True
KAFKA-9553,True
KAFKA-8820,False
KAFKA-9435,False
KAFKA-8618,False
KAFKA-9568,True
KAFKA-5604,True
KAFKA-9656,True
KAFKA-9047,True
KAFKA-9404,False
KAFKA-8803,True
KAFKA-9712,True
KAFKA-9670,False
KAFKA-6647,True
KAFKA-9533,True
KAFKA-9714,True
KAFKA-8768,False
KAFKA-9657,False
KAFKA-9644,True
KAFKA-9695,True
KAFKA-9605,True
KAFKA-9658,True
KAFKA-9344,True
KAFKA-9686,True
KAFKA-8245,True
KAFKA-9645,True
KAFKA-9663,True
KAFKA-9668,True
KAFKA-9662,True
KAFKA-9615,True
KAFKA-9661,True
KAFKA-9530,True
KAFKA-9632,True
KAFKA-9618,True
KAFKA-9254,True
KAFKA-8995,False
KAFKA-9327,False
KAFKA-9525,False
KAFKA-9623,True
KAFKA-9620,True
KAFKA-9607,True
KAFKA-9610,True
KAFKA-9614,True
KAFKA-9601,True
KAFKA-9594,False
KAFKA-9602,True
KAFKA-9498,True
KAFKA-8147,False
KAFKA-9308,True
KAFKA-9567,False
KAFKA-9599,True
KAFKA-9581,False
KAFKA-9577,True
KAFKA-9582,False
KAFKA-9206,True
KAFKA-9586,False
KAFKA-9575,False
KAFKA-6266,True
KAFKA-9481,True
KAFKA-9562,True
KAFKA-9544,True
KAFKA-9558,True
KAFKA-8025,True
KAFKA-9515,False
KAFKA-9319,False
KAFKA-9545,True
KAFKA-9535,True
KAFKA-8805,False
KAFKA-9274,True
KAFKA-8904,False
KAFKA-9556,True
KAFKA-9557,True
KAFKA-9355,True
KAFKA-8507,False
KAFKA-9106,False
KAFKA-9538,True
KAFKA-9192,True
KAFKA-9181,False
KAFKA-9417,False
KAFKA-9447,False
KAFKA-6607,False
KAFKA-9499,False
KAFKA-9423,False
KAFKA-9500,True
KAFKA-9390,True
KAFKA-9483,False
KAFKA-7052,True
KAFKA-9517,True
KAFKA-9487,False
KAFKA-9523,False
KAFKA-9480,True
KAFKA-9505,True
KAFKA-7658,True
KAFKA-8843,False
KAFKA-9507,True
KAFKA-9519,False
KAFKA-9509,False
KAFKA-8164,False
KAFKA-9261,True
KAFKA-7489,False
KAFKA-9113,False
KAFKA-9491,True
KAFKA-9477,False
KAFKA-9074,True
KAFKA-9492,True
KAFKA-9490,True
KAFKA-9027,False
KAFKA-9437,False
KAFKA-9375,False
KAFKA-8764,True
KAFKA-8503,False
KAFKA-8162,True
KAFKA-9408,False
KAFKA-9474,False
KAFKA-9360,False
KAFKA-9445,False
KAFKA-9422,False
KAFKA-9040,False
KAFKA-4203,True
KAFKA-9426,False
KAFKA-9405,False
KAFKA-9026,False
KAFKA-9460,False
KAFKA-9152,False
KAFKA-7317,False
KAFKA-7737,False
KAFKA-9418,False
KAFKA-7273,False
KAFKA-9143,True
KAFKA-9024,True
KAFKA-9083,True
KAFKA-7204,True
KAFKA-9457,True
KAFKA-9338,True
KAFKA-9329,True
KAFKA-9449,True
KAFKA-9218,True
KAFKA-8847,False
KAFKA-9235,True
KAFKA-9431,False
KAFKA-9410,False
KAFKA-6144,True
KAFKA-9365,False
KAFKA-9294,False
KAFKA-9420,False
KAFKA-7538,False
KAFKA-9346,False
KAFKA-9159,True
KAFKA-9352,False
KAFKA-7639,False
KAFKA-9363,True
KAFKA-9396,False
KAFKA-9188,False
KAFKA-8617,False
KAFKA-8421,True
KAFKA-9144,True
KAFKA-9287,True
KAFKA-9383,False
KAFKA-9386,True
KAFKA-9379,True
KAFKA-9068,True
KAFKA-9384,False
KAFKA-8988,False
KAFKA-6049,False
KAFKA-9065,True
KAFKA-9335,True
KAFKA-6614,False
KAFKA-9330,True
KAFKA-9337,False
KAFKA-9324,False
KAFKA-9364,True
KAFKA-9293,True
KAFKA-8933,True
KAFKA-8928,True
KAFKA-9334,False
KAFKA-9202,False
KAFKA-9232,True
KAFKA-9307,True
KAFKA-9277,False
KAFKA-9011,False
KAFKA-9310,True
KAFKA-9305,True
KAFKA-9306,True
KAFKA-7251,False
KAFKA-9316,False
KAFKA-9297,True
KAFKA-8705,True
KAFKA-8855,False
KAFKA-7588,False
KAFKA-7925,True
KAFKA-9138,True
KAFKA-9288,False
KAFKA-9025,True
KAFKA-9212,True
KAFKA-9230,False
KAFKA-9241,True
KAFKA-8953,False
KAFKA-9091,False
KAFKA-9267,True
KAFKA-9179,True
KAFKA-9131,True
KAFKA-9184,True
KAFKA-9251,True
KAFKA-9190,True
KAFKA-9265,True
KAFKA-8448,True
KAFKA-9258,True
KAFKA-9073,True
KAFKA-9231,True
KAFKA-9203,True
KAFKA-9156,True
KAFKA-9255,True
KAFKA-9244,True
KAFKA-9069,True
KAFKA-9226,False
KAFKA-9219,True
KAFKA-9123,False
KAFKA-8981,False
KAFKA-9229,True
KAFKA-8960,False
KAFKA-9051,True
KAFKA-8509,False
KAFKA-1714,True
KAFKA-8986,False
KAFKA-9086,False
KAFKA-9198,True
KAFKA-9180,True
KAFKA-9200,True
KAFKA-9196,True
KAFKA-9183,False
KAFKA-8746,True
KAFKA-9165,True
KAFKA-9046,True
KAFKA-9169,True
KAFKA-8710,False
KAFKA-9072,False
KAFKA-9175,True
KAFKA-8875,True
KAFKA-9171,True
KAFKA-9133,True
KAFKA-8984,False
KAFKA-9098,False
KAFKA-9016,False
KAFKA-8677,True
KAFKA-9101,True
KAFKA-9150,True
KAFKA-8729,False
KAFKA-9140,True
KAFKA-9079,True
KAFKA-9137,True
KAFKA-9110,False
KAFKA-9080,True
KAFKA-8972,True
KAFKA-8868,False
KAFKA-9093,True
KAFKA-8980,False
KAFKA-9077,True
KAFKA-9048,False
KAFKA-9102,False
KAFKA-9105,True
KAFKA-8968,False
KAFKA-8992,True
KAFKA-9038,False
KAFKA-9089,True
KAFKA-8700,True
KAFKA-8584,False
KAFKA-9056,True
KAFKA-9078,True
KAFKA-9057,True
KAFKA-8940,True
KAFKA-8943,True
KAFKA-8482,False
KAFKA-7689,False
KAFKA-8964,False
KAFKA-9041,True
KAFKA-8455,False
KAFKA-8962,True
KAFKA-8834,False
KAFKA-9058,False
KAFKA-9004,True
KAFKA-8874,False
KAFKA-8884,False
KAFKA-9000,True
KAFKA-8496,False
KAFKA-9053,True
KAFKA-8340,True
KAFKA-7981,False
KAFKA-8945,True
KAFKA-9039,False
KAFKA-9032,True
KAFKA-8897,False
KAFKA-9014,True
KAFKA-9033,False
KAFKA-9030,True
KAFKA-8122,True
KAFKA-4422,False
KAFKA-8813,True
KAFKA-8725,False
KAFKA-8942,False
KAFKA-8671,True
KAFKA-9020,False
KAFKA-9029,True
KAFKA-8743,True
KAFKA-8991,False
KAFKA-8954,False
KAFKA-8932,False
KAFKA-8944,True
KAFKA-7190,True
KAFKA-8983,True
KAFKA-7245,False
KAFKA-8262,True
KAFKA-8985,False
KAFKA-8179,False
KAFKA-7500,False
KAFKA-8233,True
KAFKA-8885,False
KAFKA-8934,True
KAFKA-8649,True
KAFKA-8974,True
KAFKA-3705,True
KAFKA-6290,True
KAFKA-6684,False
KAFKA-8523,True
KAFKA-8558,False
KAFKA-8447,False
KAFKA-8804,True
KAFKA-5609,False
KAFKA-7772,False
KAFKA-8901,False
KAFKA-8379,True
KAFKA-8887,False
KAFKA-8595,False
KAFKA-8896,True
KAFKA-8807,True
KAFKA-8927,True
KAFKA-8609,False
KAFKA-8911,True
KAFKA-8471,False
KAFKA-7895,True
KAFKA-6883,False
KAFKA-8907,False
KAFKA-8880,False
KAFKA-8580,False
KAFKA-8848,False
KAFKA-6958,False
KAFKA-8086,True
KAFKA-8859,False
KAFKA-8892,True
KAFKA-8841,False
KAFKA-8913,False
KAFKA-8839,False
KAFKA-8730,False
KAFKA-8474,True
KAFKA-8755,True
KAFKA-8355,False
KAFKA-8856,False
KAFKA-8886,False
KAFKA-8345,False
KAFKA-8817,True
KAFKA-8747,True
KAFKA-8878,True
KAFKA-8889,True
KAFKA-8816,True
KAFKA-8222,False
KAFKA-8853,False
KAFKA-8590,False
KAFKA-8822,False
KAFKA-7149,False
KAFKA-8724,True
KAFKA-8857,True
KAFKA-8866,False
KAFKA-8861,True
KAFKA-7849,True
KAFKA-8860,True
KAFKA-8760,False
KAFKA-8840,True
KAFKA-8837,True
KAFKA-8745,False
KAFKA-8579,False
KAFKA-8669,False
KAFKA-8412,True
KAFKA-8586,True
KAFKA-8391,True
KAFKA-8753,False
KAFKA-8698,True
KAFKA-8824,True
KAFKA-8325,True
KAFKA-8041,True
KAFKA-8800,True
KAFKA-8601,False
KAFKA-8802,True
KAFKA-8600,False
KAFKA-8592,True
KAFKA-8788,True
KAFKA-7335,False
KAFKA-8792,False
KAFKA-8765,False
KAFKA-8791,True
KAFKA-8736,True
KAFKA-7941,True
KAFKA-8774,True
KAFKA-8782,True
KAFKA-8550,True
KAFKA-8748,True
KAFKA-8598,False
KAFKA-8602,True
KAFKA-8599,False
KAFKA-6263,False
KAFKA-7800,False
KAFKA-8578,False
KAFKA-7548,False
KAFKA-8456,True
KAFKA-8731,True
KAFKA-8722,False
KAFKA-8717,False
KAFKA-8442,True
KAFKA-8640,False
KAFKA-8221,False
KAFKA-8715,True
KAFKA-8696,False
KAFKA-8526,True
KAFKA-8678,True
KAFKA-8454,True
KAFKA-8435,False
KAFKA-8392,True
KAFKA-8513,False
KAFKA-8615,True
KAFKA-8635,True
KAFKA-8670,True
KAFKA-8024,True
KAFKA-8450,False
KAFKA-8530,True
KAFKA-8662,True
KAFKA-8637,True
KAFKA-8620,True
KAFKA-8614,True
KAFKA-7157,True
KAFKA-8570,True
KAFKA-6605,True
KAFKA-5998,True
KAFKA-8643,True
KAFKA-8644,False
KAFKA-8653,True
KAFKA-8424,False
KAFKA-8634,False
KAFKA-8636,False
KAFKA-3333,False
KAFKA-8591,True
KAFKA-8443,False
KAFKA-8560,False
KAFKA-8542,False
KAFKA-8538,False
KAFKA-8356,False
KAFKA-8390,False
KAFKA-8545,False
KAFKA-7197,False
KAFKA-8106,True
KAFKA-8563,False
KAFKA-8519,False
KAFKA-8569,False
KAFKA-8564,True
KAFKA-8452,False
KAFKA-8559,False
KAFKA-8539,False
KAFKA-7853,False
KAFKA-8457,True
KAFKA-8488,False
KAFKA-8483,True
KAFKA-8500,True
KAFKA-8514,True
KAFKA-4893,True
KAFKA-8487,True
KAFKA-8501,False
KAFKA-8333,True
KAFKA-7315,False
KAFKA-8331,False
KAFKA-8003,True
KAFKA-8461,True
KAFKA-8384,False
KAFKA-8386,False
KAFKA-8400,False
KAFKA-8305,False
KAFKA-8155,False
KAFKA-8404,True
KAFKA-8473,True
KAFKA-6819,False
KAFKA-8383,False
KAFKA-8475,True
KAFKA-8449,True
KAFKA-8426,True
KAFKA-8425,True
KAFKA-8463,True
KAFKA-8446,True
KAFKA-8199,True
KAFKA-8389,False
KAFKA-8418,True
KAFKA-6455,False
KAFKA-8429,True
KAFKA-8187,True
KAFKA-7703,True
KAFKA-8286,False
KAFKA-8428,False
KAFKA-8430,False
KAFKA-8219,False
KAFKA-8437,True
KAFKA-8351,True
KAFKA-8422,True
KAFKA-8341,True
KAFKA-8371,False
KAFKA-8407,True
KAFKA-8415,True
KAFKA-8229,True
KAFKA-8399,True
KAFKA-8265,False
KAFKA-8052,True
KAFKA-8315,True
KAFKA-3143,True
KAFKA-8316,False
KAFKA-8381,True
KAFKA-8290,True
KAFKA-6474,False
KAFKA-7773,False
KAFKA-8349,False
KAFKA-8225,False
KAFKA-8365,False
KAFKA-3522,True
KAFKA-8346,False
KAFKA-8347,True
KAFKA-8215,False
KAFKA-5505,False
KAFKA-8376,True
KAFKA-8256,False
KAFKA-8220,False
KAFKA-3816,False
KAFKA-8320,True
KAFKA-8354,False
KAFKA-5061,True
KAFKA-8336,False
KAFKA-8363,True
KAFKA-8294,False
KAFKA-7321,False
KAFKA-8335,True
KAFKA-6521,True
KAFKA-7633,True
KAFKA-8352,True
KAFKA-8348,False
KAFKA-8344,True
KAFKA-8231,False
KAFKA-6789,False
KAFKA-8324,True
KAFKA-8332,True
KAFKA-8240,True
KAFKA-7320,True
KAFKA-8158,False
KAFKA-8284,False
KAFKA-8304,True
KAFKA-8275,True
KAFKA-8131,False
KAFKA-8056,False
KAFKA-7455,True
KAFKA-8306,True
KAFKA-8289,True
KAFKA-8323,True
KAFKA-7601,True
KAFKA-8285,False
KAFKA-8191,True
KAFKA-8248,True
KAFKA-8066,True
KAFKA-8298,True
KAFKA-7992,False
KAFKA-3729,False
KAFKA-8134,True
KAFKA-7779,False
KAFKA-8254,True
KAFKA-8029,False
KAFKA-7862,False
KAFKA-7903,False
KAFKA-8291,True
KAFKA-8237,False
KAFKA-8227,True
KAFKA-8204,True
KAFKA-8277,True
KAFKA-7747,False
KAFKA-7965,True
KAFKA-7866,True
KAFKA-7026,True
KAFKA-7652,True
KAFKA-8241,True
KAFKA-7466,False
KAFKA-7778,False
KAFKA-7875,False
KAFKA-8210,True
KAFKA-8209,True
KAFKA-8208,True
KAFKA-7471,False
KAFKA-6635,True
KAFKA-8232,True
KAFKA-8212,True
KAFKA-8213,True
KAFKA-8013,True
KAFKA-8058,True
KAFKA-7192,True
KAFKA-8157,True
KAFKA-8168,False
KAFKA-7893,False
KAFKA-8190,True
KAFKA-7904,False
KAFKA-8090,False
KAFKA-6399,False
KAFKA-8126,True
KAFKA-8183,False
KAFKA-8181,True
KAFKA-8030,True
KAFKA-8034,False
KAFKA-7502,False
KAFKA-7986,False
KAFKA-8026,True
KAFKA-8102,False
KAFKA-8150,True
KAFKA-8014,False
KAFKA-8142,True
KAFKA-7243,False
KAFKA-7819,False
KAFKA-7989,True
KAFKA-8098,True
KAFKA-8094,False
KAFKA-8062,True
KAFKA-7858,False
KAFKA-8121,True
KAFKA-8118,False
KAFKA-7813,True
KAFKA-7855,True
KAFKA-8114,True
KAFKA-8111,True
KAFKA-8091,True
KAFKA-7027,False
KAFKA-7730,False
KAFKA-7944,True
KAFKA-7976,True
KAFKA-7801,True
KAFKA-8040,True
KAFKA-7939,True
KAFKA-7922,False
KAFKA-7288,True
KAFKA-8065,True
KAFKA-8069,True
KAFKA-8070,True
KAFKA-7980,True
KAFKA-8060,False
KAFKA-7831,True
KAFKA-8061,True
KAFKA-7950,False
KAFKA-8039,True
KAFKA-8018,True
KAFKA-8007,False
KAFKA-8006,True
KAFKA-7736,False
KAFKA-8038,True
KAFKA-7979,True
KAFKA-7880,False
KAFKA-8002,True
KAFKA-7312,True
KAFKA-7997,False
KAFKA-7918,False
KAFKA-8012,True
KAFKA-7912,True
KAFKA-7940,True
KAFKA-7962,True
KAFKA-7990,True
KAFKA-7956,False
KAFKA-7972,False
KAFKA-7938,True
KAFKA-7937,True
KAFKA-7961,True
KAFKA-7959,True
KAFKA-7672,True
KAFKA-7864,False
KAFKA-7492,False
KAFKA-7763,True
KAFKA-6161,False
KAFKA-7930,False
KAFKA-7933,False
KAFKA-7283,False
KAFKA-4730,False
KAFKA-7945,True
KAFKA-7920,True
KAFKA-7834,False
KAFKA-7909,True
KAFKA-7799,False
KAFKA-7487,False
KAFKA-7935,True
KAFKA-6569,True
KAFKA-7758,False
KAFKA-7884,True
KAFKA-7811,False
KAFKA-7916,False
KAFKA-7921,True
KAFKA-7440,False
KAFKA-7401,True
KAFKA-7897,True
KAFKA-7896,True
KAFKA-7236,False
KAFKA-7915,True
KAFKA-7741,True
KAFKA-7902,True
KAFKA-7540,True
KAFKA-7828,False
KAFKA-7890,True
KAFKA-7804,False
KAFKA-7832,False
KAFKA-7766,False
KAFKA-7798,False
KAFKA-7641,False
KAFKA-7873,True
KAFKA-7433,False
KAFKA-7719,False
KAFKA-7859,False
KAFKA-4217,False
KAFKA-7837,False
KAFKA-7838,False
KAFKA-5692,False
KAFKA-7693,True
KAFKA-7692,True
KAFKA-7793,False
KAFKA-6833,True
KAFKA-4850,False
KAFKA-5117,True
KAFKA-7844,True
KAFKA-7829,False
KAFKA-7738,False
KAFKA-7824,False
KAFKA-7792,False
KAFKA-7391,True
KAFKA-7461,False
KAFKA-7503,False
KAFKA-4453,False
KAFKA-7781,True
KAFKA-7609,False
KAFKA-7808,True
KAFKA-7790,False
KAFKA-6627,True
KAFKA-5994,False
KAFKA-7786,True
KAFKA-7253,True
KAFKA-7768,True
KAFKA-7051,True
KAFKA-7755,True
KAFKA-7657,True
KAFKA-7110,True
KAFKA-6928,True
KAFKA-7510,False
KAFKA-7752,True
KAFKA-7734,False
KAFKA-6431,False
KAFKA-5503,True
KAFKA-3832,True
KAFKA-7054,False
KAFKA-7759,True
KAFKA-7762,False
KAFKA-7742,True
KAFKA-7616,True
KAFKA-2334,True
KAFKA-7655,True
KAFKA-7223,True
KAFKA-7712,True
KAFKA-7705,True
KAFKA-6970,True
KAFKA-7443,True
KAFKA-7610,False
KAFKA-7549,True
KAFKA-6036,True
KAFKA-7709,True
KAFKA-6388,True
KAFKA-7704,True
KAFKA-7660,True
KAFKA-7678,True
KAFKA-7420,True
KAFKA-7697,True
KAFKA-7687,False
KAFKA-7702,True
KAFKA-7446,False
KAFKA-7235,True
KAFKA-4544,False
KAFKA-7389,False
KAFKA-7617,False
KAFKA-7551,False
KAFKA-7259,False
KAFKA-7671,False
KAFKA-7037,True
KAFKA-7620,True
KAFKA-7367,False
KAFKA-7597,False
KAFKA-7418,False
KAFKA-7528,False
KAFKA-7536,True
KAFKA-6567,False
KAFKA-7402,False
KAFKA-7576,True
KAFKA-6774,True
KAFKA-7584,False
KAFKA-7514,False
KAFKA-7605,True
KAFKA-7612,False
KAFKA-7518,True
KAFKA-7557,True
KAFKA-7564,False
KAFKA-7412,True
KAFKA-7165,True
KAFKA-7604,True
KAFKA-7431,False
KAFKA-7560,True
KAFKA-7481,True
KAFKA-7313,False
KAFKA-7559,False
KAFKA-7561,True
KAFKA-7568,False
KAFKA-7567,False
KAFKA-7515,False
KAFKA-7413,False
KAFKA-7524,False
KAFKA-7534,True
KAFKA-7352,False
KAFKA-7532,True
KAFKA-7535,True
KAFKA-5462,True
KAFKA-7299,False
KAFKA-7519,True
KAFKA-7501,True
KAFKA-7131,False
KAFKA-7464,True
KAFKA-7505,True
KAFKA-7080,True
KAFKA-7513,True
KAFKA-7496,True
KAFKA-6764,True
KAFKA-7498,True
KAFKA-6195,True
KAFKA-7485,True
KAFKA-7482,True
KAFKA-6863,True
KAFKA-7475,False
KAFKA-4932,False
KAFKA-7439,False
KAFKA-4514,False
KAFKA-7483,True
KAFKA-3097,True
KAFKA-7477,False
KAFKA-7366,True
KAFKA-7198,True
KAFKA-7478,False
KAFKA-7215,False
KAFKA-7462,True
KAFKA-7415,True
KAFKA-7484,True
KAFKA-7395,True
KAFKA-6914,False
KAFKA-7467,True
KAFKA-7476,True
KAFKA-7441,False
KAFKA-7277,False
KAFKA-7196,True
KAFKA-6123,True
KAFKA-7429,False
KAFKA-7406,False
KAFKA-7456,False
KAFKA-7460,True
KAFKA-7459,True
KAFKA-3514,True
KAFKA-7434,True
KAFKA-7454,True
KAFKA-7453,True
KAFKA-6620,True
KAFKA-7409,True
KAFKA-7414,False
KAFKA-7437,False
KAFKA-7428,False
KAFKA-7216,True
KAFKA-7403,True
KAFKA-5066,True
KAFKA-7430,False
KAFKA-7400,True
KAFKA-6923,False
KAFKA-7399,False
KAFKA-7388,True
KAFKA-7332,False
KAFKA-7322,True
KAFKA-5690,True
KAFKA-7280,True
KAFKA-7394,False
KAFKA-7386,True
KAFKA-7396,False
KAFKA-7044,True
KAFKA-7096,False
KAFKA-5887,False
KAFKA-7333,True
KAFKA-7286,True
KAFKA-7385,True
KAFKA-7117,False
KAFKA-6082,False
KAFKA-7353,True
KAFKA-7211,False
KAFKA-7372,False
KAFKA-7326,False
KAFKA-7369,True
KAFKA-7287,True
KAFKA-6950,False
KAFKA-6859,True
KAFKA-7338,False
KAFKA-7354,True
KAFKA-7134,True
KAFKA-7324,True
KAFKA-7242,True
KAFKA-7128,True
KAFKA-7164,True
KAFKA-7347,True
KAFKA-7139,False
KAFKA-7309,False
KAFKA-7240,True
KAFKA-5975,True
KAFKA-7225,True
KAFKA-7316,True
KAFKA-6343,True
KAFKA-7301,True
KAFKA-7063,False
KAFKA-6753,False
KAFKA-7284,True
KAFKA-5891,True
KAFKA-6312,False
KAFKA-7311,True
KAFKA-7278,True
KAFKA-6835,False
KAFKA-7298,True
KAFKA-7210,False
KAFKA-7308,False
KAFKA-6998,False
KAFKA-7296,True
KAFKA-7119,True
KAFKA-7285,False
KAFKA-6761,False
KAFKA-7019,False
KAFKA-7169,False
KAFKA-7222,True
KAFKA-7266,False
KAFKA-5638,True
KAFKA-7261,True
KAFKA-7140,False
KAFKA-6966,True
KAFKA-7147,False
KAFKA-6751,False
KAFKA-7250,True
KAFKA-4950,True
KAFKA-7158,True
KAFKA-7255,True
KAFKA-7247,True
KAFKA-7207,False
KAFKA-5928,False
KAFKA-7142,False
KAFKA-7183,False
KAFKA-6648,True
KAFKA-7228,False
KAFKA-7231,True
KAFKA-7161,False
KAFKA-7144,True
KAFKA-7180,True
KAFKA-6999,False
KAFKA-6432,False
KAFKA-7126,False
KAFKA-5886,True
KAFKA-7195,False
KAFKA-7194,True
KAFKA-7193,True
KAFKA-7152,False
KAFKA-6897,True
KAFKA-7177,False
KAFKA-6944,False
KAFKA-7185,True
KAFKA-5037,True
KAFKA-7141,True
KAFKA-3702,True
KAFKA-7098,False
KAFKA-7182,True
KAFKA-4994,True
KAFKA-7168,True
KAFKA-5098,True
KAFKA-7103,True
KAFKA-4041,True
KAFKA-6884,False
KAFKA-6292,True
KAFKA-7136,True
KAFKA-7101,False
KAFKA-6986,False
KAFKA-7111,True
KAFKA-7028,True
KAFKA-7097,True
KAFKA-6809,True
KAFKA-7104,True
KAFKA-7091,False
KAFKA-7076,True
KAFKA-6949,True
KAFKA-6591,False
KAFKA-6978,False
KAFKA-4682,True
KAFKA-7082,True
KAFKA-6800,False
KAFKA-7072,True
KAFKA-6546,False
KAFKA-7012,True
KAFKA-6697,True
KAFKA-7066,False
KAFKA-2983,True
KAFKA-7067,True
KAFKA-6805,False
KAFKA-7048,True
KAFKA-7068,True
KAFKA-7058,True
KAFKA-7047,True
KAFKA-7039,True
KAFKA-7056,True
KAFKA-6975,True
KAFKA-7021,True
KAFKA-7032,True
KAFKA-6360,True
KAFKA-7055,True
KAFKA-6711,True
KAFKA-7010,False
KAFKA-7030,False
KAFKA-7050,False
KAFKA-6860,True
KAFKA-6749,True
KAFKA-7009,False
KAFKA-7031,True
KAFKA-7043,True
KAFKA-6906,True
KAFKA-6264,True
KAFKA-6634,False
KAFKA-6979,False
KAFKA-6205,False
KAFKA-7007,False
KAFKA-6782,True
KAFKA-7023,True
KAFKA-6747,True
KAFKA-6562,False
KAFKA-7029,True
KAFKA-7003,False
KAFKA-7005,False
KAFKA-6946,False
KAFKA-5697,True
KAFKA-7006,False
KAFKA-7011,False
KAFKA-7002,False
KAFKA-7001,False
KAFKA-6935,False
KAFKA-6991,True
KAFKA-6538,False
KAFKA-6967,True
KAFKA-6993,True
KAFKA-6593,True
KAFKA-6841,False
KAFKA-6726,False
KAFKA-5588,True
KAFKA-6997,False
KAFKA-6981,True
KAFKA-6704,True
KAFKA-6750,False
KAFKA-3665,True
KAFKA-6938,False
KAFKA-6813,False
KAFKA-5919,True
KAFKA-6925,True
KAFKA-5523,True
KAFKA-6912,False
KAFKA-6743,True
KAFKA-6955,False
KAFKA-6760,False
KAFKA-6973,True
KAFKA-6936,True
KAFKA-6927,True
KAFKA-6054,True
KAFKA-6886,True
KAFKA-4936,True
KAFKA-6738,False
KAFKA-6957,False
KAFKA-6028,False
KAFKA-6608,True
KAFKA-6617,False
KAFKA-6776,False
KAFKA-6913,False
KAFKA-5540,True
KAFKA-6916,False
KAFKA-2951,False
KAFKA-6937,True
KAFKA-6930,False
KAFKA-2061,False
KAFKA-6921,False
KAFKA-6911,False
KAFKA-6850,True
KAFKA-5807,True
KAFKA-4423,False
KAFKA-6685,False
KAFKA-6868,True
KAFKA-6729,True
KAFKA-6905,False
KAFKA-6849,False
KAFKA-6917,False
KAFKA-6566,True
KAFKA-6896,False
KAFKA-3473,False
KAFKA-6857,True
KAFKA-6307,True
KAFKA-6394,True
KAFKA-5965,False
KAFKA-6894,True
KAFKA-6893,True
KAFKA-6870,True
KAFKA-6765,True
KAFKA-6878,True
KAFKA-6299,True
KAFKA-6834,True
KAFKA-6877,True
KAFKA-6879,True
KAFKA-6628,False
KAFKA-6871,True
KAFKA-6867,False
KAFKA-6844,True
KAFKA-6854,False
KAFKA-6853,True
KAFKA-6829,True
KAFKA-6657,False
KAFKA-6825,True
KAFKA-6526,False
KAFKA-6810,False
KAFKA-3417,True
KAFKA-6535,True
KAFKA-6785,False
KAFKA-6778,True
KAFKA-6795,False
KAFKA-6826,True
KAFKA-6796,True
KAFKA-6376,False
KAFKA-6677,True
KAFKA-6670,False
KAFKA-5253,True
KAFKA-6802,False
KAFKA-6775,True
KAFKA-3365,False
KAFKA-6772,False
KAFKA-6770,False
KAFKA-6742,True
KAFKA-6650,True
KAFKA-6727,False
KAFKA-6514,False
KAFKA-6771,False
KAFKA-6696,False
KAFKA-6592,True
KAFKA-6611,False
KAFKA-6058,False
KAFKA-6790,True
KAFKA-6234,True
KAFKA-6773,True
KAFKA-6447,False
KAFKA-6752,True
KAFKA-4883,True
KAFKA-6768,True
KAFKA-6688,False
KAFKA-6576,False
KAFKA-6748,True
KAFKA-6741,True
KAFKA-6694,False
KAFKA-4292,False
KAFKA-6560,False
KAFKA-6739,True
KAFKA-6728,True
KAFKA-6731,True
KAFKA-5674,False
KAFKA-6732,True
KAFKA-4914,True
KAFKA-6630,False
KAFKA-6707,False
KAFKA-6702,False
KAFKA-6724,True
KAFKA-6716,False
KAFKA-6386,True
KAFKA-6473,False
KAFKA-6446,True
KAFKA-6052,True
KAFKA-6710,True
KAFKA-6637,True
KAFKA-6612,False
KAFKA-6683,True
KAFKA-6659,False
KAFKA-6676,True
KAFKA-6486,False
KAFKA-6530,True
KAFKA-6672,True
KAFKA-6658,True
KAFKA-6454,False
KAFKA-6663,True
KAFKA-6661,True
KAFKA-6106,False
KAFKA-6656,True
KAFKA-6653,True
KAFKA-4831,True
KAFKA-6640,False
KAFKA-3978,True
KAFKA-6024,False
KAFKA-6624,True
KAFKA-3368,False
KAFKA-6622,True
KAFKA-5660,False
KAFKA-6615,False
KAFKA-3806,True
KAFKA-6309,False
KAFKA-6606,True
KAFKA-6111,False
KAFKA-6534,True
KAFKA-5327,False
KAFKA-6057,False
KAFKA-6590,True
KAFKA-6371,True
KAFKA-6578,True
KAFKA-6577,True
KAFKA-6238,True
KAFKA-6573,True
KAFKA-4651,False
KAFKA-5624,True
KAFKA-6568,True
KAFKA-6554,True
KAFKA-6430,False
KAFKA-6536,True
KAFKA-6424,False
KAFKA-6517,True
KAFKA-6512,True
KAFKA-6481,False
KAFKA-6503,True
KAFKA-6476,False
KAFKA-6364,False
KAFKA-6397,True
KAFKA-5996,True
KAFKA-6511,True
KAFKA-6472,True
KAFKA-5944,False
KAFKA-6552,True
KAFKA-5550,True
KAFKA-6513,True
KAFKA-3625,True
KAFKA-6529,True
KAFKA-6501,False
KAFKA-6362,True
KAFKA-6405,False
KAFKA-6519,False
KAFKA-6254,False
KAFKA-4641,False
KAFKA-6367,True
KAFKA-6532,True
KAFKA-4750,True
KAFKA-6184,False
KAFKA-6504,True
KAFKA-6528,True
KAFKA-5987,False
KAFKA-6452,False
KAFKA-6253,True
KAFKA-6288,True
KAFKA-6246,False
KAFKA-6515,False
KAFKA-6494,False
KAFKA-6354,True
KAFKA-6489,True
KAFKA-6492,True
KAFKA-6487,True
KAFKA-6378,True
KAFKA-6499,False
KAFKA-6138,True
KAFKA-6275,False
KAFKA-5142,False
KAFKA-4930,True
KAFKA-6323,True
KAFKA-6018,True
KAFKA-4969,False
KAFKA-4029,False
KAFKA-6418,True
KAFKA-6166,True
KAFKA-6243,False
KAFKA-6345,True
KAFKA-6242,False
KAFKA-6148,True
KAFKA-6464,True
KAFKA-6451,True
KAFKA-6245,False
KAFKA-6244,False
KAFKA-6467,True
KAFKA-4991,True
KAFKA-6321,True
KAFKA-4897,True
KAFKA-6429,True
KAFKA-6180,True
KAFKA-6462,False
KAFKA-6287,True
KAFKA-6461,True
KAFKA-6241,False
KAFKA-6277,True
KAFKA-6366,True
KAFKA-6398,True
KAFKA-6456,False
KAFKA-6302,True
KAFKA-6382,False
KAFKA-6328,True
KAFKA-4218,False
KAFKA-4541,False
KAFKA-5890,True
KAFKA-6250,True
KAFKA-6265,True
KAFKA-6383,True
KAFKA-6412,False
KAFKA-4247,True
KAFKA-6096,False
KAFKA-6422,True
KAFKA-6363,True
KAFKA-6252,True
KAFKA-4335,True
KAFKA-6311,False
KAFKA-6298,True
KAFKA-6415,True
KAFKA-6256,True
KAFKA-6318,True
KAFKA-6269,True
KAFKA-6391,True
KAFKA-5368,True
KAFKA-5772,False
KAFKA-6390,True
KAFKA-6320,False
KAFKA-5895,False
KAFKA-6126,True
KAFKA-4263,True
KAFKA-5849,False
KAFKA-5647,False
KAFKA-5746,False
KAFKA-6331,True
KAFKA-6150,False
KAFKA-6317,False
KAFKA-6258,False
KAFKA-5473,True
KAFKA-5526,True
KAFKA-6086,False
KAFKA-6308,True
KAFKA-6102,False
KAFKA-6349,True
KAFKA-5764,False
KAFKA-5631,False
KAFKA-6319,True
KAFKA-6324,False
KAFKA-6334,True
KAFKA-6121,True
KAFKA-6289,True
KAFKA-4857,True
KAFKA-6313,True
KAFKA-6065,False
KAFKA-6193,False
KAFKA-6300,False
KAFKA-5520,False
KAFKA-6174,True
KAFKA-6118,True
KAFKA-6296,True
KAFKA-6260,True
KAFKA-6284,True
KAFKA-5936,True
KAFKA-6259,True
KAFKA-4499,False
KAFKA-4827,True
KAFKA-6255,False
KAFKA-6274,False
KAFKA-6170,True
KAFKA-5563,True
KAFKA-6261,True
KAFKA-6074,False
KAFKA-5646,False
KAFKA-1044,True
KAFKA-6214,True
KAFKA-4115,False
KAFKA-3073,True
KAFKA-6168,False
KAFKA-6247,True
KAFKA-6233,False
KAFKA-6122,True
KAFKA-6046,True
KAFKA-6218,False
KAFKA-5811,False
KAFKA-5925,False
KAFKA-6167,True
KAFKA-6210,True
KAFKA-6215,False
KAFKA-6175,False
KAFKA-6190,True
KAFKA-6164,True
KAFKA-6185,True
KAFKA-6156,True
KAFKA-6146,False
KAFKA-6179,True
KAFKA-5645,False
KAFKA-5894,False
KAFKA-6120,True
KAFKA-6115,True
KAFKA-6172,False
KAFKA-6157,False
KAFKA-6060,False
KAFKA-6072,False
KAFKA-5212,True
KAFKA-2903,True
KAFKA-6130,True
KAFKA-6073,False
KAFKA-6119,True
KAFKA-6134,True
KAFKA-6131,True
KAFKA-6100,True
KAFKA-5140,True
KAFKA-6042,True
KAFKA-6070,True
KAFKA-6101,True
KAFKA-6104,True
KAFKA-6093,True
KAFKA-6071,False
KAFKA-6087,True
KAFKA-6069,True
KAFKA-6051,True
KAFKA-5642,False
KAFKA-6023,True
KAFKA-5163,True
KAFKA-4504,False
KAFKA-6055,True
KAFKA-6053,True
KAFKA-5541,True
KAFKA-6025,False
KAFKA-6016,True
KAFKA-6027,True
KAFKA-6026,True
KAFKA-6030,True
KAFKA-6003,True
KAFKA-5565,False
KAFKA-5362,True
KAFKA-5829,True
KAFKA-5651,True
KAFKA-6015,True
KAFKA-5547,True
KAFKA-5953,True
KAFKA-5576,True
KAFKA-5989,True
KAFKA-5903,False
KAFKA-6012,True
KAFKA-5879,True
KAFKA-5767,True
KAFKA-5980,True
KAFKA-6010,True
KAFKA-5970,True
KAFKA-6008,True
KAFKA-5990,False
KAFKA-5856,False
KAFKA-6004,False
KAFKA-5967,True
KAFKA-4416,False
KAFKA-5738,False
KAFKA-4764,True
KAFKA-5864,True
KAFKA-5902,False
KAFKA-4108,False
KAFKA-6005,True
KAFKA-5843,True
KAFKA-5995,True
KAFKA-5758,True
KAFKA-5225,True
KAFKA-5495,False
KAFKA-5985,False
KAFKA-5986,True
KAFKA-5968,True
KAFKA-5932,False
KAFKA-5949,False
KAFKA-4593,False
KAFKA-5957,True
KAFKA-5888,False
KAFKA-5901,False
KAFKA-5976,True
KAFKA-5979,True
KAFKA-5960,True
KAFKA-5958,False
KAFKA-5867,True
KAFKA-5597,False
KAFKA-5750,False
KAFKA-5900,False
KAFKA-5679,True
KAFKA-5765,True
KAFKA-5695,False
KAFKA-3356,True
KAFKA-5862,True
KAFKA-5899,False
KAFKA-5959,True
KAFKA-5920,True
KAFKA-5915,False
KAFKA-5956,True
KAFKA-5330,False
KAFKA-5937,False
KAFKA-5913,False
KAFKA-5735,True
KAFKA-5954,True
KAFKA-5947,False
KAFKA-5922,False
KAFKA-5793,False
KAFKA-5854,False
KAFKA-5657,True
KAFKA-5358,False
KAFKA-5931,False
KAFKA-5839,False
KAFKA-5921,False
KAFKA-5918,True
KAFKA-5893,True
KAFKA-5833,True
KAFKA-5873,False
KAFKA-5515,False
KAFKA-5654,False
KAFKA-5754,False
KAFKA-5908,True
KAFKA-5822,False
KAFKA-5494,False
KAFKA-5783,True
KAFKA-4501,False
KAFKA-4468,True
KAFKA-5872,True
KAFKA-5655,False
KAFKA-5817,False
KAFKA-5763,False
KAFKA-5816,False
KAFKA-5531,False
KAFKA-5792,True
KAFKA-5852,False
KAFKA-5742,False
KAFKA-5708,True
KAFKA-5790,True
KAFKA-5815,False
KAFKA-5797,True
KAFKA-5853,False
KAFKA-5656,True
KAFKA-4260,True
KAFKA-5832,False
KAFKA-5820,True
KAFKA-5698,True
KAFKA-4585,True
KAFKA-5777,False
KAFKA-5844,False
KAFKA-5650,False
KAFKA-5726,False
KAFKA-5756,True
KAFKA-5819,False
KAFKA-5823,False
KAFKA-5837,True
KAFKA-4860,True
KAFKA-5603,True
KAFKA-4819,False
KAFKA-5818,True
KAFKA-5694,True
KAFKA-5659,True
KAFKA-5759,True
KAFKA-5806,False
KAFKA-2105,True
KAFKA-5379,True
KAFKA-5804,True
KAFKA-5762,False
KAFKA-5768,True
KAFKA-5787,True
KAFKA-5720,True
KAFKA-4380,False
KAFKA-3989,False
KAFKA-5620,True
KAFKA-5749,False
KAFKA-5776,False
KAFKA-5755,False
KAFKA-5771,True
KAFKA-4869,True
KAFKA-5342,False
KAFKA-5644,True
KAFKA-5417,True
KAFKA-5731,True
KAFKA-5152,True
KAFKA-5752,True
KAFKA-4856,True
KAFKA-5689,False
KAFKA-5743,False
KAFKA-5747,True
KAFKA-5753,True
KAFKA-5725,False
KAFKA-5668,True
KAFKA-5745,True
KAFKA-5744,False
KAFKA-5730,True
KAFKA-5733,True
KAFKA-5567,True
KAFKA-5737,True
KAFKA-5727,False
KAFKA-4643,False
KAFKA-5595,True
KAFKA-5673,False
KAFKA-5562,True
KAFKA-5702,True
KAFKA-5711,True
KAFKA-5077,False
KAFKA-5507,True
KAFKA-5470,False
KAFKA-5629,False
KAFKA-5717,True
KAFKA-5704,True
KAFKA-2360,True
KAFKA-5658,True
KAFKA-5701,True
KAFKA-5516,False
KAFKA-5700,True
KAFKA-5643,True
KAFKA-5602,False
KAFKA-5535,True
KAFKA-5388,False
KAFKA-5619,True
KAFKA-5599,True
KAFKA-5461,False
KAFKA-2507,False
KAFKA-5663,True
KAFKA-5671,False
KAFKA-5006,False
KAFKA-5096,False
KAFKA-3623,True
KAFKA-5454,False
KAFKA-5630,True
KAFKA-5670,False
KAFKA-5363,False
KAFKA-5341,False
KAFKA-5634,True
KAFKA-5549,False
KAFKA-1595,False
KAFKA-5611,True
KAFKA-5501,False
KAFKA-4602,False
KAFKA-5627,False
KAFKA-4711,True
KAFKA-3856,True
KAFKA-4763,False
KAFKA-5481,True
KAFKA-5512,True
KAFKA-5608,True
KAFKA-3741,False
KAFKA-5468,False
KAFKA-5431,True
KAFKA-5410,False
KAFKA-5623,True
KAFKA-5534,True
KAFKA-5610,True
KAFKA-5556,True
KAFKA-4830,True
KAFKA-5134,False
KAFKA-5384,True
KAFKA-5587,True
KAFKA-5600,True
KAFKA-5579,True
KAFKA-5127,True
KAFKA-5584,True
KAFKA-5566,True
KAFKA-5157,True
KAFKA-5464,True
KAFKA-5508,True
KAFKA-5372,True
KAFKA-5557,False
KAFKA-5167,True
KAFKA-5525,False
KAFKA-5469,True
KAFKA-5548,True
KAFKA-5522,False
KAFKA-5542,False
KAFKA-5020,False
KAFKA-5485,True
KAFKA-5544,True
KAFKA-5484,True
KAFKA-5402,True
KAFKA-5490,False
KAFKA-5233,True
KAFKA-5032,False
KAFKA-5413,True
KAFKA-5506,True
KAFKA-5487,True
KAFKA-4829,False
KAFKA-4653,False
KAFKA-4656,False
KAFKA-4913,True
KAFKA-5502,False
KAFKA-5498,True
KAFKA-4658,False
KAFKA-4655,False
KAFKA-4059,True
KAFKA-5486,True
KAFKA-4785,True
KAFKA-4659,False
KAFKA-5474,True
KAFKA-5491,True
KAFKA-5475,True
KAFKA-5477,True
KAFKA-5472,True
KAFKA-5021,False
KAFKA-5290,True
KAFKA-5412,True
KAFKA-5455,True
KAFKA-5435,False
KAFKA-5031,False
KAFKA-5463,True
KAFKA-5446,False
KAFKA-5456,True
KAFKA-5457,True
KAFKA-5449,True
KAFKA-5442,True
KAFKA-5275,False
KAFKA-5450,True
KAFKA-5448,True
KAFKA-5443,False
KAFKA-5361,True
KAFKA-5274,False
KAFKA-5354,True
KAFKA-5438,False
KAFKA-5439,False
KAFKA-5418,True
KAFKA-5428,False
KAFKA-5429,False
KAFKA-5437,False
KAFKA-5427,False
KAFKA-3123,True
KAFKA-5404,True
KAFKA-5416,True
KAFKA-5433,True
KAFKA-5405,False
KAFKA-4661,False
KAFKA-5415,True
KAFKA-5422,True
KAFKA-5414,True
KAFKA-5411,False
KAFKA-5357,False
KAFKA-5391,False
KAFKA-5314,False
KAFKA-5329,True
KAFKA-5292,True
KAFKA-5385,True
KAFKA-5389,False
KAFKA-5394,True
KAFKA-5378,False
KAFKA-5395,True
KAFKA-5380,True
KAFKA-5366,False
KAFKA-4942,True
KAFKA-4948,True
KAFKA-5364,False
KAFKA-5051,True
KAFKA-5239,True
KAFKA-5325,True
KAFKA-5376,False
KAFKA-5112,False
KAFKA-5355,True
KAFKA-5371,False
KAFKA-4291,False
KAFKA-5019,False
KAFKA-5374,True
KAFKA-5272,False
KAFKA-5373,True
KAFKA-5322,False
KAFKA-5236,True
KAFKA-3982,True
KAFKA-5164,True
KAFKA-5345,True
KAFKA-3264,False
KAFKA-5282,False
KAFKA-5365,False
KAFKA-5311,False
KAFKA-5283,False
KAFKA-5229,True
KAFKA-5154,True
KAFKA-5293,True
KAFKA-5150,True
KAFKA-5281,False
KAFKA-5360,True
KAFKA-4459,True
KAFKA-4956,False
KAFKA-5316,True
KAFKA-5351,False
KAFKA-5340,False
KAFKA-5226,True
KAFKA-5350,True
KAFKA-5291,False
KAFKA-5353,True
KAFKA-5218,False
KAFKA-5093,False
KAFKA-5265,True
KAFKA-5349,True
KAFKA-5266,True
KAFKA-5308,False
KAFKA-5211,True
KAFKA-5251,False
KAFKA-5324,True
KAFKA-5202,False
KAFKA-4603,True
KAFKA-5344,True
KAFKA-5278,True
KAFKA-5260,False
KAFKA-5338,True
KAFKA-5191,False
KAFKA-4660,False
KAFKA-5333,False
KAFKA-5128,False
KAFKA-5309,True
KAFKA-5147,False
KAFKA-5320,False
KAFKA-5279,False
KAFKA-5263,True
KAFKA-4935,False
KAFKA-4208,True
KAFKA-4144,True
KAFKA-5259,False
KAFKA-3995,False
KAFKA-5273,False
KAFKA-5081,True
KAFKA-5135,True
KAFKA-5310,False
KAFKA-5280,False
KAFKA-5247,False
KAFKA-5186,False
KAFKA-5277,False
KAFKA-5303,True
KAFKA-5289,True
KAFKA-5294,True
KAFKA-4923,True
KAFKA-5269,False
KAFKA-4714,True
KAFKA-3878,True
KAFKA-5192,False
KAFKA-4667,True
KAFKA-5250,True
KAFKA-3070,True
KAFKA-5033,False
KAFKA-5171,False
KAFKA-5268,False
KAFKA-3487,False
KAFKA-5258,False
KAFKA-4222,False
KAFKA-5210,False
KAFKA-3267,False
KAFKA-2273,True
KAFKA-3266,True
KAFKA-5036,False
KAFKA-5231,False
KAFKA-5188,False
KAFKA-4743,True
KAFKA-4772,True
KAFKA-5182,False
KAFKA-4957,False
KAFKA-5166,False
KAFKA-5241,True
KAFKA-5129,False
KAFKA-5215,True
KAFKA-5175,False
KAFKA-5252,False
KAFKA-5249,False
KAFKA-5179,True
KAFKA-5244,True
KAFKA-5248,False
KAFKA-5205,True
KAFKA-5206,True
KAFKA-5203,True
KAFKA-5232,True
KAFKA-5118,False
KAFKA-5230,True
KAFKA-5180,False
KAFKA-4982,False
KAFKA-5227,False
KAFKA-5198,True
KAFKA-4965,False
KAFKA-5216,True
KAFKA-5160,False
KAFKA-5130,False
KAFKA-5196,False
KAFKA-5132,False
KAFKA-5194,False
KAFKA-4881,False
KAFKA-4317,False
KAFKA-5078,True
KAFKA-5713,False
KAFKA-4343,True
KAFKA-5213,True
KAFKA-5184,False
KAFKA-5099,True
KAFKA-5063,True
KAFKA-4927,True
KAFKA-5126,False
KAFKA-5176,False
KAFKA-3763,False
KAFKA-3353,True
KAFKA-5174,True
KAFKA-4839,False
KAFKA-5172,True
KAFKA-5121,False
KAFKA-5143,True
KAFKA-5169,True
KAFKA-5170,True
KAFKA-5161,False
KAFKA-5137,False
KAFKA-5162,False
KAFKA-4996,True
KAFKA-5104,False
KAFKA-4925,True
KAFKA-5045,True
KAFKA-5055,True
KAFKA-5144,True
KAFKA-4703,False
KAFKA-3754,True
KAFKA-5131,False
KAFKA-5107,False
KAFKA-4623,
KAFKA-5136,False
KAFKA-5059,False
KAFKA-3265,True
KAFKA-5091,False
KAFKA-4954,False
KAFKA-5097,True
KAFKA-4986,False
KAFKA-4379,False
KAFKA-5111,False
KAFKA-5005,True
KAFKA-5101,True
KAFKA-5119,True
KAFKA-5086,True
KAFKA-4818,False
KAFKA-5028,False
KAFKA-5108,False
KAFKA-5124,True
KAFKA-4840,True
KAFKA-4755,True
KAFKA-4564,True
KAFKA-5090,True
KAFKA-5100,True
KAFKA-5094,False
KAFKA-5088,True
KAFKA-4980,True
KAFKA-5095,True
KAFKA-5073,True
KAFKA-5047,True
KAFKA-5014,True
KAFKA-4937,True
KAFKA-4814,True
KAFKA-5068,False
KAFKA-5049,True
KAFKA-5069,False
KAFKA-5075,True
KAFKA-5038,True
KAFKA-5013,True
KAFKA-4866,True
KAFKA-5043,True
KAFKA-5052,False
KAFKA-4943,False
KAFKA-5042,True
KAFKA-5040,True
KAFKA-4899,True
KAFKA-4990,False
KAFKA-4995,True
KAFKA-4916,True
KAFKA-5003,True
KAFKA-4901,True
KAFKA-4929,True
KAFKA-4993,True
KAFKA-4837,True
KAFKA-4810,True
KAFKA-4855,True
KAFKA-4977,True
KAFKA-4878,True
KAFKA-4817,False
KAFKA-4964,True
KAFKA-4689,True
KAFKA-4791,True
KAFKA-4973,False
KAFKA-4902,True
KAFKA-4843,False
KAFKA-1449,False
KAFKA-4944,True
KAFKA-4945,True
KAFKA-4903,True
KAFKA-4574,False
KAFKA-4959,True
KAFKA-4586,False
KAFKA-4569,False
KAFKA-4575,True
KAFKA-4816,True
KAFKA-4919,True
KAFKA-4924,True
KAFKA-4863,True
KAFKA-4594,True
KAFKA-4848,True
KAFKA-4894,True
KAFKA-4607,True
KAFKA-4895,True
KAFKA-4859,True
KAFKA-4885,True
KAFKA-4631,True
KAFKA-4783,True
KAFKA-4891,True
KAFKA-4657,False
KAFKA-4769,False
KAFKA-4738,True
KAFKA-4861,True
KAFKA-4467,False
KAFKA-4864,True
KAFKA-4745,True
KAFKA-4722,False
KAFKA-4841,True
KAFKA-4851,True
KAFKA-4251,True
KAFKA-3155,False
KAFKA-4266,False
KAFKA-4828,True
KAFKA-4567,True
KAFKA-4276,False
KAFKA-4826,True
KAFKA-4820,True
KAFKA-3182,False
KAFKA-4796,True
KAFKA-2857,True
KAFKA-4800,True
KAFKA-4652,False
KAFKA-2358,False
KAFKA-4677,True
KAFKA-4773,True
KAFKA-4789,True
KAFKA-4809,True
KAFKA-4744,True
KAFKA-4806,True
KAFKA-4494,True
KAFKA-4779,True
KAFKA-4198,False
KAFKA-4788,True
KAFKA-4786,False
KAFKA-4708,True
KAFKA-4757,True
KAFKA-4752,True
KAFKA-4776,True
KAFKA-4777,True
KAFKA-4774,False
KAFKA-4340,True
KAFKA-4775,False
KAFKA-4484,True
KAFKA-4709,False
KAFKA-4765,True
KAFKA-4720,False
KAFKA-4761,True
KAFKA-4756,True
KAFKA-4758,True
KAFKA-4525,True
KAFKA-4617,True
KAFKA-4654,False
KAFKA-4716,True
KAFKA-4749,True
KAFKA-4702,False
KAFKA-4648,False
KAFKA-4741,True
KAFKA-4733,False
KAFKA-4725,True
KAFKA-4734,False
KAFKA-4727,False
KAFKA-4735,True
KAFKA-4441,True
KAFKA-4728,True
KAFKA-4461,True
KAFKA-4724,True
KAFKA-4558,True
KAFKA-3452,False
KAFKA-4646,False
KAFKA-4649,False
KAFKA-4662,False
KAFKA-4039,True
KAFKA-4719,True
KAFKA-3896,False
KAFKA-4645,False
KAFKA-4647,False
KAFKA-4642,False
KAFKA-3959,True
KAFKA-4717,True
KAFKA-2955,False
KAFKA-4613,False
KAFKA-4679,False
KAFKA-4450,True
KAFKA-4635,False
KAFKA-4557,True
KAFKA-4664,False
KAFKA-4704,True
KAFKA-4644,False
KAFKA-4578,False
KAFKA-4636,True
KAFKA-4700,True
KAFKA-4699,True
KAFKA-4630,False
KAFKA-4684,False
KAFKA-4597,True
KAFKA-4698,True
KAFKA-3502,True
KAFKA-2000,True
KAFKA-4596,True
KAFKA-3835,True
KAFKA-4547,True
KAFKA-4229,True
KAFKA-4673,True
KAFKA-4687,True
KAFKA-4548,False
KAFKA-4688,False
KAFKA-4576,True
KAFKA-4671,True
KAFKA-4633,True
KAFKA-4060,True
KAFKA-4672,True
KAFKA-3209,False
KAFKA-4432,True
KAFKA-4614,False
KAFKA-4589,False
KAFKA-4457,False
KAFKA-4568,False
KAFKA-4591,False
KAFKA-4588,False
KAFKA-4580,False
KAFKA-4590,False
KAFKA-4363,False
KAFKA-4619,True
KAFKA-4622,True
KAFKA-3857,False
KAFKA-3853,True
KAFKA-4381,False
KAFKA-3739,True
KAFKA-4627,True
KAFKA-4565,True
KAFKA-4626,False
KAFKA-4581,False
KAFKA-4490,False
KAFKA-4114,False
KAFKA-4180,True
KAFKA-4426,True
KAFKA-3715,False
KAFKA-4507,False
KAFKA-4481,True
KAFKA-3751,False
KAFKA-4551,True
KAFKA-4402,False
KAFKA-4465,False
KAFKA-4523,True
KAFKA-4508,False
KAFKA-4583,False
KAFKA-4434,True
KAFKA-4584,True
KAFKA-4261,False
KAFKA-4429,True
KAFKA-4404,False
KAFKA-4528,False
KAFKA-2434,False
KAFKA-4561,True
KAFKA-4318,True
KAFKA-4480,True
KAFKA-4351,True
KAFKA-4428,True
KAFKA-4549,True
KAFKA-4092,False
KAFKA-4527,True
KAFKA-4259,False
KAFKA-3284,False
KAFKA-3587,True
KAFKA-4485,True
KAFKA-4554,True
KAFKA-4540,True
KAFKA-4473,True
KAFKA-4500,False
KAFKA-4447,False
KAFKA-4526,True
KAFKA-4166,True
KAFKA-4553,True
KAFKA-4534,True
KAFKA-3600,False
KAFKA-4552,True
KAFKA-4539,True
KAFKA-4537,True
KAFKA-4451,True
KAFKA-4521,True
KAFKA-4529,True
KAFKA-4431,True
KAFKA-4532,True
KAFKA-4509,True
KAFKA-4390,False
KAFKA-4516,True
KAFKA-4405,True
KAFKA-4140,False
KAFKA-4497,True
KAFKA-4510,True
KAFKA-4476,True
KAFKA-4486,True
KAFKA-4393,False
KAFKA-4000,True
KAFKA-4272,True
KAFKA-4375,True
KAFKA-4392,True
KAFKA-4492,True
KAFKA-4445,False
KAFKA-4458,False
KAFKA-4306,True
KAFKA-4488,True
KAFKA-3994,True
KAFKA-4472,True
KAFKA-4205,True
KAFKA-4483,True
KAFKA-2247,False
KAFKA-4399,True
KAFKA-4161,False
KAFKA-3008,False
KAFKA-4443,True
KAFKA-4438,True
KAFKA-3637,False
KAFKA-4469,True
KAFKA-4271,True
KAFKA-1911,True
KAFKA-4387,True
KAFKA-4403,True
KAFKA-4397,False
KAFKA-4415,True
KAFKA-4427,True
KAFKA-4384,True
KAFKA-4331,False
KAFKA-4345,True
KAFKA-4311,True
KAFKA-4361,True
KAFKA-4395,True
KAFKA-4362,True
KAFKA-4355,True
KAFKA-3703,True
KAFKA-4420,False
KAFKA-4377,False
KAFKA-4417,False
KAFKA-3825,True
KAFKA-4366,True
KAFKA-4376,True
KAFKA-4211,False
KAFKA-4359,False
KAFKA-2066,False
KAFKA-4409,True
KAFKA-3829,False
KAFKA-4081,True
KAFKA-4364,True
KAFKA-4360,True
KAFKA-4269,True
KAFKA-4284,True
KAFKA-4372,True
KAFKA-4024,True
KAFKA-4357,True
KAFKA-4352,False
KAFKA-4302,False
KAFKA-3559,False
KAFKA-4117,True
KAFKA-4326,False
KAFKA-4349,True
KAFKA-4301,False
KAFKA-4339,True
KAFKA-2089,False
KAFKA-3144,True
KAFKA-4296,True
KAFKA-4309,True
KAFKA-4001,True
KAFKA-4313,True
KAFKA-4250,False
KAFKA-4312,True
KAFKA-4319,False
KAFKA-4310,False
KAFKA-4275,True
KAFKA-4303,True
KAFKA-4298,True
KAFKA-4254,True
KAFKA-4300,True
KAFKA-4025,True
KAFKA-4289,True
KAFKA-4283,True
KAFKA-4130,True
KAFKA-4290,True
KAFKA-4010,False
KAFKA-3175,True
KAFKA-4244,False
KAFKA-4265,True
KAFKA-4274,True
KAFKA-4262,True
KAFKA-4267,True
KAFKA-4252,True
KAFKA-4253,True
KAFKA-3985,False
KAFKA-4176,True
KAFKA-4165,False
KAFKA-4019,True
KAFKA-4248,True
KAFKA-4241,True
KAFKA-3396,True
KAFKA-3824,False
KAFKA-4234,True
KAFKA-3930,True
KAFKA-4058,False
KAFKA-4213,False
KAFKA-4233,True
KAFKA-4235,True
KAFKA-4225,True
KAFKA-4223,True
KAFKA-3697,False
KAFKA-3965,True
KAFKA-4216,True
KAFKA-4194,False
KAFKA-4209,False
KAFKA-4227,True
KAFKA-3708,False
KAFKA-4177,False
KAFKA-4200,True
KAFKA-3831,True
KAFKA-4214,True
KAFKA-4055,False
KAFKA-3282,False
KAFKA-4151,False
KAFKA-3719,True
KAFKA-3590,True
KAFKA-3782,True
KAFKA-4197,True
KAFKA-4184,True
KAFKA-4193,True
KAFKA-4148,False
KAFKA-4153,True
KAFKA-4135,True
KAFKA-3283,False
KAFKA-4100,True
KAFKA-4183,True
KAFKA-4173,True
KAFKA-4079,False
KAFKA-4163,True
KAFKA-4175,True
KAFKA-2063,True
KAFKA-4157,True
KAFKA-3492,False
KAFKA-4093,False
KAFKA-3776,False
KAFKA-1464,False
KAFKA-4131,True
KAFKA-4160,True
KAFKA-4172,True
KAFKA-4162,True
KAFKA-4158,True
KAFKA-2311,True
KAFKA-1981,False
KAFKA-4147,False
KAFKA-4145,False
KAFKA-3807,True
KAFKA-4033,True
KAFKA-4139,True
KAFKA-3595,False
KAFKA-4123,True
KAFKA-3129,True
KAFKA-4129,True
KAFKA-4023,True
KAFKA-4105,True
KAFKA-4099,True
KAFKA-4104,True
KAFKA-4112,False
KAFKA-4077,True
KAFKA-4103,True
KAFKA-3799,False
KAFKA-4062,False
KAFKA-4098,True
KAFKA-4042,True
KAFKA-3742,True
KAFKA-4070,False
KAFKA-4052,False
KAFKA-4015,False
KAFKA-4082,True
KAFKA-3937,True
KAFKA-2894,True
KAFKA-3680,False
KAFKA-4073,True
KAFKA-3916,True
KAFKA-4032,True
KAFKA-4049,False
KAFKA-4051,True
KAFKA-4066,True
KAFKA-3894,True
KAFKA-3163,False
KAFKA-3949,True
KAFKA-4016,False
KAFKA-4053,False
KAFKA-4056,True
KAFKA-4050,False
KAFKA-3845,False
KAFKA-4037,True
KAFKA-4038,False
KAFKA-3888,True
KAFKA-4044,False
KAFKA-3769,True
KAFKA-4035,True
KAFKA-2946,False
KAFKA-4034,True
KAFKA-3997,False
KAFKA-4012,False
KAFKA-3847,False
KAFKA-4031,True
KAFKA-3914,False
KAFKA-3936,False
KAFKA-3934,True
KAFKA-3954,False
KAFKA-4013,False
KAFKA-3479,False
KAFKA-2932,True
KAFKA-4002,True
KAFKA-3809,True
KAFKA-3817,True
KAFKA-3875,False
KAFKA-4018,True
KAFKA-3945,True
KAFKA-3667,True
KAFKA-3929,True
KAFKA-4008,True
KAFKA-3950,True
KAFKA-3946,True
KAFKA-3852,True
KAFKA-3977,True
KAFKA-3851,True
KAFKA-3185,True
KAFKA-3924,True
KAFKA-3996,True
KAFKA-3500,True
KAFKA-3935,True
KAFKA-3933,True
KAFKA-3960,True
KAFKA-3983,True
KAFKA-3911,False
KAFKA-3858,False
KAFKA-3740,True
KAFKA-3915,True
KAFKA-3812,True
KAFKA-3912,False
KAFKA-3922,False
KAFKA-3855,True
KAFKA-3870,False
KAFKA-3952,True
KAFKA-3905,False
KAFKA-3941,True
KAFKA-3931,False
KAFKA-2945,False
KAFKA-3887,True
KAFKA-3562,True
KAFKA-3942,False
KAFKA-3725,False
KAFKA-2941,True
KAFKA-3849,False
KAFKA-3844,False
KAFKA-3111,True
KAFKA-3920,False
KAFKA-3926,False
KAFKA-3836,True
KAFKA-3794,True
KAFKA-3802,True
KAFKA-3854,True
KAFKA-3902,True
KAFKA-3846,False
KAFKA-3890,True
KAFKA-3761,True
KAFKA-3842,False
KAFKA-3594,True
KAFKA-3863,False
KAFKA-3872,False
KAFKA-3176,False
KAFKA-3865,False
KAFKA-3864,True
KAFKA-3850,True
KAFKA-3810,True
KAFKA-3632,True
KAFKA-3735,True
KAFKA-3716,True
KAFKA-3838,False
KAFKA-3805,True
KAFKA-3691,True
KAFKA-3561,True
KAFKA-3840,True
KAFKA-2720,False
KAFKA-3443,False
KAFKA-3753,False
KAFKA-3830,True
KAFKA-3762,False
KAFKA-3699,False
KAFKA-3786,True
KAFKA-3711,False
KAFKA-3748,False
KAFKA-3501,True
KAFKA-3781,True
KAFKA-3783,True
KAFKA-724,False
KAFKA-2948,True
KAFKA-3771,False
KAFKA-3787,True
KAFKA-3789,True
KAFKA-3768,False
KAFKA-3645,True
KAFKA-3728,True
KAFKA-3784,True
KAFKA-3785,True
KAFKA-3774,True
KAFKA-3660,False
KAFKA-3773,True
KAFKA-3765,False
KAFKA-3158,False
KAFKA-3767,True
KAFKA-3678,False
KAFKA-3682,True
KAFKA-3749,False
KAFKA-3710,True
KAFKA-3723,True
KAFKA-3718,True
KAFKA-3732,False
KAFKA-3683,False
KAFKA-3747,False
KAFKA-3258,True
KAFKA-3393,True
KAFKA-2935,True
KAFKA-3717,True
KAFKA-3721,True
KAFKA-3704,False
KAFKA-3698,False
KAFKA-3565,True
KAFKA-3713,True
KAFKA-3584,True
KAFKA-3692,True
KAFKA-3520,False
KAFKA-3421,True
KAFKA-3583,False
KAFKA-3694,True
KAFKA-3690,True
KAFKA-3525,True
KAFKA-3684,True
KAFKA-3608,True
KAFKA-3676,False
KAFKA-3634,False
KAFKA-3658,True
KAFKA-3681,True
KAFKA-3662,False
KAFKA-3675,False
KAFKA-3674,True
KAFKA-3673,True
KAFKA-3579,False
KAFKA-3670,False
KAFKA-3160,True
KAFKA-3112,True
KAFKA-3655,True
KAFKA-3669,True
KAFKA-3592,False
KAFKA-3616,False
KAFKA-3666,False
KAFKA-3627,True
KAFKA-3651,True
KAFKA-3661,True
KAFKA-3581,True
KAFKA-3659,True
KAFKA-3527,True
KAFKA-3652,True
KAFKA-3639,True
KAFKA-2236,True
KAFKA-3642,True
KAFKA-2684,True
KAFKA-3654,True
KAFKA-3648,True
KAFKA-3448,True
KAFKA-3128,False
KAFKA-3650,True
KAFKA-3517,False
KAFKA-3640,False
KAFKA-3644,False
KAFKA-3459,True
KAFKA-3641,True
KAFKA-3440,False
KAFKA-3618,False
KAFKA-3578,False
KAFKA-3597,False
KAFKA-3615,False
KAFKA-3418,False
KAFKA-2693,False
KAFKA-3598,False
KAFKA-3613,False
KAFKA-3382,False
KAFKA-3636,False
KAFKA-3617,False
KAFKA-3611,False
KAFKA-3621,False
KAFKA-3631,True
KAFKA-3612,False
KAFKA-3307,False
KAFKA-3629,True
KAFKA-3580,False
KAFKA-3406,False
KAFKA-3306,False
KAFKA-3149,False
KAFKA-3427,True
KAFKA-3607,True
KAFKA-3614,False
KAFKA-3499,False
KAFKA-3602,True
KAFKA-3270,False
KAFKA-3619,True
KAFKA-3605,True
KAFKA-3606,True
KAFKA-3589,True
KAFKA-3337,False
KAFKA-3548,True
KAFKA-3117,False
KAFKA-2370,False
KAFKA-3582,False
KAFKA-3558,False
KAFKA-3563,False
KAFKA-3529,False
KAFKA-3506,False
KAFKA-3430,False
KAFKA-3526,True
KAFKA-3549,False
KAFKA-3557,True
KAFKA-3470,False
KAFKA-3490,False
KAFKA-3504,False
KAFKA-3461,True
KAFKA-3439,False
KAFKA-3519,True
KAFKA-3338,True
KAFKA-3521,True
KAFKA-3528,True
KAFKA-725,True
KAFKA-3512,True
KAFKA-3505,False
KAFKA-3488,True
KAFKA-3497,False
KAFKA-3477,False
KAFKA-3508,False
KAFKA-3489,True
KAFKA-3510,True
KAFKA-3384,True
KAFKA-2998,True
KAFKA-3464,True
KAFKA-3495,False
KAFKA-3419,False
KAFKA-2930,False
KAFKA-2844,True
KAFKA-3407,False
KAFKA-3445,False
KAFKA-3483,False
KAFKA-3486,True
KAFKA-2910,False
KAFKA-3451,False
KAFKA-3381,False
KAFKA-3475,False
KAFKA-3425,False
KAFKA-3388,True
KAFKA-3316,True
KAFKA-3454,True
KAFKA-3449,False
KAFKA-3463,False
KAFKA-3460,False
KAFKA-3434,True
KAFKA-3432,False
KAFKA-3441,True
KAFKA-3409,True
KAFKA-3442,True
KAFKA-3431,False
KAFKA-3447,False
KAFKA-3301,False
KAFKA-3435,False
KAFKA-3219,True
KAFKA-3319,False
KAFKA-3426,False
KAFKA-3412,True
KAFKA-3378,True
KAFKA-3328,True
KAFKA-3424,True
KAFKA-3006,False
KAFKA-3397,True
KAFKA-3394,True
KAFKA-3422,False
KAFKA-2982,True
KAFKA-3336,False
KAFKA-3202,False
KAFKA-3330,True
KAFKA-3250,True
KAFKA-3373,True
KAFKA-3414,True
KAFKA-3315,True
KAFKA-3188,False
KAFKA-2832,True
KAFKA-3392,True
KAFKA-3411,False
KAFKA-3303,False
KAFKA-3402,True
KAFKA-3403,True
KAFKA-3371,False
KAFKA-3260,False
KAFKA-1215,False
KAFKA-3013,False
KAFKA-3375,False
KAFKA-3395,False
KAFKA-2551,True
KAFKA-3047,True
KAFKA-3380,False
KAFKA-2960,True
KAFKA-2073,False
KAFKA-3318,False
KAFKA-3344,True
KAFKA-3361,False
KAFKA-3357,True
KAFKA-3352,False
KAFKA-3279,True
KAFKA-3237,True
KAFKA-3343,True
KAFKA-3197,True
KAFKA-3201,False
KAFKA-2068,False
KAFKA-3341,True
KAFKA-3339,False
KAFKA-3233,True
KAFKA-3299,True
KAFKA-3281,False
KAFKA-3187,False
KAFKA-3310,True
KAFKA-3286,False
KAFKA-3290,False
KAFKA-3325,True
KAFKA-3314,False
KAFKA-2934,True
KAFKA-3324,True
KAFKA-2944,True
KAFKA-2784,True
KAFKA-3311,True
KAFKA-3196,False
KAFKA-3257,True
KAFKA-3273,False
KAFKA-3192,False
KAFKA-3133,False
KAFKA-3291,False
KAFKA-3278,True
KAFKA-3214,False
KAFKA-3243,True
KAFKA-3280,True
KAFKA-3292,True
KAFKA-2698,False
KAFKA-3259,False
KAFKA-3277,False
KAFKA-3093,False
KAFKA-3272,False
KAFKA-3007,True
KAFKA-3046,False
KAFKA-3245,False
KAFKA-3242,True
KAFKA-2802,False
KAFKA-3256,True
KAFKA-3255,False
KAFKA-3235,True
KAFKA-3025,False
KAFKA-3225,True
KAFKA-2757,True
KAFKA-2547,False
KAFKA-2508,False
KAFKA-3088,True
KAFKA-3227,False
KAFKA-3147,True
KAFKA-3229,True
KAFKA-3162,False
KAFKA-3141,True
KAFKA-3159,True
KAFKA-3216,True
KAFKA-3189,True
KAFKA-3217,True
KAFKA-3191,False
KAFKA-2589,True
KAFKA-3037,True
KAFKA-3165,False
KAFKA-3157,True
KAFKA-3003,True
KAFKA-3211,True
KAFKA-3179,True
KAFKA-3207,True
KAFKA-3198,True
KAFKA-3194,True
KAFKA-3092,False
KAFKA-3195,True
KAFKA-3121,False
KAFKA-3170,True
KAFKA-3068,True
KAFKA-3060,False
KAFKA-1860,True
KAFKA-3164,False
KAFKA-3169,True
KAFKA-3029,False
KAFKA-2676,True
KAFKA-3075,True
KAFKA-3086,False
KAFKA-3166,False
KAFKA-2221,False
KAFKA-2143,True
KAFKA-3152,True
KAFKA-3103,False
KAFKA-3132,True
KAFKA-3116,False
KAFKA-2478,True
KAFKA-3125,False
KAFKA-3100,False
KAFKA-3076,False
KAFKA-3138,True
KAFKA-3134,True
KAFKA-2846,False
KAFKA-3140,True
KAFKA-3066,False
KAFKA-3136,False
KAFKA-2146,True
KAFKA-3080,True
KAFKA-2071,False
KAFKA-3122,True
KAFKA-3091,True
KAFKA-3012,True
KAFKA-3119,False
KAFKA-3104,False
KAFKA-2999,True
KAFKA-3095,True
KAFKA-3098,True
KAFKA-2695,True
KAFKA-3105,False
KAFKA-3085,True
KAFKA-2993,True
KAFKA-2886,True
KAFKA-3108,False
KAFKA-3081,False
KAFKA-3063,False
KAFKA-3069,True
KAFKA-3078,False
KAFKA-3077,False
KAFKA-3021,False
KAFKA-3019,False
KAFKA-3084,False
KAFKA-3044,True
KAFKA-2979,False
KAFKA-2653,False
KAFKA-2649,False
KAFKA-2988,True
KAFKA-2929,True
KAFKA-3022,False
KAFKA-2072,False
KAFKA-2874,True
KAFKA-2850,True
KAFKA-3016,False
KAFKA-2937,True
KAFKA-1901,True
KAFKA-3058,False
KAFKA-3045,False
KAFKA-3010,False
KAFKA-3051,False
KAFKA-2422,False
KAFKA-3052,False
KAFKA-3055,True
KAFKA-2949,False
KAFKA-3043,False
KAFKA-3002,True
KAFKA-3024,False
KAFKA-3030,False
KAFKA-2989,False
KAFKA-3020,False
KAFKA-3009,True
KAFKA-3014,True
KAFKA-2455,False
KAFKA-2977,False
KAFKA-2058,False
KAFKA-2964,False
KAFKA-2984,False
KAFKA-2509,False
KAFKA-2837,False
KAFKA-2990,True
KAFKA-2978,True
KAFKA-2981,True
KAFKA-2070,False
KAFKA-2927,True
KAFKA-2896,False
KAFKA-2928,True
KAFKA-2926,True
KAFKA-2893,True
KAFKA-2578,True
KAFKA-2733,False
KAFKA-2974,True
KAFKA-2972,True
KAFKA-2965,True
KAFKA-2973,True
KAFKA-2962,False
KAFKA-2924,False
KAFKA-2668,False
KAFKA-2667,False
KAFKA-2399,True
KAFKA-2957,False
KAFKA-2958,False
KAFKA-2804,False
KAFKA-2950,True
KAFKA-2856,False
KAFKA-2931,False
KAFKA-2905,False
KAFKA-2942,True
KAFKA-2825,False
KAFKA-2902,True
KAFKA-2880,True
KAFKA-2851,True
KAFKA-2642,False
KAFKA-2421,True
KAFKA-2915,True
KAFKA-2913,True
KAFKA-2771,False
KAFKA-2906,True
KAFKA-2732,False
KAFKA-2899,True
KAFKA-2882,False
KAFKA-2892,True
KAFKA-2878,True
KAFKA-2643,False
KAFKA-2718,False
KAFKA-2799,True
KAFKA-2803,True
KAFKA-2881,False
KAFKA-2877,True
KAFKA-2879,False
KAFKA-2872,True
KAFKA-2862,True
KAFKA-2812,False
KAFKA-2863,False
KAFKA-2867,True
KAFKA-2869,True
KAFKA-2860,False
KAFKA-2820,True
KAFKA-2824,True
KAFKA-2845,False
KAFKA-2859,True
KAFKA-2800,False
KAFKA-2841,True
KAFKA-2852,True
KAFKA-2746,False
KAFKA-2847,True
KAFKA-2848,True
KAFKA-2721,True
KAFKA-2809,False
KAFKA-2831,False
KAFKA-2811,False
KAFKA-2624,True
KAFKA-2838,True
KAFKA-2833,True
KAFKA-2768,True
KAFKA-2821,True
KAFKA-2791,False
KAFKA-2830,False
KAFKA-2817,True
KAFKA-2819,True
KAFKA-2826,True
KAFKA-2814,True
KAFKA-2822,True
KAFKA-2807,True
KAFKA-2690,False
KAFKA-2815,True
KAFKA-2813,True
KAFKA-2763,False
KAFKA-2790,False
KAFKA-2770,True
KAFKA-2801,True
KAFKA-2752,True
KAFKA-2793,True
KAFKA-2788,True
KAFKA-2795,True
KAFKA-2798,True
KAFKA-2792,True
KAFKA-2797,True
KAFKA-2786,True
KAFKA-2274,False
KAFKA-2769,False
KAFKA-2773,True
KAFKA-2379,False
KAFKA-2785,True
KAFKA-2674,True
KAFKA-2783,False
KAFKA-2258,False
KAFKA-2782,True
KAFKA-2778,True
KAFKA-2775,True
KAFKA-2776,True
KAFKA-2781,True
KAFKA-2779,True
KAFKA-2774,False
KAFKA-2480,False
KAFKA-2723,False
KAFKA-2761,False
KAFKA-2666,True
KAFKA-2767,False
KAFKA-2766,True
KAFKA-2765,False
KAFKA-2734,True
KAFKA-2760,True
KAFKA-2764,True
KAFKA-2713,False
KAFKA-2490,False
KAFKA-2702,True
KAFKA-2745,False
KAFKA-2756,True
KAFKA-2735,True
KAFKA-2755,True
KAFKA-2753,False
KAFKA-2748,True
KAFKA-2738,True
KAFKA-2743,True
KAFKA-2741,True
KAFKA-2742,True
KAFKA-2697,False
KAFKA-2744,True
KAFKA-2691,False
KAFKA-2730,True
KAFKA-2737,False
KAFKA-2727,False
KAFKA-2740,False
KAFKA-2722,True
KAFKA-2644,False
KAFKA-2687,False
KAFKA-2441,False
KAFKA-2716,True
KAFKA-2724,False
KAFKA-2719,True
KAFKA-2017,False
KAFKA-2707,False
KAFKA-2726,True
KAFKA-2706,False
KAFKA-2518,True
KAFKA-2681,False
KAFKA-2680,True
KAFKA-2660,True
KAFKA-2574,False
KAFKA-2562,False
KAFKA-2715,False
KAFKA-2369,False
KAFKA-2714,False
KAFKA-2711,False
KAFKA-2502,False
KAFKA-2663,True
KAFKA-2705,False
KAFKA-2598,False
KAFKA-2648,True
KAFKA-2640,False
KAFKA-2675,False
KAFKA-2683,True
KAFKA-2677,True
KAFKA-1888,False
KAFKA-2447,False
KAFKA-2452,False
KAFKA-2516,True
KAFKA-2645,True
KAFKA-2694,False
KAFKA-2652,False
KAFKA-2449,True
KAFKA-2460,False
KAFKA-2626,False
KAFKA-2371,False
KAFKA-2641,False
KAFKA-2671,False
KAFKA-2686,True
KAFKA-2678,True
KAFKA-2456,False
KAFKA-2209,False
KAFKA-2618,True
KAFKA-2454,True
KAFKA-2464,False
KAFKA-2459,True
KAFKA-2338,True
KAFKA-1686,False
KAFKA-2669,True
KAFKA-2656,True
KAFKA-2639,False
KAFKA-2665,True
KAFKA-2397,False
KAFKA-2515,False
KAFKA-2484,False
KAFKA-2594,False
KAFKA-2419,False
KAFKA-2120,True
KAFKA-2487,False
KAFKA-2295,True
KAFKA-2654,False
KAFKA-2536,True
KAFKA-2650,True
KAFKA-2593,False
KAFKA-2603,False
KAFKA-2632,False
KAFKA-2527,False
KAFKA-2372,False
KAFKA-2637,False
KAFKA-2613,False
KAFKA-2581,False
KAFKA-2203,True
KAFKA-2443,False
KAFKA-2633,True
KAFKA-2614,True
KAFKA-2600,False
KAFKA-2622,False
KAFKA-2596,True
KAFKA-2477,True
KAFKA-2428,True
KAFKA-2534,True
KAFKA-2476,False
KAFKA-2474,False
KAFKA-2482,False
KAFKA-2573,True
KAFKA-2599,True
KAFKA-2604,False
KAFKA-2601,True
KAFKA-2425,False
KAFKA-2591,False
KAFKA-2597,False
KAFKA-2517,True
KAFKA-2212,False
KAFKA-2570,False
KAFKA-2587,False
KAFKA-2585,True
KAFKA-2514,False
KAFKA-2586,False
KAFKA-2531,False
KAFKA-2582,False
KAFKA-2555,True
KAFKA-2409,False
KAFKA-2579,False
KAFKA-2571,True
KAFKA-2373,False
KAFKA-2390,False
KAFKA-2554,True
KAFKA-2548,True
KAFKA-1387,True
KAFKA-2576,True
KAFKA-2403,False
KAFKA-2557,True
KAFKA-2558,False
KAFKA-2211,False
KAFKA-2532,False
KAFKA-2533,True
KAFKA-2300,True
KAFKA-2549,True
KAFKA-2504,True
KAFKA-2538,True
KAFKA-2440,False
KAFKA-2278,True
KAFKA-2389,False
KAFKA-1893,True
KAFKA-2489,True
KAFKA-2453,False
KAFKA-2519,True
KAFKA-2461,True
KAFKA-2437,True
KAFKA-2308,True
KAFKA-2411,False
KAFKA-2492,False
KAFKA-2332,False
KAFKA-2486,False
KAFKA-2485,False
KAFKA-2475,False
KAFKA-2468,True
KAFKA-2377,False
KAFKA-2367,False
KAFKA-2467,True
KAFKA-2388,False
KAFKA-1683,False
KAFKA-2136,False
KAFKA-2351,True
KAFKA-2439,False
KAFKA-2457,True
KAFKA-2015,False
KAFKA-2330,True
KAFKA-2246,True
KAFKA-2084,False
KAFKA-2436,True
KAFKA-2438,True
KAFKA-1782,True
KAFKA-2366,False
KAFKA-2406,True
KAFKA-2430,False
KAFKA-2429,False
KAFKA-2408,True
KAFKA-2336,True
KAFKA-2202,True
KAFKA-1997,False
KAFKA-2415,False
KAFKA-2413,True
KAFKA-2340,False
KAFKA-2400,False
KAFKA-2393,True
KAFKA-2401,False
KAFKA-2407,True
KAFKA-2288,True
KAFKA-2405,True
KAFKA-2055,False
KAFKA-2386,False
KAFKA-2384,False
KAFKA-2026,True
KAFKA-2350,False
KAFKA-2100,True
KAFKA-2276,True
KAFKA-2275,False
KAFKA-2347,True
KAFKA-2381,True
KAFKA-2301,False
KAFKA-2321,False
KAFKA-2348,False
KAFKA-2353,True
KAFKA-2355,True
KAFKA-2344,False
KAFKA-2342,False
KAFKA-2328,False
KAFKA-2337,True
KAFKA-2345,True
KAFKA-2324,False
KAFKA-2032,True
KAFKA-2335,True
KAFKA-2123,False
KAFKA-2198,True
KAFKA-2312,False
KAFKA-1740,False
KAFKA-2327,True
KAFKA-2316,True
KAFKA-2298,True
KAFKA-2313,True
KAFKA-2317,True
KAFKA-2306,True
KAFKA-2304,True
KAFKA-2314,False
KAFKA-2168,False
KAFKA-2281,True
KAFKA-2294,True
KAFKA-2293,True
KAFKA-2245,False
KAFKA-2253,True
KAFKA-2208,False
KAFKA-2161,True
KAFKA-2199,True
KAFKA-2091,False
KAFKA-2186,True
KAFKA-1737,False
KAFKA-2190,True
KAFKA-1374,True
KAFKA-2196,False
KAFKA-2160,True
KAFKA-1334,False
KAFKA-1660,False
KAFKA-2163,True
KAFKA-2175,False
KAFKA-2150,True
KAFKA-2121,True
KAFKA-1884,True
KAFKA-2153,True
KAFKA-1886,True
KAFKA-1621,True
KAFKA-1054,False
KAFKA-2114,True
KAFKA-2128,False
KAFKA-2140,False
KAFKA-2122,True
KAFKA-2034,True
KAFKA-2138,True
KAFKA-2056,False
KAFKA-1416,True
KAFKA-2117,True
KAFKA-1910,True
KAFKA-1461,True
KAFKA-1005,True
KAFKA-1996,False
KAFKA-2024,True
KAFKA-2002,True
KAFKA-2050,True
KAFKA-1501,True
KAFKA-1546,False
KAFKA-1961,True
KAFKA-1634,True
KAFKA-527,True
KAFKA-2047,False
KAFKA-1856,False
KAFKA-2048,True
KAFKA-2042,True
KAFKA-1863,True
KAFKA-2009,True
KAFKA-1845,False
KAFKA-1988,True
KAFKA-1755,True
KAFKA-2001,True
KAFKA-1986,False
KAFKA-1499,True
KAFKA-1852,True
KAFKA-1865,True
KAFKA-1824,True
KAFKA-1866,True
KAFKA-1664,True
KAFKA-1953,False
KAFKA-1757,True
KAFKA-1947,True
KAFKA-1919,True
KAFKA-1867,True
KAFKA-1729,False
KAFKA-1914,False
KAFKA-1960,True
KAFKA-1959,True
KAFKA-1943,False
KAFKA-1805,False
KAFKA-1697,True
KAFKA-1948,True
KAFKA-1476,True
KAFKA-1333,False
KAFKA-1925,True
KAFKA-1915,False
KAFKA-1760,False
KAFKA-1861,True
KAFKA-1902,True
KAFKA-1818,False
KAFKA-1885,False
KAFKA-1883,True
KAFKA-1109,True
KAFKA-1896,True
KAFKA-1890,True
KAFKA-1891,True
KAFKA-1848,True
KAFKA-1823,False
KAFKA-1879,False
KAFKA-1876,True
KAFKA-1878,True
KAFKA-1723,True
KAFKA-1854,False
KAFKA-1841,True
KAFKA-1819,True
KAFKA-1836,True
KAFKA-1070,True
KAFKA-1512,True
KAFKA-1624,True
KAFKA-1650,False
KAFKA-742,True
KAFKA-1812,True
KAFKA-1807,False
KAFKA-1173,True
KAFKA-1720,True
KAFKA-328,True
KAFKA-1783,True
KAFKA-1580,True
KAFKA-1654,False
KAFKA-1770,True
KAFKA-1764,True
KAFKA-1762,True
KAFKA-1742,True
KAFKA-1739,True
KAFKA-1746,True
KAFKA-1747,True
KAFKA-1706,False
KAFKA-1647,True
KAFKA-1583,True
KAFKA-1732,True
KAFKA-1719,False
KAFKA-1725,True
KAFKA-1641,True
KAFKA-1653,True
KAFKA-1108,True
KAFKA-1637,True
KAFKA-979,True
KAFKA-1305,True
KAFKA-1471,False
KAFKA-1692,False
KAFKA-1648,True
KAFKA-1668,True
KAFKA-1663,True
KAFKA-1057,True
KAFKA-1662,True
KAFKA-1577,True
KAFKA-1618,False
KAFKA-589,True
KAFKA-404,True
KAFKA-1490,True
KAFKA-1282,True
KAFKA-1597,False
KAFKA-1496,True
KAFKA-847,True
KAFKA-1611,False
KAFKA-1147,True
KAFKA-1510,True
KAFKA-1485,False
KAFKA-1502,True
KAFKA-687,True
KAFKA-1576,False
KAFKA-1582,True
KAFKA-1560,False
KAFKA-1550,True
KAFKA-1483,False
KAFKA-1544,True
KAFKA-1539,True
KAFKA-1180,True
KAFKA-1535,False
KAFKA-1258,True
KAFKA-1515,True
KAFKA-1519,True
KAFKA-1308,True
KAFKA-1498,True
KAFKA-1491,True
KAFKA-1096,True
KAFKA-1291,False
KAFKA-1316,False
KAFKA-1382,True
KAFKA-1326,False
KAFKA-1488,False
KAFKA-1472,False
KAFKA-1298,True
KAFKA-1469,True
KAFKA-1443,False
KAFKA-1438,True
KAFKA-1468,True
KAFKA-1459,True
KAFKA-924,True
KAFKA-1444,True
KAFKA-1456,False
KAFKA-1446,False
KAFKA-1328,False
KAFKA-1179,True
KAFKA-1445,True
KAFKA-1431,True
KAFKA-1437,True
KAFKA-1442,True
KAFKA-1432,True
KAFKA-1425,False
KAFKA-1428,True
KAFKA-1327,False
KAFKA-1356,True
KAFKA-1398,True
KAFKA-1355,True
KAFKA-1362,True
KAFKA-1337,False
KAFKA-1365,True
KAFKA-1323,True
KAFKA-1359,False
KAFKA-1373,True
KAFKA-1366,True
KAFKA-1358,True
KAFKA-1251,False
KAFKA-1341,True
KAFKA-1350,True
KAFKA-1317,True
KAFKA-1253,False
KAFKA-1315,True
KAFKA-1311,True
KAFKA-1312,False
KAFKA-1309,True
KAFKA-1028,False
KAFKA-1012,False
KAFKA-1281,False
KAFKA-1286,False
KAFKA-1288,True
KAFKA-1289,True
KAFKA-1250,False
KAFKA-1260,True
KAFKA-1279,True
KAFKA-1276,True
KAFKA-1254,False
KAFKA-1274,False
KAFKA-1252,False
KAFKA-1245,False
KAFKA-1263,True
KAFKA-1188,True
KAFKA-1261,False
KAFKA-1233,False
KAFKA-1259,False
KAFKA-1257,False
KAFKA-1237,False
KAFKA-1236,False
KAFKA-1238,True
KAFKA-1241,True
KAFKA-1158,False
KAFKA-330,True
KAFKA-1164,True
KAFKA-1184,False
KAFKA-1227,True
KAFKA-1055,True
KAFKA-1200,True
KAFKA-1199,False
KAFKA-1187,True
KAFKA-1185,False
KAFKA-930,True
KAFKA-1139,True
KAFKA-1134,True
KAFKA-1142,True
KAFKA-1178,True
KAFKA-1170,True
KAFKA-1167,False
KAFKA-1156,True
KAFKA-1133,True
KAFKA-1131,False
KAFKA-1112,True
KAFKA-1119,True
KAFKA-1126,True
KAFKA-1121,True
KAFKA-1097,True
KAFKA-1113,True
KAFKA-1107,True
KAFKA-1060,True
KAFKA-1001,False
KAFKA-1098,True
KAFKA-1042,False
KAFKA-1094,True
KAFKA-1086,False
KAFKA-1089,True
KAFKA-1036,True
KAFKA-1008,True
KAFKA-1087,True
KAFKA-1081,True
KAFKA-1018,True
KAFKA-1075,True
KAFKA-1071,True
KAFKA-1068,True
KAFKA-939,True
KAFKA-1062,True
KAFKA-1053,False
KAFKA-1030,True
KAFKA-1038,True
KAFKA-955,True
KAFKA-1046,False
KAFKA-990,True
KAFKA-1029,True
KAFKA-1009,True
KAFKA-992,True
KAFKA-999,True
KAFKA-615,False
KAFKA-985,True
KAFKA-995,False
KAFKA-915,True
KAFKA-991,True
KAFKA-925,False
KAFKA-983,True
KAFKA-957,True
KAFKA-987,True
KAFKA-974,True
KAFKA-852,True
KAFKA-963,True
KAFKA-944,True
KAFKA-942,True
KAFKA-941,True
KAFKA-935,True
KAFKA-905,True
KAFKA-928,True
KAFKA-921,True
KAFKA-923,False
KAFKA-922,False
KAFKA-916,True
KAFKA-914,True
KAFKA-901,True
KAFKA-892,False
KAFKA-889,False
KAFKA-890,True
KAFKA-887,False
KAFKA-872,True
KAFKA-870,True
KAFKA-860,True
KAFKA-826,True
KAFKA-858,True
KAFKA-849,True
KAFKA-851,True
KAFKA-844,False
KAFKA-840,True
KAFKA-842,True
KAFKA-831,True
KAFKA-829,True
KAFKA-828,True
KAFKA-830,True
KAFKA-816,True
KAFKA-820,True
KAFKA-815,True
KAFKA-811,True
KAFKA-808,False
KAFKA-763,False
KAFKA-802,True
KAFKA-800,True
KAFKA-739,True
KAFKA-798,True
KAFKA-554,False
KAFKA-787,True
KAFKA-513,False
KAFKA-785,True
KAFKA-759,True
KAFKA-776,True
KAFKA-671,True
KAFKA-775,True
KAFKA-774,True
KAFKA-773,True
KAFKA-765,True
KAFKA-771,True
KAFKA-734,True
KAFKA-736,True
KAFKA-769,True
KAFKA-767,True
KAFKA-770,True
KAFKA-748,True
KAFKA-749,True
KAFKA-713,True
KAFKA-631,False
KAFKA-695,True
KAFKA-700,False
KAFKA-651,False
KAFKA-696,True
KAFKA-720,True
KAFKA-731,False
KAFKA-728,True
KAFKA-730,False
KAFKA-714,True
KAFKA-727,True
KAFKA-708,True
KAFKA-722,True
KAFKA-705,True
KAFKA-139,False
KAFKA-707,False
KAFKA-709,True
KAFKA-702,True
KAFKA-698,True
KAFKA-697,True
KAFKA-683,False
KAFKA-692,True
KAFKA-133,True
KAFKA-690,True
KAFKA-657,True
KAFKA-668,True
KAFKA-675,False
KAFKA-676,False
KAFKA-664,True
KAFKA-646,True
KAFKA-647,False
KAFKA-374,False
KAFKA-673,True
KAFKA-670,True
KAFKA-636,True
KAFKA-667,False
KAFKA-597,True
KAFKA-654,True
KAFKA-644,False
KAFKA-642,True
KAFKA-633,True
KAFKA-521,False
KAFKA-608,True
KAFKA-640,True
KAFKA-622,True
KAFKA-544,True
KAFKA-532,True
KAFKA-545,False
KAFKA-574,True
KAFKA-593,True
KAFKA-188,False
KAFKA-588,True
KAFKA-541,True
KAFKA-537,True
KAFKA-569,True
KAFKA-43,True
KAFKA-548,False
KAFKA-432,True
KAFKA-506,True
KAFKA-510,True
KAFKA-557,True
KAFKA-42,True
KAFKA-502,False
KAFKA-543,True
KAFKA-504,True
KAFKA-551,True
KAFKA-508,True
KAFKA-538,False
KAFKA-533,False
KAFKA-534,False
KAFKA-499,True
KAFKA-391,True
KAFKA-449,False
KAFKA-498,True
KAFKA-483,False
KAFKA-489,True
KAFKA-440,False
KAFKA-385,True
KAFKA-323,False
KAFKA-424,True
KAFKA-425,True
KAFKA-439,False
KAFKA-380,False
KAFKA-384,True
KAFKA-405,True
KAFKA-350,True
KAFKA-371,True
KAFKA-352,True
KAFKA-373,False
KAFKA-353,False
KAFKA-368,False
KAFKA-366,False
KAFKA-348,False
KAFKA-365,False
KAFKA-46,True
KAFKA-48,True
KAFKA-301,True
KAFKA-320,True
KAFKA-307,True
KAFKA-309,True
KAFKA-310,True
KAFKA-300,False
KAFKA-240,True
KAFKA-239,False
KAFKA-274,True
KAFKA-262,True
KAFKA-263,False
KAFKA-257,False
KAFKA-238,False
KAFKA-202,True
KAFKA-245,False
KAFKA-228,False
KAFKA-227,False
KAFKA-229,True
KAFKA-221,True
KAFKA-222,True
KAFKA-216,True
KAFKA-176,True
KAFKA-171,True
KAFKA-193,False
KAFKA-211,False
KAFKA-206,True
KAFKA-192,True
KAFKA-177,False
KAFKA-91,True
KAFKA-161,True
KAFKA-166,False
KAFKA-150,False
KAFKA-164,False
KAFKA-165,False
KAFKA-162,False
KAFKA-143,False
KAFKA-151,False
KAFKA-141,False
KAFKA-149,True
KAFKA-89,False
KAFKA-145,True
KAFKA-146,True
KAFKA-129,True
KAFKA-130,False
KAFKA-125,True
KAFKA-132,False
KAFKA-70,False
KAFKA-124,True
KAFKA-99,True
KAFKA-98,True
KAFKA-102,True
KAFKA-93,False
KAFKA-9826,True
KAFKA-7994,True
KAFKA-7024,False
KAFKA-7379,True
KAFKA-6730,False
KIP-551,
KAKFA-9612,
DOCS-3625,
KIP-546,
KAKFA-9503,
KIP-543,
KAKFA-8950,
KAFAK-3522,
KIP-421,
KAKFA-5334,
KAFA-4378,
KIP-101,
KAFAK-4058,
KAKFA-3599,
KIP-28,
