MATH-1537,False
MATH-1535,True
MATH-1534,True
MATH-1533,False
MATH-1531,True
MATH-1530,False
MATH-1529,False
MATH-1524,False
MATH-1509,False
MATH-1525,False
MATH-1522,False
MATH-1511,True
MATH-1516,False
MATH-1519,False
MATH-1523,False
MATH-1518,False
MATH-1388,True
MATH-1362,False
MATH-1506,False
MATH-1504,False
MATH-1446,False
MATH-1469,False
MATH-1500,True
MATH-1499,False
MATH-1486,False
MATH-1492,False
MATH-1401,True
MATH-1477,True
MATH-1475,True
MATH-1467,False
MATH-1463,True
MATH-1459,False
MATH-1458,True
MATH-1460,True
MATH-1416,False
MATH-1450,True
MATH-1437,False
MATH-1449,True
MATH-1447,True
MATH-1441,False
MATH-1443,False
MATH-1442,True
MATH-1439,True
MATH-1436,True
MATH-1429,False
MATH-1426,False
MATH-1425,False
MATH-1421,True
MATH-1419,True
MATH-1284,True
MATH-1413,True
MATH-1417,True
MATH-1831,
MATH-1381,True
MATH-1382,False
MATH-1407,False
MATH-1405,True
MATH-1393,False
MATH-1361,True
MATH-1396,True
MATH-1389,False
MATH-1387,True
MATH-1383,False
MATH-1377,False
MATH-1376,True
MATH-1372,False
MATH-1370,False
MATH-1319,True
MATH-1369,False
MATH-1366,False
MATH-1363,False
MATH-1346,False
MATH-1365,False
MATH-1335,False
MATH-1341,True
MATH-1357,False
MATH-1015,False
MATH-736,False
MATH-1356,True
MATH-1355,False
MATH-1351,False
MATH-1348,False
MATH-1158,True
MATH-1290,False
MATH-1343,False
MATH-1340,False
MATH-1339,False
MATH-1337,False
MATH-1333,True
MATH-1313,True
MATH-1300,True
MATH-1309,True
MATH-1308,False
MATH-1307,False
MATH-1301,False
MATH-1305,True
MATH-1304,True
MATH-1293,False
MATH-1295,True
MATH-1285,False
MATH-1269,True
MATH-1286,False
MATH-1279,False
MATH-1278,False
MATH-1277,True
MATH-1270,False
MATH-1274,False
MATH-1268,False
MATH-1267,False
MATH-1265,False
MATH-1264,False
MATH-1263,False
MATH-1259,True
MATH-1220,False
MATH-990,False
MATH-1243,False
MATH-1261,True
MATH-1258,True
MATH-1257,True
MATH-1256,True
MATH-1244,False
MATH-1255,True
MATH-1248,False
MATH-1251,True
MATH-1250,False
MATH-1231,True
MATH-1229,True
MATH-1206,True
MATH-1210,False
MATH-1207,True
MATH-1204,True
MATH-1198,False
MATH-1180,False
MATH-1172,False
MATH-1173,True
MATH-1178,True
MATH-1175,True
MATH-1166,True
MATH-1167,True
MATH-1138,True
MATH-1144,True
MATH-1151,True
MATH-1146,True
MATH-1150,True
MATH-1141,True
MATH-1134,True
MATH-1130,False
MATH-1128,False
MATH-1129,True
MATH-1121,True
MATH-1092,True
MATH-1118,True
MATH-1116,True
MATH-1111,True
MATH-1089,True
MATH-1088,True
MATH-923,False
MATH-1067,True
MATH-1014,False
MATH-1058,True
MATH-1054,False
MATH-1047,False
MATH-1050,False
MATH-1045,True
MATH-1041,False
MATH-1002,False
MATH-1027,False
MATH-1008,False
MATH-1019,True
MATH-1022,True
MATH-991,False
MATH-1010,True
MATH-989,True
MATH-1021,True
MATH-1020,True
MATH-1012,False
MATH-1011,False
MATH-1007,False
MATH-1000,False
MATH-1005,True
MATH-997,False
MATH-995,True
MATH-993,True
MATH-985,True
MATH-976,False
MATH-975,False
MATH-874,False
MATH-956,False
MATH-817,False
MATH-949,True
MATH-933,False
MATH-931,False
MATH-929,True
MATH-876,True
MATH-927,True
MATH-925,False
MATH-924,True
MATH-922,True
MATH-757,True
MATH-916,True
MATH-915,True
MATH-914,True
MATH-738,True
MATH-897,False
MATH-895,False
MATH-910,False
MATH-904,True
MATH-849,True
MATH-902,False
MATH-905,True
MATH-908,False
MATH-903,True
MATH-899,True
MATH-894,True
MATH-900,True
MATH-887,False
MATH-883,False
MATH-884,False
MATH-816,False
MATH-854,False
MATH-868,True
MATH-815,False
MATH-881,True
MATH-873,False
MATH-872,True
MATH-875,False
MATH-867,True
MATH-870,False
MATH-853,False
MATH-860,False
MATH-865,True
MATH-864,True
MATH-863,False
MATH-866,False
MATH-855,True
MATH-841,False
MATH-843,True
MATH-844,True
MATH-840,True
MATH-740,False
MATH-839,False
MATH-838,False
MATH-834,False
MATH-835,True
MATH-622,False
MATH-762,False
MATH-832,True
MATH-827,False
MATH-797,False
MATH-829,False
MATH-764,False
MATH-825,True
MATH-768,False
MATH-812,True
MATH-795,False
MATH-798,True
MATH-810,False
MATH-807,False
MATH-803,True
MATH-790,True
MATH-804,False
MATH-802,True
MATH-774,False
MATH-800,True
MATH-799,True
MATH-792,False
MATH-786,False
MATH-783,False
MATH-782,True
MATH-767,False
MATH-746,False
MATH-698,False
MATH-444,False
MATH-712,False
MATH-707,False
MATH-744,True
MATH-488,False
MATH-459,False
MATH-734,True
MATH-650,False
MATH-664,False
MATH-728,True
MATH-690,False
MATH-689,False
MATH-708,False
MATH-697,False
MATH-413,True
MATH-696,False
MATH-621,True
MATH-685,False
MATH-675,False
MATH-688,False
MATH-683,False
MATH-676,False
MATH-674,False
MATH-658,False
MATH-566,False
MATH-663,False
MATH-657,True
MATH-631,True
MATH-653,False
MATH-646,False
MATH-645,True
MATH-560,True
MATH-602,False
MATH-601,True
MATH-632,True
MATH-581,False
MATH-599,True
MATH-637,False
MATH-638,False
MATH-633,False
MATH-613,False
MATH-623,False
MATH-577,False
MATH-629,False
MATH-617,False
MATH-614,False
MATH-485,False
MATH-574,False
MATH-562,False
MATH-561,False
MATH-559,True
MATH-552,True
MATH-549,False
MATH-423,False
MATH-551,True
MATH-437,False
MATH-435,False
MATH-446,False
MATH-487,False
MATH-545,False
MATH-542,False
MATH-546,True
MATH-503,False
MATH-403,False
MATH-544,False
MATH-534,False
MATH-536,False
MATH-521,False
MATH-519,True
MATH-518,False
MATH-517,False
MATH-516,False
MATH-514,False
MATH-512,False
MATH-442,False
MATH-515,False
MATH-513,False
MATH-511,False
MATH-506,True
MATH-505,True
MATH-477,False
MATH-493,True
MATH-500,False
MATH-496,False
MATH-494,True
MATH-478,True
MATH-492,False
MATH-491,False
MATH-476,False
MATH-489,True
MATH-486,True
MATH-483,True
MATH-480,True
MATH-479,True
MATH-481,True
MATH-471,True
MATH-482,True
MATH-475,True
MATH-470,True
MATH-422,True
MATH-466,True
MATH-458,True
MATH-468,False
MATH-461,False
MATH-455,False
MATH-447,False
MATH-457,False
MATH-454,False
MATH-438,False
MATH-425,False
MATH-453,True
MATH-452,True
MATH-451,False
MATH-439,False
MATH-430,True
MATH-441,False
MATH-440,False
MATH-195,False
MATH-432,False
MATH-428,False
MATH-424,True
MATH-349,True
MATH-416,False
MATH-370,True
MATH-394,True
MATH-397,True
MATH-361,False
MATH-410,True
MATH-406,True
MATH-405,True
MATH-401,False
MATH-377,True
MATH-396,False
MATH-395,True
MATH-393,True
MATH-389,False
MATH-387,False
MATH-379,False
MATH-378,False
MATH-376,True
MATH-366,False
MATH-365,True
MATH-335,True
MATH-336,False
MATH-337,False
MATH-333,True
MATH-311,False
MATH-292,True
MATH-261,True
MATH-259,True
MATH-197,True
MATH-227,True
MATH-204,True
MATH-201,True
MATH-193,False
MATH-180,False
MATH-164,False
MATH-154,False
MATH-170,False
MATH-153,True
MATH-120,False
MATH-1408,True
INFRA-17381,False
MATH-1294,True
MATH-1283,True
MATH-1237,True
MATH-837,False
MATH-1276,False
MATH-1242,True
MATH-1240,False
MATH-1241,True
MATH-1236,False
MATH-1230,True
MATH-964,False
MATH-1221,True
MATH-1153,False
MATH-1197,True
MATH-1205,True
MATH-1209,True
MATH-945,False
MATH-958,True
MATH-869,False
MATH-1039,False
MATH-859,True
MATH-1155,False
MATH-850,False
MATH-760,True
MATH-1154,True
MATH-1142,False
MATH-1165,True
MATH-1139,False
MATH-1152,True
MATH-1148,True
MATH-1145,True
MATH-1149,True
MATH-1135,True
MATH-1131,True
MATH-1125,True
MATH-1110,True
MATH-749,False
MATH-1065,True
MATH-1044,False
MATH-1072,False
MATH-970,False
MATH-1038,False
MATH-1082,True
MATH-1079,False
MATH-1080,True
MATH-842,True
MATH-1068,True
MATH-1070,True
MATH-1059,True
MATH-1031,False
MATH-1062,True
MATH-1055,False
MATH-982,False
MATH-814,False
MATH-1051,True
MATH-1035,False
MATH-1004,False
MATH-1029,True
MATH-1033,True
MATH-1037,True
MATH-1018,False
MATH-1001,False
MATH-1030,False
MATH-996,True
MATH-1028,False
MATH-999,False
MATH-851,False
MATH-977,False
LANG-894,True
MATH-826,False
MATH-973,False
MATH-968,False
MATH-962,True
MATH-898,False
MATH-917,False
MATH-891,True
MATH-862,False
MATH-942,True
MATH-930,True
MATH-906,False
MATH-893,False
MATH-892,False
MATH-759,True
MATH-474,False
MATH-778,True
MATH-848,True
MATH-666,False
MATH-789,True
MATH-777,False
MATH-836,True
MATH-828,True
MATH-831,False
MATH-235,True
MATH-578,True
MATH-822,False
MATH-644,True
MATH-718,True
MATH-627,False
MATH-781,True
MATH-779,True
MATH-775,True
MATH-776,True
COMMONSSITE-57,True
COMMONSSITE-30,False
MATH-171,False
MATH-160,False
MATH-165,False
MATH-156,False
