MNG-5868,True
MNG-6919,True
MNG-6900,False
MNG-6907,True
MNG-6819,True
MNG-6914,False
MNG-5937,False
MNG-6909,False
MNG-6873,False
MNG-5600,False
MNG-6893,False
MNG-6656,True
MNG-6856,False
MNG-6891,False
MNG-2478,False
MNG-6672,True
MNG-6897,False
MNG-6512,True
MNG-6863,False
MNG-5001,True
MNG-4660,True
MNG-6553,False
MNG-6552,False
MNG-6554,False
MNG-6548,True
MNG-6889,True
MNG-6888,False
MNG-6886,True
MNG-6884,False
MNG-6867,False
MNG-5577,False
MNG-6882,False
MNG-6866,False
MNG-6828,True
MNG-5567,True
MNG-5222,True
MNG-4463,True
MNG-6772,True
MNG-6878,False
MNG-5668,True
MNG-5669,True
MNG-6872,False
MNG-6874,False
MNG-6562,False
MNG-6401,True
MNG-6859,False
MNG-6071,True
MNG-6855,False
MNG-6831,False
MNG-6852,False
MNG-6853,False
MNG-6732,False
MNG-6850,True
MNG-5587,False
MNG-6837,False
MNG-6847,False
MNG-6846,True
MNG-6844,False
MNG-6842,True
MNG-6841,False
MNG-5982,True
MNG-6065,False
MNG-6824,True
MNG-6827,False
MNG-6807,False
MNG-6826,False
MNG-6823,False
MNG-6821,False
MNG-6820,False
MNG-6816,False
MNG-6818,False
MNG-6817,False
MNG-6815,False
MNG-6814,False
MNG-6813,False
MNG-6812,False
MNG-6811,False
MNG-6810,False
MNG-6399,False
MNG-6771,True
MNG-6759,True
MNG-6584,True
MNG-6778,False
MNG-6789,True
MNG-6799,False
MNG-6765,True
MNG-6777,False
MNG-6760,True
MNG-6747,False
MNG-6695,False
MNG-6716,True
MNG-6738,False
MNG-6729,False
MNG-6713,True
MNG-6725,False
MNG-6720,True
MNG-6653,True
MNG-6723,True
MNG-6704,True
MNG-6697,False
MNG-6718,True
MNG-6549,True
MNG-6712,True
MNG-6705,False
MNG-6702,False
MNG-6703,True
MNG-6698,False
MNG-6700,True
MNG-6701,False
MNG-6685,True
MNG-6686,False
MNG-6674,False
MNG-6680,False
MNG-6675,False
MNG-6671,True
MNG-6581,True
MNG-6665,False
MNG-6667,False
MNG-6638,True
MNG-6633,True
MNG-6069,True
MNG-6626,True
MNG-6655,False
MNG-6643,True
MNG-6644,True
MNG-6636,True
MNG-6632,True
MNG-6631,True
MNG-6630,True
MNG-6629,True
MNG-6642,True
MNG-6646,False
MNG-6405,True
MNG-6627,False
MNG-6618,True
MNG-6605,False
MNG-6611,False
MNG-6506,True
MNG-6538,False
MNG-6572,True
MNG-6601,True
MNG-6597,True
MNG-6600,False
MNG-6599,True
MNG-6593,False
MNG-6495,True
MNG-6591,False
MNG-6571,False
MNG-6558,True
MNG-6573,False
MNG-5995,True
MNG-6533,True
MNG-6559,True
MNG-6256,True
MNG-6530,True
MNG-6520,False
MNG-6526,False
MNG-5693,False
MNG-6213,False
MNG-6544,False
MNG-5965,True
MNG-6529,True
MNG-6261,True
MNG-6481,True
MNG-6515,False
MNG-6505,True
MNG-6059,True
MNG-6497,False
MNG-6492,False
MNG-6490,True
MNG-6391,False
MNG-6496,True
MNG-6491,True
MNG-6489,True
MNG-6164,False
MNG-6486,False
MNG-6415,True
MNG-6480,True
MNG-6479,False
MNG-6358,True
MNG-5951,True
MNG-6414,True
MNG-6478,True
MNG-6311,True
MNG-6475,False
MNG-6473,True
MNG-6467,False
MNG-6449,True
MNG-6424,False
MNG-5940,True
MNG-6344,False
MNG-6364,False
MNG-6423,True
MNG-6410,True
MNG-6411,False
MNG-6382,True
MNG-6403,True
MNG-5756,False
MNG-6386,True
MNG-6363,False
MNG-6362,False
MNG-6377,False
MNG-6370,True
MNG-6323,True
MNG-6352,False
MNG-6353,True
MNG-6282,True
MNG-6320,True
MNG-6255,True
MNG-5992,False
MNG-6340,False
MNG-6342,False
MNG-6298,True
MNG-6296,True
MNG-6312,False
MNG-6308,False
MNG-6332,False
MNG-6331,False
MNG-6305,True
MNG-6330,True
MNG-6300,True
MNG-6306,False
MNG-6302,False
MNG-6242,True
MNG-6196,False
MNG-6275,True
MNG-6216,True
MNG-6220,True
MNG-6127,True
MNG-6148,True
MNG-6174,False
MNG-6123,True
MNG-5457,False
MNG-6258,False
MNG-6240,True
MNG-6207,False
MNG-6186,True
MNG-6206,False
MNG-6084,True
MNG-6167,False
MNG-5935,True
MNG-6228,True
MNG-6205,True
MNG-6223,True
MNG-6149,True
MNG-6198,True
MNG-6195,True
MNG-6112,True
MNG-6168,True
MNG-6192,True
MNG-6190,True
MNG-6189,False
MNG-6182,False
MNG-6176,True
MNG-6078,False
MNG-6183,True
MNG-6090,True
MNG-6115,False
MNG-6170,True
MNG-6180,True
MNG-6173,True
MNG-6181,True
MNG-6179,False
MNG-6177,True
MNG-6171,True
MNG-6140,False
MNG-6150,False
MNG-5889,True
MNG-5297,True
MNG-5968,False
MNG-5967,True
MNG-5934,False
MNG-2199,False
MNG-6166,True
MNG-6165,False
MNG-5961,True
MNG-6146,False
MNG-5981,True
MNG-5878,True
MNG-6110,False
MNG-5368,True
MNG-6137,False
MNG-6136,False
MNG-6003,False
MNG-6001,False
MNG-5963,True
MNG-5962,True
MNG-5852,True
MNG-5829,True
MNG-6068,False
MNG-6014,False
MNG-5823,True
MNG-5815,True
MNG-6092,True
MNG-5993,False
MNG-5607,False
MNG-6163,True
MNG-6145,False
MNG-6147,True
MNG-6144,True
MNG-6105,True
MNG-5883,False
MNG-5958,True
MNG-5931,False
MNG-5946,False
MNG-6017,False
MNG-6030,True
MNG-6093,False
MNG-3507,True
MNG-5904,True
MNG-6102,False
MNG-5977,False
MNG-5954,False
MNG-5975,False
MNG-6081,False
MNG-6106,False
MNG-6138,False
MNG-5836,True
MNG-6088,False
MNG-6117,True
MNG-5629,True
MNG-6152,False
MNG-6151,False
MNG-6135,True
MNG-6139,True
MNG-5661,True
MNG-6023,True
MNG-5761,True
MNG-5639,True
MNG-4347,True
MNG-5971,True
MNG-5527,True
MNG-6054,True
MNG-6114,True
MNG-4645,True
MNG-6113,True
MNG-6109,True
MNG-6096,False
MNG-6075,False
MNG-6082,False
MNG-6076,False
MNG-6074,False
MNG-6073,False
MNG-5670,True
MNG-6053,True
MNG-5988,True
MNG-6006,False
MNG-6057,True
MNG-6055,False
MNG-6049,True
MNG-3705,True
MNG-5227,True
MNG-6046,False
MNG-6043,True
MNG-6041,True
MNG-6038,False
MNG-6037,False
MNG-6035,False
MNG-6032,False
MNG-6029,True
MNG-4345,True
MNG-5984,True
MNG-5976,False
MNG-1577,True
MNG-5359,True
MNG-5538,True
MNG-5837,True
MNG-5923,False
MNG-5882,True
MNG-5840,True
MNG-5871,False
MNG-5915,True
MNG-5898,True
MNG-5649,False
MNG-5911,False
MNG-5721,True
MNG-5877,True
MNG-5907,True
MNG-5906,False
MNG-5905,False
MNG-5681,True
MNG-5901,True
MNG-5894,False
MNG-5893,False
MNG-5892,False
MNG-5891,True
MNG-5888,False
MNG-5887,False
MNG-5886,True
MNG-5816,True
MNG-5813,True
MNG-5812,True
MNG-5780,True
MNG-5794,False
MNG-5771,True
MNG-5767,True
MNG-5778,False
MNG-5740,False
MNG-5605,True
MNG-5686,True
MNG-5755,True
MNG-5754,False
MNG-5716,True
MNG-5702,True
MNG-5748,True
MNG-5747,True
MNG-5745,True
MNG-3891,True
MNG-5568,True
MNG-5730,True
MNG-5714,False
MNG-5724,True
MNG-5719,False
MNG-5718,True
MNG-5717,False
MNG-5715,False
MNG-5713,False
MNG-5712,False
MNG-5707,True
MNG-5700,True
MNG-5696,True
MNG-5687,True
MNG-5647,True
MNG-5648,True
MNG-3106,True
MNG-5613,True
MNG-5630,False
MNG-5631,False
MNG-5623,True
MNG-5612,True
MNG-5610,True
MNG-5609,True
MNG-5608,True
MNG-5590,True
MNG-5596,True
MNG-5595,True
MNG-5176,True
MNG-5574,False
MNG-5572,True
MNG-4099,True
MNG-5559,True
MNG-5230,False
MNG-3626,False
MNG-5528,True
MNG-5558,False
MNG-5075,True
MNG-3832,True
MNG-5513,True
MNG-5509,True
MNG-5459,True
MNG-5500,True
MNG-5482,False
MNG-5477,True
MNG-5480,False
MNG-5456,True
MNG-5213,True
MNG-5445,True
MNG-3131,True
MNG-5181,True
MNG-5185,True
MNG-5418,True
MNG-5402,False
MNG-5403,True
MNG-5245,False
MNG-5208,True
MNG-5400,False
MNG-5398,True
MNG-5399,False
MNG-5396,True
MNG-5395,True
MNG-5390,True
MNG-5380,True
MNG-5372,False
MNG-5365,False
MNG-5324,True
MNG-5162,True
MNG-5350,False
MNG-5338,True
MNG-5280,True
MNG-5279,True
MNG-5261,True
MNG-5151,False
MNG-5119,False
MNG-5164,True
MNG-5233,True
MNG-5225,True
MNG-5224,True
MNG-5209,True
MNG-5206,True
MNG-5175,True
MNG-5201,False
MNG-5200,False
MNG-5073,False
MNG-5157,True
MNG-5134,False
MNG-3124,True
MNG-5163,True
MNG-5155,True
MNG-5159,False
MNG-5158,False
MNG-5153,True
MNG-5152,False
MNG-5149,True
MNG-5140,True
MNG-5135,True
MNG-5096,True
MNG-5137,True
MNG-5113,True
MNG-5131,True
MNG-5064,True
MNG-4112,True
MNG-5108,False
MNG-5118,False
MNG-5076,False
MNG-5046,False
MNG-5044,False
MNG-5043,True
MNG-5020,False
MNG-5023,True
MNG-5019,True
MNG-4982,True
MNG-4991,True
MNG-4990,True
MNG-4987,True
MNG-5024,False
MNG-4963,True
MNG-5000,True
MNG-5014,True
MNG-4956,True
MNG-3575,False
MNG-5009,True
MNG-5005,True
MNG-4996,True
MNG-4992,False
MNG-4984,False
MNG-4971,False
MNG-4973,True
MNG-4975,True
MNG-4960,True
MNG-4966,True
MNG-4959,False
MNG-4919,True
MNG-4840,True
MNG-4957,True
MNG-4933,True
MNG-4952,True
MNG-4955,True
MNG-4953,False
MNG-4950,False
MNG-4945,True
MNG-4944,False
MNG-4941,True
MNG-4937,False
MNG-4936,False
MNG-4925,True
MNG-4926,False
MNG-4922,False
MNG-4923,True
MNG-4912,False
MNG-4918,True
MNG-4915,True
MNG-4913,True
MNG-4903,False
MNG-4909,False
MNG-4907,False
MNG-4850,True
MNG-4884,True
MNG-4883,True
MNG-4904,False
MNG-4902,False
MNG-4900,True
MNG-4896,False
MNG-4895,True
MNG-4892,True
MNG-4891,True
MNG-4877,True
MNG-4874,True
MNG-4864,True
MNG-4867,True
MNG-4860,False
MNG-4858,True
MNG-4845,True
MNG-4842,True
MNG-4794,True
MNG-4834,True
MNG-4832,True
MNG-4836,True
MNG-4837,True
MNG-4811,True
MNG-4815,False
MNG-4829,True
MNG-4824,False
MNG-4818,True
MNG-4825,False
MNG-4805,False
MNG-4814,True
MNG-4793,True
MNG-4751,True
MNG-4484,True
MNG-4807,False
MNG-4789,True
MNG-4795,True
MNG-4592,True
MNG-4343,True
MNG-4785,True
MNG-4788,True
MNG-4452,True
MNG-4796,False
MNG-4791,True
MNG-4787,True
MNG-4786,True
MNG-4779,True
MNG-4756,False
MNG-4782,False
MNG-4767,True
MNG-4776,True
MNG-4749,True
MNG-4775,True
MNG-4773,True
MNG-4772,True
MNG-4771,True
MNG-4755,True
MNG-4765,True
MNG-4762,True
MNG-4761,True
MNG-4615,True
MNG-4750,True
MNG-4747,True
MNG-4744,False
MNG-4740,True
MNG-4738,True
MNG-4633,False
MNG-4737,False
MNG-4717,True
MNG-4732,True
MNG-4729,True
MNG-4725,True
MNG-4718,True
MNG-4682,True
MNG-4697,True
MNG-4696,True
MNG-4695,True
MNG-1803,False
MNG-4693,False
MNG-4643,True
MNG-4678,True
MNG-4684,True
MNG-4679,True
MNG-4677,True
MNG-4666,True
MNG-4664,False
MNG-4658,True
MNG-4651,True
MNG-4642,True
MNG-4648,True
MNG-4632,True
MNG-4453,True
MNG-1751,True
MNG-2994,True
MNG-3004,True
MNG-3092,True
MNG-4629,True
MNG-4625,True
MNG-4623,False
MNG-4022,True
MNG-2103,True
MNG-4618,True
MNG-4619,False
MNG-3133,True
MNG-3470,True
MNG-4555,True
MNG-2276,True
MNG-4418,True
MNG-3477,True
MNG-2741,True
MNG-2187,True
MNG-3616,True
MNG-3779,False
MNG-4326,True
MNG-3529,True
MNG-4005,True
MNG-1701,True
MNG-2222,True
MNG-4610,False
MNG-4162,True
MNG-4600,True
MNG-4591,False
MNG-4590,True
MNG-4586,True
MNG-4580,True
MNG-1144,False
MNG-4574,True
MNG-4570,True
MNG-4571,True
MNG-4553,True
MNG-4564,True
MNG-4561,True
MNG-4554,True
MNG-4464,True
MNG-4526,True
MNG-4536,True
MNG-4544,True
MNG-3168,False
MNG-4522,True
MNG-4542,True
MNG-4543,True
MNG-4541,False
MNG-4524,True
MNG-4432,False
MNG-2281,True
MNG-4534,False
MNG-4529,True
MNG-4528,True
MNG-4518,True
MNG-4379,True
MNG-4512,True
MNG-3266,True
MNG-4511,True
MNG-4509,True
MNG-4368,False
MNG-4500,True
MNG-4498,True
MNG-4494,False
MNG-4495,True
MNG-4492,False
MNG-4489,True
MNG-4469,True
MNG-4488,True
MNG-4482,True
MNG-4475,True
MNG-4474,True
MNG-4472,True
MNG-4470,True
MNG-4466,True
MNG-4465,True
MNG-3902,False
MNG-4456,False
MNG-4461,True
MNG-4459,True
MNG-4454,True
MNG-4450,True
MNG-4440,False
MNG-4439,False
MNG-4436,True
MNG-4412,True
MNG-4433,True
MNG-4430,True
MNG-4429,True
MNG-4427,True
MNG-4426,True
MNG-4421,False
MNG-4423,False
MNG-4319,True
MNG-4413,True
MNG-4416,True
MNG-4415,True
MNG-4408,True
MNG-4410,True
MNG-4221,False
MNG-4398,False
MNG-3807,True
MNG-4405,True
MNG-4404,False
MNG-4402,False
MNG-4401,True
MNG-4400,True
MNG-3819,True
MNG-4186,False
MNG-4396,True
MNG-4204,True
MNG-4163,False
MNG-4393,True
MNG-4390,True
MNG-4383,True
MNG-3991,True
MNG-3183,False
MNG-4386,True
MNG-4385,True
MNG-4381,True
MNG-2098,True
MNG-4367,True
MNG-4194,True
MNG-4363,True
MNG-4055,True
MNG-4048,False
MNG-4361,True
MNG-3281,True
MNG-4360,True
MNG-4359,True
MNG-4355,True
MNG-4352,True
MNG-4353,True
MNG-4148,True
MNG-4350,True
MNG-4349,True
MNG-4348,True
MNG-4342,True
MNG-4344,True
MNG-4341,True
MNG-4338,True
MNG-4335,True
MNG-4334,True
MNG-4332,True
MNG-4331,True
MNG-4238,True
MNG-4327,True
MNG-3260,True
MNG-4320,True
MNG-4321,True
MNG-4318,True
MNG-4314,True
MNG-4317,True
MNG-4313,True
MNG-4312,True
MNG-4305,True
MNG-4304,True
MNG-3018,True
MNG-4297,True
MNG-4298,False
MNG-4296,False
MNG-553,True
MNG-4293,True
MNG-4291,True
MNG-4273,True
MNG-4287,False
MNG-2690,True
MNG-4275,True
MNG-3769,True
MNG-4197,True
MNG-4283,True
MNG-4281,True
MNG-4280,True
MNG-4279,False
MNG-4270,True
MNG-3043,True
MNG-4277,True
MNG-4166,True
MNG-4274,True
MNG-4269,True
MNG-4231,True
MNG-4266,True
MNG-3814,True
MNG-4254,True
MNG-2871,True
MNG-4262,True
MNG-4052,True
MNG-4260,False
MNG-4247,False
MNG-3506,True
MNG-4201,True
MNG-3220,True
MNG-4246,True
MNG-4244,False
MNG-2576,False
MNG-4239,True
MNG-4228,True
MNG-3265,True
MNG-3753,True
MNG-4227,True
MNG-4173,False
MNG-4224,False
MNG-4215,False
MNG-4219,True
MNG-4218,True
MNG-2363,True
MNG-4217,True
MNG-4207,True
MNG-4179,True
MNG-1491,False
MNG-3641,True
MNG-4214,True
MNG-4041,True
MNG-4191,True
MNG-4213,True
MNG-4169,False
MNG-2293,False
MNG-3012,True
MNG-4208,True
MNG-4203,True
MNG-4199,True
MNG-4196,True
MNG-4180,True
MNG-4190,True
MNG-2562,True
MNG-3401,True
MNG-4143,False
MNG-4167,True
MNG-4193,True
MNG-4172,True
MNG-2097,True
MNG-4129,True
MNG-4151,False
MNG-3776,True
MNG-4133,True
MNG-2365,True
MNG-4146,True
MNG-4137,True
MNG-4147,True
MNG-4082,True
MNG-2318,True
MNG-4140,True
MNG-0731,True
MNG-0051,False
MNG-4139,False
MNG-3834,False
MNG-4126,True
MNG-1995,True
MNG-1957,True
MNG-3843,True
MNG-2174,True
MNG-4106,True
MNG-3545,True
MNG-3714,False
MNG-4107,True
MNG-4116,True
MNG-2387,False
MNG-0479,True
MNG-4087,True
MNG-2006,True
MNG-3621,True
MNG-3680,True
MNG-3899,True
MNG-2591,True
MNG-3811,True
MNG-3938,True
MNG-3906,True
MNG-4102,True
MNG-2309,True
MNG-3846,True
MNG-3760,True
MNG-4074,True
MNG-4079,True
MNG-4075,False
MNG-4092,False
MNG-4091,False
MNG-4086,True
MNG-4078,True
MNG-4084,True
MNG-3947,True
MNG-3849,
MNG-4072,True
MNG-2432,True
MNG-4070,True
MNG-4068,True
MNG-3379,True
MNG-4056,True
MNG-4059,True
MNG-2254,True
MNG-2921,True
MNG-4057,True
MNG-4050,True
MNG-4053,True
MNG-2720,True
MNG-3193,True
MNG-3139,True
MNG-3057,True
MNG-3969,False
MNG-4046,False
MNG-3701,True
MNG-4042,False
MNG-1585,True
MNG-3794,True
MNG-4043,True
MNG-3732,True
MNG-4040,True
MNG-4034,True
MNG-4035,True
MNG-3914,True
MNG-4037,False
MNG-4036,True
MNG-3284,True
MNG-3631,False
MNG-4033,False
MNG-3971,False
MNG-3862,False
MNG-4027,True
MNG-4026,True
MNG-4024,True
MNG-3023,True
MNG-4023,True
MNG-3995,True
MNG-3719,True
MNG-3808,True
MNG-3885,True
MNG-3803,True
MNG-3951,True
MNG-4016,True
MNG-1992,True
MNG-3962,False
MNG-3920,True
MNG-3600,True
MNG-3810,True
MNG-2668,True
MNG-3853,True
MNG-4008,True
MNG-4007,True
MNG-4003,True
MNG-2605,True
MNG-3975,False
MNG-3955,True
MNG-3988,True
MNG-3973,True
MNG-1349,True
MNG-3948,True
MNG-3424,True
MNG-3933,True
MNG-3940,True
MNG-3867,False
MNG-3224,True
MNG-3936,True
MNG-3930,True
MNG-3451,False
MNG-1830,False
MNG-3795,False
MNG-3757,True
MNG-3921,True
MNG-3908,True
MNG-3898,True
MNG-3664,True
MNG-3544,False
MNG-3787,False
MNG-3845,True
MNG-3796,True
MNG-3863,True
MNG-3797,True
MNG-3839,True
MNG-3813,True
MNG-3503,True
MNG-3831,True
MNG-3805,True
MNG-1999,True
MNG-3740,True
MNG-3585,True
MNG-3599,True
MNG-3682,True
MNG-3652,True
MNG-3651,True
MNG-3380,True
MNG-3511,False
MNG-3654,True
MNG-3645,True
MNG-3642,True
MNG-3634,False
MNG-3052,True
MNG-3368,True
MNG-3536,True
MNG-3530,True
MNG-3622,True
MNG-3581,True
MNG-2739,True
MNG-2609,False
MNG-3571,True
MNG-3268,True
MNG-3509,False
MNG-3497,True
MNG-3498,True
MNG-3495,True
MNG-3494,True
MNG-3221,True
MNG-2664,True
MNG-3485,True
MNG-2339,True
MNG-3482,True
MNG-3426,True
MNG-3473,True
MNG-3286,True
MNG-3355,True
MNG-3464,True
MNG-3415,True
MNG-3394,True
MNG-3341,True
MNG-1914,True
MNG-3440,True
MNG-2234,True
MNG-3410,True
MNG-3316,True
MNG-3405,True
MNG-3400,True
MNG-3396,True
MNG-2184,True
MNG-2178,True
MNG-3354,True
MNG-1493,False
MNG-3331,False
MNG-3119,True
MNG-3099,True
MNG-2145,True
MNG-3372,True
MNG-1412,True
MNG-3272,True
MNG-3240,True
MNG-3194,True
MNG-1323,True
MNG-2878,True
MNG-3088,False
MNG-2061,True
MNG-3141,True
MNG-2961,True
MNG-3047,True
MNG-3062,False
MNG-3046,True
MNG-3134,True
MNG-2919,True
MNG-3039,True
MNG-2988,True
MNG-3037,True
MNG-2943,True
MNG-3013,True
MNG-2619,True
MNG-2936,True
MNG-2985,True
MNG-2965,False
MNG-2931,True
MNG-2790,True
MNG-2780,True
MNG-2749,True
MNG-1908,True
MNG-2228,True
MNG-2692,True
MNG-2681,True
MNG-2117,False
MNG-2539,True
MNG-2408,True
MNG-1797,True
MNG-2302,True
MNG-2314,True
MNG-1891,True
MNG-1562,True
MNG-1697,True
MNG-2447,True
MNG-2261,
MNG-2221,True
MNG-2425,True
MNG-2406,False
MNG-2357,False
MNG-2324,True
MNG-2244,True
MNG-2233,False
MNG-2229,False
MNG-2196,True
MNG-2054,True
MNG-2186,True
MNG-2167,True
MNG-32,False
MNG-2146,True
MNG-2136,True
MNG-1479,False
MNG-2052,True
MNG-2124,True
MNG-2130,True
MNG-1415,True
MNG-2068,True
MNG-2095,True
MNG-1895,True
MNG-2003,False
MNG-2083,True
MNG-2096,False
MNG-2084,True
MNG-1898,True
MNG-1703,True
MNG-1856,True
MNG-1509,True
MNG-2087,True
MNG-2078,True
MNG-2030,False
MNG-2037,True
MNG-1677,True
MNG-2002,True
MNG-1980,
MNG-1934,True
MNG-1927,True
MNG-1907,False
MNG-1903,False
MNG-1598,True
MNG-1071,
MNG-377,False
MNG-564,True
MNG-565,True
MNG-561,True
MNG-562,False
MNG-546,True
MNG-551,False
MNG-547,False
MNG-543,False
MNG-541,True
MNG-537,False
MNG-533,True
MNG-520,True
MNG-515,True
MNG-510,True
MNG-444,True
MNG-411,False
MNG-424,True
MNG-6781,False
MNG-6779,False
INFRA-18812,True
MNG-6681,False
MPOM-215,False
MNGSITE-357,True
MNGSITE-339,True
INFRA-16467,False
MNG-6233,True
MNG-6210,True
MNG-6209,True
INFRA-13307,True
MNG-5787,True
MNG-5858,True
MNG-5805,True
MNG-5796,True
MNG-5818,False
MNG-5797,True
MNG-5795,True
MNG-5793,True
MNG-5774,False
MNG-5783,True
MNG-5779,True
MNG-5775,True
MNG-5776,True
MNG-5734,False
MNG-5772,False
MNG-5768,True
MNG-5766,True
MNG-5762,True
MNG-5757,False
MNG-5753,False
MNG-5742,True
MNG-5727,True
MNG-5695,True
MNG-5676,True
MNG-5683,False
MNG-5677,True
MNG-5656,False
MNG-5658,True
MNG-2570,False
MNG-5349,True
MNG-5655,True
MNG-3954,False
MNG-5620,True
MNG-5452,True
MNG-5346,True
MNG-5638,True
MNG-5645,True
MNG-5625,False
MNG-5578,False
MNG-4226,True
MNG-5624,True
MNG-5591,True
MNG-5582,False
MNG-5581,False
MNG-5479,True
MNG-5576,True
MNG-5575,True
MNG-5570,True
MNG-5553,True
MNG-5389,True
MNG-5557,True
MNG-5549,False
MNG-5552,True
MNG-5550,True
MNG-5530,False
MNG-5503,True
MSITE-484,True
MNG-5444,True
MNG-5386,False
MNG-5381,False
MNG-5387,True
MNG-5376,False
MNG-5016,True
MNG-5053,True
MNG-5374,False
MNG-5312,True
MNG-5313,True
MNG-5314,True
MNG-5306,False
MNG-5214,True
MNG-5212,True
MNG-5141,False
MNG-5003,True
MNG-4988,False
MNG-4916,False
MNG-4910,False
MPIR-171,False
MNG-4866,True
MNG-4634,False
MNG-4628,False
MNGSITE-104,True
MNG-4289,True
MNG-4245,True
MNG-4216,False
MNG-3983,True
MNG-3602,False
MNG-3919,True
MNG-4013,True
MNG-4010,True
MNG-3887,True
MNG-3998,True
MNG-3964,False
MNG-3997,True
MNG-3985,True
MNG-3979,True
MNG-3821,True
MNG-3984,True
MNG-3937,True
MNG-3960,True
MNG-3974,True
MNG-3961,True
MNG-3586,True
MNG-3916,True
MNG-3905,False
MNG-3913,False
MNG-3876,False
MNG-3865,False
MNG-3653,True
MNG-3637,True
MNG-3649,True
MNG-3656,True
MNGSITE-55,False
MNG-3598,False
MNG-3574,True
MNG-3520,False
MNG-3484,True
MNG-3395,True
MNG-3467,False
MNG-3461,True
MNG-3407,False
MNG-3402,False
MNG-2744,True
MNG-3460,True
MNG-3454,True
MNG-2861,True
MNG-3442,False
MNG-428,False
MNG-2123,True
MNG-3439,True
MNG-3388,False
MNG-2848,True
MNG-3365,True
MNG-3360,False
MNG-2165,False
MNG-2809,True
MNG-2925,True
MNG-2166,False
MNG-3201,False
MNG-3279,False
MNG-3288,True
MNG-3335,False
MNG-3310,True
MNG-3318,False
MNG-3274,False
MANTTASKS-22,True
MNG-2277,True
MNG-2105,False
MNG-3245,True
MNG-3244,True
MNG-3024,False
MNG-3182,False
MNG-1922,False
MNG-2398,True
MNG-2935,True
MNG-3176,False
MNG-3177,False
MNG-3084,True
MNG-3059,True
MNG-2934,True
MNG-2831,True
MNG-2860,True
MNG-2992,False
MNG-2884,False
MNG-2923,True
MNG-2683,False
MNG-1849,True
MNG-2813,True
MNG-2687,True
MNG-2347,True
MNG-2461,False
MECLIPSE-262,True
MNG-2582,False
MNG-2880,True
MNG-2926,True
MNG-2876,True
MNG-2823,True
MNG-2648,True
MNG-2900,True
MNG-2898,False
MNG-2891,True
MNG-2868,False
MNG-2877,True
MNG-2793,True
MNG-2812,True
MNG-2051,True
MNG-2829,True
MNG-2778,False
MNG-2835,True
MNG-2827,True
MNG-2330,True
MNG-2776,False
MNG-2828,True
MNG-2847,True
MNG-2846,False
MNG-2820,True
MNG-2819,True
MNG-967,True
MNG-2745,True
MNG-2746,True
MNG-1385,False
MNG-2733,True
MNG-2729,True
MNG-2728,False
MNG-2721,False
MNG-2724,False
MNG-2722,False
MNG-2413,True
MNG-2153,False
MNG-2299,True
MNG-2393,False
MNG-1997,False
MNG-2617,False
MNG-2560,True
MNG-1827,True
MNG-1884,True
MPLUGIN-7,False
MNG-2364,True
MJAR-40,True
MNG-2147,True
MNG-1979,True
MNG-1937,True
MJAR-6,True
MPIR-21,True
MNG-852,False
MNG-853,False
MNG-891,True
MNG-560,True
MNG-420,True
MNG-813,False
MNG-754,True
MNG-722,True
MNG-736,False
MNG-150,False
MNG-692,True
MNG-695,True
MNG-663,False
MNG-599,True
MNG-588,True
MNG-628,True
MNG-477,True
MNG-584,True
MNG-582,True
MNG-406,True
MNG-86,True
MGN-6383,
MARTIFACT-19,
MNG-4222,
MERCURY-105,
MERCURY-103,
MNG-3976,
MARTIFACT-28,
MARTIFACT-25,
MARTIFACT-26,
MARTIFACT-6,
MEVENIDE-618,
MAVEN-3430,
MNG-3273,
PLX-340,
MEVENIDE-484,
MAVEN-1755,
MAVENUPLOAD-1015,
MAVENUPLOAD-982,
MNG-1488,
MNG-1433,
MNG-1400,
MNG-1200,
MNG-1350,
MNG-1224,
MNG-618,
MNG-1319,
MNG-1216,
MNG-796,
MNG-1095,
MNG-706,
MNG-826,
MAVEN-1669,
MNG-661,
