RAT-269,False
RAT-268,True
RAT-267,False
RAT-266,False
RAT-262,False
RAT-259,False
RAT-250,False
RAT-260,False
RAT-256,False
RAT-257,True
RAT-258,True
RAT-244,False
RAT-254,False
RAT-212,True
RAT-228,True
RAT-245,False
RAT-242,True
RAT-234,True
RAT-243,False
RAT-241,False
RAT-226,False
RAT-240,True
RAT-233,False
RAT-222,True
RAT-224,True
RAT-223,False
RAT-216,False
RAT-215,True
RAT-214,True
RAT-213,False
RAT-210,False
RAT-163,False
RAT-208,False
RAT-204,False
RAT-202,False
RAT-203,False
RAT-201,False
RAT-171,True
RAT-179,True
RAT-200,False
RAT-180,True
RAT-160,True
RAT-172,False
RAT-197,False
RAT-198,False
RAT-196,False
RAT-195,False
RAT-194,False
RAT-158,True
RAT-168,True
RAT-144,True
RAT-136,False
RAT-165,False
RAT-148,True
RAT-162,True
RAT-252,False
INFRA-18539,False
RAT-253,True
INFRA-17348,False
INFRA-15891,True
INFRA-15791,False
RAT-232,False
RAT-227,False
RAT-230,True
RAT-231,False
RAT-229,True
RAT-218,False
RAT-217,False
RAT-193,False
RAT-191,False
RAT-192,False
RAT-188,True
RAT-61,False
RAT-185,True
RAT-187,False
RAT-181,False
RAT-186,False
RAT-184,False
RAT-174,True
RAT-177,True
RAT-175,True
RAT-173,True
RAT-167,False
RAT-170,False
RAT-169,True
RAT-159,True
RAT-155,True
RAT-156,True
RAT-135,True
RAT-154,True
RAT-153,True
RAT-152,True
RAT-151,True
RAT-145,True
RAT-129,False
RAT-137,True
RAT-128,True
RAT-138,True
RAT-140,True
RAT-139,False
RAT-126,True
RAT-127,False
RAT-125,False
RAT-123,True
RAT-116,True
RAT-124,True
RAT-78,False
RAT-122,True
RAT-119,False
RAT-114,True
RAT-65,False
RAT-64,True
RAT-30,False
RAT-68,False
RAT-56,False
RAT-2,False
RAT-53,False
RAT-52,False
RAT-12,True
RAT-10,False
RAT-9,False
AT-179,
