1ca482e7864aa3a47a054e144343bc5c0e8afbcf,RAT-269: Update Apache ANT to fix CVE-2020-1945,2,4,1,RAT-269,False
9f4340c02ce59f638b3afb289b2c8d81d72bf2f7,RAT-268: Add changelog for new handling of pomfile only modules,1,3,0,RAT-268,True
63d90478429b14a5335824e222c1ebf7263d6ffe,[RAT-268] apache-rat-plugin incorrectly assumes poms module is always a directory,10,200,7,RAT-268,True
5511240032240378ef52400bb8eabe89d1ba7648,RAT-269: Update Apache ANT to fix CVE-2020-1945,2,4,1,RAT-269,False
f6c76ede4663eb70ab63074afb7fe0d140206e0a,RAT-268: Add changelog for new handling of pomfile only modules,1,3,0,RAT-268,True
88f8d926c97c5caa378703e46f3debda87ecf0c7,[RAT-268] apache-rat-plugin incorrectly assumes poms module is always a directory,10,200,7,RAT-268,True
cb230644da2bdd93eee434f3a2e53f147311cc9b,RAT-267: Add changelog,1,4,1,RAT-267,False
52ed7d13234dd7167a8af5421e0b9490e2fce7fd,RAT-267: Apply patch from Jira - report to stderr instead of SystemOut,1,1,1,RAT-267,False
3a0d24fb19174d55b8eda74206473f2a421583ab,RAT-266: Add changelog for new Eclipse default exclusion,1,3,0,RAT-266,False
bcaff1efdbb942c1b69e2b930dad489d65fd53e8,"RAT-266: Add .factorypath to Eclipse default excludes

This closes #12",2,6,4,RAT-266,False
7c828d3221df7600874712372e9ec212a00b71a7,RAT-262: Add docs about build failures,1,4,1,RAT-262,False
085bb1fefc4720bc000b42134651bbb8f48b2e79,RAT-262: Fix malformed JSON,1,1,1,RAT-262,False
187fc8cfb056e8f73375ef159d4de02534a4715a,RAT-262: Fix tests after adding JSON example data,5,12,6,RAT-262,False
257d188bd877e5d4558ba0dbabf4c41323b78615,RAT-262: Add JSON as example data,1,3,0,RAT-262,False
94155f10465bcb7c006eae485c5661d8bf97bcbb,"RAT-262: Add igoring JSON file

As we are running with older versions of RAT",1,2,0,RAT-262,False
b3858cdd0de7416ec60ceda49bf270ebf90accfe,RAT-262: Add changelog.,1,3,0,RAT-262,False
a0bc198d6738c339800b9aeb9b9c0efb3f456df5,RAT-250: Fix link to Travis status page,1,1,1,RAT-250,False
9392d3d03f4a6fcac790d1e8c07b82596ed3102f,RAT-259: Fix gitignore chaos after import into Eclipse IDE,1,5,0,RAT-259,False
404eefa2178fff230f65f4192b05ad6efdb994b9,RAT-260: Fix link to Travis badge,1,1,1,RAT-260,False
eac582beeb73c31107aa1d915f3a0ea01a7eb7ed,RAT-260: Add changelog entry for Travis setup fix,1,3,0,RAT-260,False
c0f0c57025cc57170dc25a579df0a5a13c426d10,RAT-259: Get rid of static stuff in Report,4,10,8,RAT-259,False
518363d7d4d6467fc8bc9379643641f056401ae2,RAT-259: Add test for static helper methods,2,13,2,RAT-259,False
a00d1abe9bb654176d2061d5596e0c8bbd67a857,RAT-256: Refactor method name,1,1,2,RAT-256,False
771a435af4fb87843664e5f72000012274c3016f,RAT-259: Extract System exit,1,2,1,RAT-259,False
c695ca5e49761bca62c824b05207f01f809b14af,RAT-259: Extract CLI class,5,286,227,RAT-259,False
09a1369413d22118a61e5ca805a3db17644eb5fd,RAT-257: Adapt site files to reflect updated CLI help,1,8,6,RAT-257,True
f141668871886adf4d90d6d484fadd9e27224868,RAT-258: Update to latest commons-compress to fix CVE-2019-12402,2,4,1,RAT-258,True
dcf0ad754cc157b255199fc6aef79401ce3bb8ab,RAT-257: Adapt help text,1,4,4,RAT-257,True
707c298099935696e97b178347efddd544480a9b,RAT-257: Add changelog,1,3,0,RAT-257,True
3082f10e297c56e0ca067726a91169bc548aa989,RAT-244: Adapt changelog to properly document migration to JDK7,1,1,1,RAT-244,False
4a12e520c1082f8bb378bd5b379a294927535805,RAT-244: Add badge to ASF Jenkins,1,3,3,RAT-244,False
18af4f0b5a314d1d43a051b9b11e7ca567589350,RAT-244: Add badge to ASF Jenkins,1,1,1,RAT-244,False
6c7f62e60e2b9a5a5daab477670a35e35242bc69,RAT-244: Add badge to ASF Jenkins,1,1,0,RAT-244,False
1ca7d8e0d1a87564899656c5d17c9345a6bc993a,RAT-244: Add docs about build failure on Travis,1,3,0,RAT-244,False
d1908991b453d0d580489441dbbef5f1f989fad6,"RAT-252,INFRA-18539: Test Jira integration",1,1,1,RAT-252,False
261c7bf7c39591651bbfc8dda97dcfaf2896a26e,INFRA-18539: Test Jira integration,1,1,1,INFRA-18539,False
b1dcd130595fac0c1a8616008c46753d34d31d38,RAT-254: Remove old hints of SVN site repo/procedure,1,0,38,RAT-254,False
b9f0d23b2d49b594bfa6dae348f5c712035b0af2,RAT-254: Remove old hints of SVN site repo/procedure,1,0,38,RAT-254,False
e040f8b1f77bd86ae0aba4949661c4b3d649df48,RAT-244: Language level 1.7 runs well with JDK12,1,1,2,RAT-244,False
de8e688a0e161c3bc5b3d2b2cb74506c1bc9c422,RAT-254: Add hint about new master branch and changelog for move to gitbox/hub,2,9,0,RAT-254,False
f4953b67696ee9d34ce4abd3afc1c63a8a45f75e,RAT-244: Fix site build,1,5,0,RAT-244,False
5277f23e8dcd41998f3cbd312ab7d20a25ded9cc,RAT-244: Fix site build,1,2,1,RAT-244,False
6469d16e58983f6ab20b6c9132cca4e1d051583a,RAT-244: Fix adding test annotations to actually run tests,1,10,0,RAT-244,False
6b20c366f72bff467975b40c33a460b2a4116143,RAT-244: Fix adding test annotations to actually run tests,1,10,0,RAT-244,False
fbe733961908dca48b939eee4035ad858c776b2e,RAT-244: Fix compilation issue after refactoring,1,1,1,RAT-244,False
2d7fff10c9e83e8aa3fb0fd0e7edb070b8564fcd,RAT-244: Update plugins and fix errors in site,7,30,47,RAT-244,False
69dc9a395651aa3ecddd87910daf5b08191b54e4,RAT-244: Remove unused constant,1,0,2,RAT-244,False
543b41b7de6d991abb99db1631b121d7b2e842e1,RAT-244: Apply JDK7 language changes,28,58,82,RAT-244,False
f3c4982c72a207642534d14350cc3cdc7168a485,RAT-244: Try updating to JDK7 to fix CVE issue,1,2,2,RAT-244,False
8af34f1e72fefaf3645f3faeba03171a17ab9189,RAT-244: Copy&Paste placeholders for jira changes?,1,1,0,RAT-244,False
80e49e035ff23256accad44c59facb8aac7f3560,RAT-244: Apply performance warning from IDE,1,3,3,RAT-244,False
cc335fd9d5d90f1c4bb77d19f123d9e537b1f518,RAT-244: Replace old style JUnit tests with JUnit4,5,23,28,RAT-244,False
ce6d74249e215d88568363e8cc24eef7dcd261cf,RAT-244: Update to non-deprecated ANT-Buildfilerule,4,34,32,RAT-244,False
f670a25af32796cbe83e910ec44d4ce68a5facad,RAT-244: Upgrade to non-deprecated constant in lang3,1,1,1,RAT-244,False
5544fd04d624424e3352293c9dc32f499542edde,"RAT-244: Minor refactorings, fix warnings",19,26,30,RAT-244,False
cb6a60805553c3eb208a23d130c281a93f75f4ff,"RAT-244: Fix warnings, remove JDK7 reference in import",2,4,6,RAT-244,False
056614323a6fb001ebf71a2ff93c0b374ebab1bc,RAT-244: Update commons-compress,1,1,1,RAT-244,False
575c66c83f04522fef9065bb92333dfd6eca06d1,RAT-244: Update to old commons-lang3,5,12,10,RAT-244,False
8e3ef24d1271800ab2099b8b07a5d9c5bac46b44,RAT-244: Update commons-cli,1,1,1,RAT-244,False
dc117a39d8c8915242e2dad7b773bab4dbc81c29,RAT-244: Use last release version during builds,1,1,1,RAT-244,False
45e2f9a574b471ca9b3a9af0ad011e8173de55f1,RAT-244: Fix CVE warning in commons-io,1,1,2,RAT-244,False
38fcf114e63e6205cff7db206c68b7d3c5a486d0,RAT-244: Update to language level 1.6,3,12,12,RAT-244,False
81d8a9a14e5feae7a7c8408417273ab640db9059,RAT-212: Use older Jira ticket,1,1,1,RAT-212,True
3e6ce0c0ac13e6e651948e0caefb12dd312f0809,RAT-212: Add https URL as valid ASF2.0,1,3,0,RAT-212,True
ec502397e1e49bdaec041d4960ac6398bfdddea0,"RAT-253,RAT-212: Update Travis integration.",1,1,1,RAT-253,True
b10b462174968ce42443b3a769ef09bb48e779a0,RAT-212: Support all License urls as specified by https://issues.apache.org/jira/browse/LEGAL-265,6,61,4,RAT-212,True
271cb2fdf3d3dea168c09cab358d566db7549102,RAT-250: Update to latest Ant 1.9.14,2,6,3,RAT-250,False
f794d43c1a9faec35de2a627c0d3b963c5b703e8,INFRA-17348: Move changes to the correct location,1,3,1,INFRA-17348,False
4069eacc230b57a24d324cdfcf325ea86d8fe1ee,"RAT-228: Fix broken Ant integration tests

Make tests more deterministic and fix matcher setup.
Thanks to Romain Manni-Bucau


git-svn-id: https://svn.apache.org/repos/asf/creadur/rat/trunk@1842757 13f79535-47bb-0310-9956-ffa450edef68",4,19,16,RAT-228,True
c9bc3cddd890ac67f16fc1b0e62d4a5d0f90ab08,"RAT-228: Enable build failure if tests fail

ANT tests were disabled to break the build, thus we did not spot the problems for quite a while.


git-svn-id: https://svn.apache.org/repos/asf/creadur/rat/trunk@1836958 13f79535-47bb-0310-9956-ffa450edef68",3,4,3,RAT-228,True
b7273fd752abca8a460aa8fe7715138ea60dd1d9,"RAT-245: Update to latest RAT 1.9.12


git-svn-id: https://svn.apache.org/repos/asf/creadur/rat/trunk@1836067 13f79535-47bb-0310-9956-ffa450edef68",2,6,3,RAT-245,False
4c8398ed29699031adf9184ab6e17e85caaa1dfd,"RAT-245: Update to latest Ant release


git-svn-id: https://svn.apache.org/repos/asf/creadur/rat/trunk@1827994 13f79535-47bb-0310-9956-ffa450edef68",2,4,1,RAT-245,False
afd89fda466585a284058617a35053c906d01ce1,"RAT-245: Add changelog


git-svn-id: https://svn.apache.org/repos/asf/creadur/rat/trunk@1823519 13f79535-47bb-0310-9956-ffa450edef68",1,3,0,RAT-245,False
dbe0de70252a675390a7ab54e71dba4a59e2a11c,"RAT-245: Update to latest ANT 1.9.10 to fix CVE


git-svn-id: https://svn.apache.org/repos/asf/creadur/rat/trunk@1823518 13f79535-47bb-0310-9956-ffa450edef68",1,3,2,RAT-245,False
64c07a8d2edfba2c4b466ea7e09df629f0d2d0da,"INFRA-15891: Add badge to travis and a nice github page


git-svn-id: https://svn.apache.org/repos/asf/creadur/rat/trunk@1821323 13f79535-47bb-0310-9956-ffa450edef68",1,56,0,INFRA-15891,True
e1e3877303bfa01dd9ca155721ad480934e0bba9,"RAT-242: Tweak configuration for ANT task itests


git-svn-id: https://svn.apache.org/repos/asf/creadur/rat/trunk@1821092 13f79535-47bb-0310-9956-ffa450edef68",1,1,1,RAT-242,True
039696ad633a5f3542cef9bd821e913aee6c15d3,"RAT-242: Add exclusions for RAT itests


git-svn-id: https://svn.apache.org/repos/asf/creadur/rat/trunk@1821091 13f79535-47bb-0310-9956-ffa450edef68",1,1,0,RAT-242,True
8b3c4fa3525d15148d12012224516b0cfbe020ce,"RAT-242: Add exclusion of ITests to rat plugin pom


git-svn-id: https://svn.apache.org/repos/asf/creadur/rat/trunk@1821090 13f79535-47bb-0310-9956-ffa450edef68",1,3,1,RAT-242,True
71807df67cdcedce37257aec60483a7c7a901d59,"RAT-242: Adapt rat check configuration

Add explicit exclusion for new resource files.


git-svn-id: https://svn.apache.org/repos/asf/creadur/rat/trunk@1821086 13f79535-47bb-0310-9956-ffa450edef68",2,1,16,RAT-242,True
000af0377c2fdb50ff6250dbb46007a906888b21,"RAT-262: Try to fix failing Jenkins build

that works fine locally.


git-svn-id: https://svn.apache.org/repos/asf/creadur/rat/trunk@1821058 13f79535-47bb-0310-9956-ffa450edef68",1,16,0,RAT-262,False
8509d2efb14bc2f0258cb87ddf462fe847bc47b8,"RAT-242: Add tests and fixes for encoding


git-svn-id: https://svn.apache.org/repos/asf/creadur/rat/trunk@1821056 13f79535-47bb-0310-9956-ffa450edef68",8,249,6,RAT-242,True
e7c201955a11b860a7267bfa07e12e49eaa49b65,"RAT-242: Use UTF-8 as default encoding for written reports

Thanks to Matthias Bläsing
https://github.com/apache/creadur-rat/pull/8


git-svn-id: https://svn.apache.org/repos/asf/creadur/rat/trunk@1820237 13f79535-47bb-0310-9956-ffa450edef68",3,26,17,RAT-242,True
6d5cc5dc1ecf4ebfff6dc124a25e7b347b6831f6,"INFRA-15791: Add travis build file to RAT ignores


git-svn-id: https://svn.apache.org/repos/asf/creadur/rat/trunk@1820236 13f79535-47bb-0310-9956-ffa450edef68",1,1,0,INFRA-15791,False
8fbb1352cd0d4e5a25e1d29163dba07afec41686,"INFRA-15791: Add travis build file


git-svn-id: https://svn.apache.org/repos/asf/creadur/rat/trunk@1820235 13f79535-47bb-0310-9956-ffa450edef68",1,11,0,INFRA-15791,False
c4becab5bef36db1f88447787c0603eac41e1af6,"RAT-234: Fix typo in constant name


git-svn-id: https://svn.apache.org/repos/asf/creadur/rat/trunk@1819190 13f79535-47bb-0310-9956-ffa450edef68",1,4,4,RAT-234,True
d49285e88bd70593b01784d59921ed96529c8099,"RAT-234: Add changelog entry


git-svn-id: https://svn.apache.org/repos/asf/creadur/rat/trunk@1819189 13f79535-47bb-0310-9956-ffa450edef68",1,3,0,RAT-234,True
1d6a2b79ed26da4245999b26bdaed4220d1fca3b,"RAT-234: Apply patch to disably binary classification for TS

TypeScript files are just excluded,
relates to:
https://github.com/apache/creadur-rat/pull/7

Thanks to ajbanck


git-svn-id: https://svn.apache.org/repos/asf/creadur/rat/trunk@1817859 13f79535-47bb-0310-9956-ffa450edef68",1,1,2,RAT-234,True
027e3599a5301bc09e5fc6f3ca1f94856e9118ce,"RAT-243: Add .checkstyle to default exclusions


git-svn-id: https://svn.apache.org/repos/asf/creadur/rat/trunk@1812848 13f79535-47bb-0310-9956-ffa450edef68",3,8,4,RAT-243,False
39b0c7c8f5e8bbb1a3b1a18f8a91753230f6b5cd,"RAT-241: Use lower log level


git-svn-id: https://svn.apache.org/repos/asf/creadur/rat/trunk@1812564 13f79535-47bb-0310-9956-ffa450edef68",2,5,1,RAT-241,False
5901d06a351cb1400da23b580db0dd1c2ec0eef2,"RAT-226: Use same ANT version

Always use latest ant 1.9.9.


git-svn-id: https://svn.apache.org/repos/asf/creadur/rat/trunk@1812165 13f79535-47bb-0310-9956-ffa450edef68",1,1,1,RAT-226,False
49261b29bd936467693416c641fb0abd873f1f36,"RAT-240: Add change documentation and update tests

* Test comment/empty line input.
* Test input that is trimmed.
* Add changes.


git-svn-id: https://svn.apache.org/repos/asf/creadur/rat/trunk@1811618 13f79535-47bb-0310-9956-ffa450edef68",3,10,6,RAT-240,True
16c3f3238909c9aa4753f8b1169f9d97a91ca0ca,"RAT-240: Add comments in exclusion files/change parsing

* Added skippig of empty and comment lines.
* Added new NameFileFilter and WildcardFileFilter to support more
exclusions in different formats.


git-svn-id: https://svn.apache.org/repos/asf/creadur/rat/trunk@1811592 13f79535-47bb-0310-9956-ffa450edef68",1,11,2,RAT-240,True
996cde5bd0dc192041a7be6ff40fa084e2ff6ab3,"RAT-240: Unify handling of exclusion parsing

* Use same method from exclusionFile and as parameter to define excludes


git-svn-id: https://svn.apache.org/repos/asf/creadur/rat/trunk@1811509 13f79535-47bb-0310-9956-ffa450edef68",2,14,12,RAT-240,True
f2f743ee40a1640c5906eeed7dfff0773ef111cb,"RAT-240: prepare testing of extensions.


git-svn-id: https://svn.apache.org/repos/asf/creadur/rat/trunk@1811507 13f79535-47bb-0310-9956-ffa450edef68",1,3,0,RAT-240,True
1ff3dc1fd0108ab945a302b538617b61ab012475,"RAT-240: Do not stop execution if given pattern is invalid

* Continue execution of CLI run in case of illegal patterns
* Extract pattern extraction to allow easier testing



git-svn-id: https://svn.apache.org/repos/asf/creadur/rat/trunk@1811451 13f79535-47bb-0310-9956-ffa450edef68",1,15,10,RAT-240,True
54c6c43789e0443fbcf6bf10e2bfd43e066c5b4c,"RAT-240: Refactor parameter extraction


git-svn-id: https://svn.apache.org/repos/asf/creadur/rat/trunk@1811445 13f79535-47bb-0310-9956-ffa450edef68",1,7,8,RAT-240,True
d39e95c609ec59456e213189bab1d0cf5ff8d6c6,"RAT-240: Update maven-compiler plugin.



git-svn-id: https://svn.apache.org/repos/asf/creadur/rat/trunk@1811444 13f79535-47bb-0310-9956-ffa450edef68",1,1,1,RAT-240,True
a1db24a8b80c640ab128e7d0814af7acf39d6ec8,"RAT-240: Refactor CLI base class

Remoe deprecated usages of commons CLI


git-svn-id: https://svn.apache.org/repos/asf/creadur/rat/trunk@1811266 13f79535-47bb-0310-9956-ffa450edef68",1,14,31,RAT-240,True
b1f2f1d470a6cfee656a06ab10ea1210a2e51b32,"RAT-228: Use same dependency versions as Maven


git-svn-id: https://svn.apache.org/repos/asf/creadur/rat/trunk@1792820 13f79535-47bb-0310-9956-ffa450edef68",1,4,4,RAT-228,True
ccd7edafc8ec366bbe7fe2b61f14112e4d694d60,"RAT-228: Update to latest maven antrun plugin


git-svn-id: https://svn.apache.org/repos/asf/creadur/rat/trunk@1792819 13f79535-47bb-0310-9956-ffa450edef68",1,1,1,RAT-228,True
6bd6fae3c7be726b6841028f9386fa93d04d52f6,"RAT-228: Use latest release version in example ANT file


git-svn-id: https://svn.apache.org/repos/asf/creadur/rat/trunk@1792813 13f79535-47bb-0310-9956-ffa450edef68",1,1,1,RAT-228,True
bbe5d1b7f8f41948e0d63fcf2730ccc6cdf78ac7,"RAT-233: Detect xproj files.


git-svn-id: https://svn.apache.org/repos/asf/creadur/rat/trunk@1792812 13f79535-47bb-0310-9956-ffa450edef68",2,5,1,RAT-233,False
da5365ab420c4772d9d27ccd9fd525b756815a15,"[RAT-232] Removed prerequisites from pom use maven-enforcer instead


git-svn-id: https://svn.apache.org/repos/asf/creadur/rat/trunk@1787483 13f79535-47bb-0310-9956-ffa450edef68",1,3,4,RAT-232,False
be33512a21e317566223433ee2145f6a6426f40a,"[RAT-227] Change all links in maven-generated site to https for security reasons


git-svn-id: https://svn.apache.org/repos/asf/creadur/rat/trunk@1787474 13f79535-47bb-0310-9956-ffa450edef68",21,48,48,RAT-227,False
c79312ed6d74f0e4d22585be0c21bbb5a5a0cd82,"[RAT-230] Short Apache header is not accepted by apache-rat-plugin
 o Added the short line as supplemental first license line.
 o Added appropriate unit test.


git-svn-id: https://svn.apache.org/repos/asf/creadur/rat/trunk@1787361 13f79535-47bb-0310-9956-ffa450edef68",2,58,1,RAT-230,True
d045729bc0ac1732ef356a345d5209624abf45cc,"[RAT-231] Update URL's from http to https


git-svn-id: https://svn.apache.org/repos/asf/creadur/rat/trunk@1787348 13f79535-47bb-0310-9956-ffa450edef68",1,4,4,RAT-231,False
36b1dbf48438cac2763722a02ca747f9fe8f8535,"[RAT-229] Mp3 files are not treated as binary
 o Added several audio format extensions.


git-svn-id: https://svn.apache.org/repos/asf/creadur/rat/trunk@1786209 13f79535-47bb-0310-9956-ffa450edef68",2,22,2,RAT-229,True
1b468ca99d5a0a952a4820084a4741c44c8cf95e,"RAT-226: Update to latest ANT 1.9.9.


git-svn-id: https://svn.apache.org/repos/asf/creadur/rat/trunk@1781962 13f79535-47bb-0310-9956-ffa450edef68",2,4,1,RAT-226,False
b33dad15085f564adfe9e0a075910c8a27279bb9,"RAT-222: Add SNAPSHOT handling in download section

* Reference full download to latest RAT released used for testing.
* Link to SNAPSHOT repository for current project version.



git-svn-id: https://svn.apache.org/repos/asf/creadur/rat/trunk@1770753 13f79535-47bb-0310-9956-ffa450edef68",3,38,26,RAT-222,True
32c17c3701b168c13f5871c0d511a95b1732c0b8,"RAT-224: Fix webpage example YAST

* Contributed via https://github.com/apache/creadur-rat/pull/5/files


git-svn-id: https://svn.apache.org/repos/asf/creadur/rat/trunk@1770594 13f79535-47bb-0310-9956-ffa450edef68",2,4,1,RAT-224,True
ffecb04096517268c70ebd6121bb76bec99d9897,"RAT-223: Add support for Golang and Perl modules
(contributed by Eric Friedrich)

* Manually added pull request from Github and adapted change log.


git-svn-id: https://svn.apache.org/repos/asf/creadur/rat/trunk@1768796 13f79535-47bb-0310-9956-ffa450edef68",5,64,15,RAT-223,False
6372466d2cd8df4c13a87415e075d96befc530a9,"[RAT-218] Fix wrong License Header
 o apache-rat-plugin/src/main/java/org/apache/rat/mp/AbstractRatMojo.java
   contained a wrong license header.


git-svn-id: https://svn.apache.org/repos/asf/creadur/rat/trunk@1758481 13f79535-47bb-0310-9956-ffa450edef68",1,3,1,RAT-218,False
6f374199368d23c1ed732ff8f57c28ba7782256f,"[RAT-217] maven-compiler-plugin configuration can be simplified


git-svn-id: https://svn.apache.org/repos/asf/creadur/rat/trunk@1758478 13f79535-47bb-0310-9956-ffa450edef68",1,0,4,RAT-217,False
3fb58c3bdc63ef99f4f9a2b2e4bf4cc2de82b8c7,"RAT-216: Upgrading maven-enforcer-rules

* Fixes strange NPE when using latest ASF parent pom 18



git-svn-id: https://svn.apache.org/repos/asf/creadur/rat/trunk@1757755 13f79535-47bb-0310-9956-ffa450edef68",1,1,1,RAT-216,False
8813bbfa0be3f4eedcbb1429baf7b090439ee4d7,"RAT-216: Update to new 0.13-SNAPSHOT

* Update dependencies to latest (old) possible release.



git-svn-id: https://svn.apache.org/repos/asf/creadur/rat/trunk@1756546 13f79535-47bb-0310-9956-ffa450edef68",6,16,14,RAT-216,False
92065262655639e622aa8cce54e977d82fe31aaf,"RAT-215: Version info is not inherited into reporting section.


git-svn-id: https://svn.apache.org/repos/asf/creadur/rat/trunk@1735923 13f79535-47bb-0310-9956-ffa450edef68",1,1,0,RAT-215,True
599b2bdff52f17b9a47468f38052299ffc50773d,"RAT-215: Fix mvn warnings on CI.


git-svn-id: https://svn.apache.org/repos/asf/creadur/rat/trunk@1735922 13f79535-47bb-0310-9956-ffa450edef68",1,6,0,RAT-215,True
6403d7980db076258ce1dd34bc715d12f1f81b46,"RAT-215: Add fonts as binary by default based on file endings



git-svn-id: https://svn.apache.org/repos/asf/creadur/rat/trunk@1735829 13f79535-47bb-0310-9956-ffa450edef68",2,6,1,RAT-215,True
553b93e513a56a17cecac4c50230df920b0dc17d,"RAT-214: Update dependencies
* Update ant and commons-compress as suggested by a CVE scan.



git-svn-id: https://svn.apache.org/repos/asf/creadur/rat/trunk@1734995 13f79535-47bb-0310-9956-ffa450edef68",2,8,5,RAT-214,True
2380409fbcd02b418eceacfdc1e486bdbbca9632,"RAT-213: Upgrade to commons-collections 3.2.2


git-svn-id: https://svn.apache.org/repos/asf/creadur/rat/trunk@1734360 13f79535-47bb-0310-9956-ffa450edef68",3,7,1,RAT-213,False
6730f1cf4a36a8fa8e0bcf2796b6a9855d08e61d,"RAT-210: Adapt to new CD/CI
* Use new logo and move it to the left of the page.
* Let links be SSL.


git-svn-id: https://svn.apache.org/repos/asf/creadur/rat/trunk@1727657 13f79535-47bb-0310-9956-ffa450edef68",5,78,76,RAT-210,False
a8170692d379b44a8511b84acedcee65adf2777e,"RAT-163: Temporarily removed gradle-plugin submodule to enable green builds again.



git-svn-id: https://svn.apache.org/repos/asf/creadur/rat/trunk@1705748 13f79535-47bb-0310-9956-ffa450edef68",1,3,0,RAT-163,False
5aa588819ca302253f76dcf56f1a8a68a22eae8f,"RAT-208: Fix the build, fix javadoc error with JDK8.



git-svn-id: https://svn.apache.org/repos/asf/creadur/rat/trunk@1705568 13f79535-47bb-0310-9956-ffa450edef68",2,2,1,RAT-208,False
5404e14e09906612b938a907d886a24fd883b999,"RAT-163: Add eclipse files to svn:ignore.


git-svn-id: https://svn.apache.org/repos/asf/creadur/rat/trunk@1705530 13f79535-47bb-0310-9956-ffa450edef68",0,0,0,RAT-163,False
923efdedd94912f7a0d09470606225b7f700cc58,"RAT-163: Pulling in Pull Request  #1 from Github.


git-svn-id: https://svn.apache.org/repos/asf/creadur/rat/trunk@1688289 13f79535-47bb-0310-9956-ffa450edef68",150,9127,1,RAT-163,False
8dbd73dc96adceda4da7370e0c2a86950bc5f67a,"RAT-204: Unify resource handling.
* Module apache-rat-tasks
** Replace indexOf() with contains.
** Use IOUtils.closeQuietly in finally blocks.


git-svn-id: https://svn.apache.org/repos/asf/creadur/rat/trunk@1682561 13f79535-47bb-0310-9956-ffa450edef68",3,36,28,RAT-204,False
bde94ec21676e70379e185f869963021e15a7ca8,"RAT-204: Unify resource handling.

* Module: apache-rat-plugin
** AbstractRatMojo: avoid unnecessary null check when logging number of newly added custom licenses.
** Replace indexOf(..) with String.contains() to improve readability of test assertions.
** RatTestHelpers: Fixed possible null access when removing a file recursively.


git-svn-id: https://svn.apache.org/repos/asf/creadur/rat/trunk@1682347 13f79535-47bb-0310-9956-ffa450edef68",5,114,128,RAT-204,False
205caa03ce6701903ac98bd1de6709946a3067bc,"RAT-204: Unify resource handling.

* Module: apache-rat-core
** Use IOUtils.closeQuietly() instead of manual try/finally/if !null - Java7 tryWithResources would ease that even more!
** ClaimAggregator: remove unnecessary (un)boxing of integers.
** DirectoryWalker: Avoid possible null access during comparison if files array is null.
** Inline variables that are initialized just before being returned.
** Refactor test class members to be private
** Remove redundant javadoc elements that are IntelliJ-autogenerated.


git-svn-id: https://svn.apache.org/repos/asf/creadur/rat/trunk@1682341 13f79535-47bb-0310-9956-ffa450edef68",36,245,273,RAT-204,False
7209d1f49f52afa3cb0eaf77624152e6562abd34,"RAT-202: Replace manual creation of temporary files with junit Rule.

* Add constants for XML report elements/attributes.


git-svn-id: https://svn.apache.org/repos/asf/creadur/rat/trunk@1682131 13f79535-47bb-0310-9956-ffa450edef68",2,20,23,RAT-202,False
109b7d64cf3587f89aaf591093e2ccd9e4d9e663,"RAT-202: Reverting IntelliJ induced changes in resource handling.

* Solved the local problem to run tests in apache-rat-core in IntelliJ by
  changing the folder structure locally.
* Now only ant tasks fail (separate mail to dev@).



git-svn-id: https://svn.apache.org/repos/asf/creadur/rat/trunk@1681876 13f79535-47bb-0310-9956-ffa450edef68",2,14,60,RAT-202,False
f19caa7308953bfc74aad5a5b7951ed099840df5,"RAT-203: Renaming classes to License.

* After changing usage inside of the class within the 1st commit,
  the 2nd commit changes the class/file names itself.



git-svn-id: https://svn.apache.org/repos/asf/creadur/rat/trunk@1681655 13f79535-47bb-0310-9956-ffa450edef68",4,16,16,RAT-203,False
1f5031a6675aec59cfec089cefcffada5da6f6b4,"RAT-203: Replace licence by license

* Use license in documentation, javadoc and comments to not confuse users.
* TODO: Rename classes after this commit.
* Deprecated CLI option appendLicence will remain active,
  works like appendLicense.


git-svn-id: https://svn.apache.org/repos/asf/creadur/rat/trunk@1681534 13f79535-47bb-0310-9956-ffa450edef68",17,673,650,RAT-203,False
db4131c8ba28d76a2e44c90c492ede205ba35589,"RAT-202: Make tests run from within IntelliJ

* Apart from loading the resources via Resources.java
  the assertions need to adapt flexibly in case the test
  runs from within IntelliJ
* Working directory differs from IDE thus 'apache-rat-core'
  needs to be added flexibly to expectations.



git-svn-id: https://svn.apache.org/repos/asf/creadur/rat/trunk@1681382 13f79535-47bb-0310-9956-ffa450edef68",1,52,27,RAT-202,False
213af05b4c89961524092dc738cc4160a067d1a4,"RAT-202: Adapt report layout to report results

* Hide paragraphs about number of unapproved files and file contents
  if run was successful.
* In order to make tests run in IntellJ we need to augent the path while
  loading resource (the base path seems to differ between Eclipse and IntelliJ).
* Reformated code, fixed Javadoc.



git-svn-id: https://svn.apache.org/repos/asf/creadur/rat/trunk@1681213 13f79535-47bb-0310-9956-ffa450edef68",6,165,172,RAT-202,False
f6be2432e709a16c75cfa47a9314f2ba2b8397b0,"RAT-201: In case of errors with the given charset fallback to UTF-8.

* In case an invalid encoding is defined via system property we fallback to UTF-8.


git-svn-id: https://svn.apache.org/repos/asf/creadur/rat/trunk@1680958 13f79535-47bb-0310-9956-ffa450edef68",3,25,7,RAT-201,False
60ed2616882b3ad98c4288f2825c1f0d5bda3d1a,"RAT-201: Add SWF to list of binary files.

* Refactored tests and added equalsIgnoreCase to manifest files.


git-svn-id: https://svn.apache.org/repos/asf/creadur/rat/trunk@1680956 13f79535-47bb-0310-9956-ffa450edef68",3,178,185,RAT-201,False
7cc00e3e0a736ea9a8c9279292eaa9b1d224c0c7,"RAT-171: Ensure Buffered reader is closed properly.

* Remove unused variable.


git-svn-id: https://svn.apache.org/repos/asf/creadur/rat/trunk@1680654 13f79535-47bb-0310-9956-ffa450edef68",2,12,7,RAT-171,True
9874f1c5d8c7b3d5e449c25207cf838c90ad93ea,"RAT-179: Make merging configurable for Ant task.

* The ant task can be configured as well and disables the
  license merge if 'addDefaultLicenseMatchers' is set to false.


git-svn-id: https://svn.apache.org/repos/asf/creadur/rat/trunk@1680411 13f79535-47bb-0310-9956-ffa450edef68",1,1,1,RAT-179,True
4fe58057e8d993d32b14af3797fd7f4192428fea,"RAT-179: Tweaking UI/console output.

* Explicitly log that unapproved files were accepted by configuration.
* Use 'license' instead of 'licence'.


git-svn-id: https://svn.apache.org/repos/asf/creadur/rat/trunk@1680405 13f79535-47bb-0310-9956-ffa450edef68",1,11,2,RAT-179,True
fbf6a56e4d7765c3ff4920c6e7850b9c000800e6,"RAT-200: Update to latest ASF17.

* Move pmd-maven-plugin version to management section.
* Unfortunately there is no PMD report in submodule rat-tasks.


git-svn-id: https://svn.apache.org/repos/asf/creadur/rat/trunk@1680392 13f79535-47bb-0310-9956-ffa450edef68",2,11,6,RAT-200,False
07fef8230e23dd98b3998d2d230cc44fc15027c4,"RAT-200: Update to latest ASF parent pom 17.

* Fix javadoc warnings when running with JDK8.



git-svn-id: https://svn.apache.org/repos/asf/creadur/rat/trunk@1680072 13f79535-47bb-0310-9956-ffa450edef68",4,8,8,RAT-200,False
9563083b9627f769bfb0ce522b312ea7ae4e10d0,"RAT-180: Generify RAT report

* Changed format of plain-rat.xsl (wording and spacing).
* Enhanced Resources helper class to be able to load from src/test/resources
  and src/main/resources. Unfortunately resource loading in tests does not
  work from within IntelliJ since it has a different current working directory -
  adapted Resources helper to work from the command line.
* Refactored tests to use Resources-helper to load any test/main resources,
  adapted test expectations.



git-svn-id: https://svn.apache.org/repos/asf/creadur/rat/trunk@1679901 13f79535-47bb-0310-9956-ffa450edef68",7,141,126,RAT-180,True
a033ac94080d28d409a4feff42310b2ec5eb992e,"RAT-179: Add convenience method to extract all available options

* Integrate all available configuration options into static helper method,
  add test and use it RatCheckMojo.


git-svn-id: https://svn.apache.org/repos/asf/creadur/rat/trunk@1679891 13f79535-47bb-0310-9956-ffa450edef68",3,90,70,RAT-179,True
e0633f5e6ff0ffc3541eb9c09d7489e1bbc6e533,"RAT-171: Change contents of ReleaseNotes

* Emphasize that no contents is parsed or checked, but just that each non-comment line is added to the exclusions.



git-svn-id: https://svn.apache.org/repos/asf/creadur/rat/trunk@1674151 13f79535-47bb-0310-9956-ffa450edef68",1,4,2,RAT-171,True
25d23c9387d98027602ebe030294f65b6c15ed6c,"RAT-160: Add build.log to maven default ignores until MINVOKER-190 is solved.



git-svn-id: https://svn.apache.org/repos/asf/creadur/rat/trunk@1673389 13f79535-47bb-0310-9956-ffa450edef68",3,7,3,RAT-160,True
c210f773daef6f5664136ecc6fab127dfb35c6fa,"RAT-171: Enabled SCM parser.

* Augmented RELEASE_NOTES to be more precise.
* Added integration test that contains syntax errors in the ignore file.
* Enabled feature by default after feedback from feature requester/consumer.


git-svn-id: https://svn.apache.org/repos/asf/creadur/rat/trunk@1673261 13f79535-47bb-0310-9956-ffa450edef68",4,9,2,RAT-171,True
de4b89f0146aa38cc53c02e0a5f732db0a5ad8d0,"RAT-171: Add parsing of SCM ignores and enable exclusions in maven runs

* If configuration parameter 'parseSCMIgnoresAsExcludes' is set to true OR
  environment variable 'rat.parseSCMIgnoresAsExcludes' project basedir's SCM ignores are parsed for exclusions.
* Added tests and changed visibility of some helper methods, moved stuff in util packages.
* ExclusionHelper may parse ignore files. Certain comment prefixes are ignored. There's no syntax checking going on.
* Try out with: mvn -U -debug -Drat.parseSCMIgnoresAsExcludes=true


git-svn-id: https://svn.apache.org/repos/asf/creadur/rat/trunk@1672780 13f79535-47bb-0310-9956-ffa450edef68",8,312,78,RAT-171,True
e6dadeadae7404febf484d2d6045118dd484b9e5,"RAT-171: Updating dependency versions

* JUnit
* Compiler- and Release-Plugin



git-svn-id: https://svn.apache.org/repos/asf/creadur/rat/trunk@1672778 13f79535-47bb-0310-9956-ffa450edef68",1,3,3,RAT-171,True
ac10b66092f1de004c8c30b74264b666df623271,"RAT-172: Add note to release notes.

* By default SCM directories and their ignore files are not scanned by RAT. Currently that is:
** SVN
** Git
** Mercurial
** Bazar
** CVS


git-svn-id: https://svn.apache.org/repos/asf/creadur/rat/trunk@1672493 13f79535-47bb-0310-9956-ffa450edef68",2,6,4,RAT-172,False
3d9517401bd728235ed3772182c776cad63490bf,"RAT-197: Improve default exclusions when mvn>=3.3.1 (exclude .mvn).


git-svn-id: https://svn.apache.org/repos/asf/creadur/rat/trunk@1669332 13f79535-47bb-0310-9956-ffa450edef68",3,6,3,RAT-197,False
bf0be6525427bc056fabd23cc08b04289b802fa5,"RAT-198: Upgrade to plexus-utils 3.0.20.


git-svn-id: https://svn.apache.org/repos/asf/creadur/rat/trunk@1669330 13f79535-47bb-0310-9956-ffa450edef68",2,3,1,RAT-198,False
ada933f2e733f38837aa35e1cc0a869b7d48da2a,"RAT-196: Apply minor refactoring to pom.xml
(thanks to Karl Heinz Marbaise)


git-svn-id: https://svn.apache.org/repos/asf/creadur/rat/trunk@1666840 13f79535-47bb-0310-9956-ffa450edef68",3,22,38,RAT-196,False
5344989bef5ba1754ef175bfee6cc7fe5cad05bf,"RAT-195: Fix javadoc error


git-svn-id: https://svn.apache.org/repos/asf/creadur/rat/trunk@1661852 13f79535-47bb-0310-9956-ffa450edef68",1,1,1,RAT-195,False
14e0c60b5a12ccbbcc409b55d859bb15048304a1,"RAT-195: Merged rat-api from GSOC branch.

* Cleaned up mess with pom coordinates of it test projects.
* Enhanced SVN:ignore to not take care of *.iml.
* Activated RAT::API as default module.



git-svn-id: https://svn.apache.org/repos/asf/creadur/rat/trunk@1661803 13f79535-47bb-0310-9956-ffa450edef68",11,698,4,RAT-195,False
e6f3555f5e92e4886f24d378b40ae6a2f1638ca9,"RAT-194: Apply patch given from Jira.

- Thanks to Hervé Boutemy.


git-svn-id: https://svn.apache.org/repos/asf/creadur/rat/trunk@1659945 13f79535-47bb-0310-9956-ffa450edef68",6,11,43,RAT-194,False
53f90b49220c79487860dc81eeaed796d4febe13,"RAT-158: Applying patch to manually exclude xerces from doxia.

- It's unknown how long a doxia-patch will take; added TODO in pom.xml to
  remove it in the future.
- Thanks to Hervé Boutemy.


git-svn-id: https://svn.apache.org/repos/asf/creadur/rat/trunk@1659943 13f79535-47bb-0310-9956-ffa450edef68",3,22,0,RAT-158,True
3292bf18d3c29105d68fe5a3989a960e3e2bd192,"RAT-193 - Take advantage of inheritance from ASF parent version 16

git-svn-id: https://svn.apache.org/repos/asf/creadur/rat/trunk@1658067 13f79535-47bb-0310-9956-ffa450edef68",1,0,6,RAT-193,False
76972ff5549b4dd1375082b8d6522d2d3cce8939,"RAT-193 - Take advantage of inheritance from ASF parent version 16

git-svn-id: https://svn.apache.org/repos/asf/creadur/rat/trunk@1658066 13f79535-47bb-0310-9956-ffa450edef68",1,1,2,RAT-193,False
992ff6d76ce95a4db57166a798e4064263f20b34,"RAT-191 - Upgrade to apache parent version 16

git-svn-id: https://svn.apache.org/repos/asf/creadur/rat/trunk@1658062 13f79535-47bb-0310-9956-ffa450edef68",1,1,1,RAT-191,False
4be0aae0f16b223958d7683c6114d451a0887b16,"RAT-192 - Fixing typo in javadoc
Also fixed some other typos

git-svn-id: https://svn.apache.org/repos/asf/creadur/rat/trunk@1658061 13f79535-47bb-0310-9956-ffa450edef68",1,3,3,RAT-192,False
604bc13ce1e3629919041ff579ce7138e3fe5e0c,"RAT-188 Fix build on Gump with Java8

* Adding patch from Mark Thomas and ReleaseNotes.


git-svn-id: https://svn.apache.org/repos/asf/creadur/rat/trunk@1638419 13f79535-47bb-0310-9956-ffa450edef68",2,11,0,RAT-188,True
ee013c5522e6b10da4224fcf5ee50501faa4048e,"[RAT-61] List files with unapproved licenses in Maven output

git-svn-id: https://svn.apache.org/repos/asf/creadur/rat/trunk@1636753 13f79535-47bb-0310-9956-ffa450edef68",6,120,59,RAT-61,False
f8ad7c3fbe99ebdfac1056cb49f98f5f5d573610,"[RAT-185] - .repository folder should be ignored

git-svn-id: https://svn.apache.org/repos/asf/creadur/rat/trunk@1636706 13f79535-47bb-0310-9956-ffa450edef68",3,5,3,RAT-185,True
f8836764a0db380488248dd07bd038a24f6a3db7,"[RAT-187] Add 'SAR', 'HAR', 'WSR' as archives which should be ignored.

git-svn-id: https://svn.apache.org/repos/asf/creadur/rat/trunk@1636696 13f79535-47bb-0310-9956-ffa450edef68",3,10,0,RAT-187,False
f5b34c39cd0e427de1231aeac3a25c4cfeac4c8f,"[RAT-181,RAT-184,RAT-186] Add unit tests

git-svn-id: https://svn.apache.org/repos/asf/creadur/rat/trunk@1636685 13f79535-47bb-0310-9956-ffa450edef68",2,8,0,RAT-181,False
ffe6facef2cc5579e22c1b759026d0edeefb70c3,"[RAT-186] BinaryGuesser should recognize PSD files as images

git-svn-id: https://svn.apache.org/repos/asf/creadur/rat/trunk@1636676 13f79535-47bb-0310-9956-ffa450edef68",2,2,0,RAT-186,False
9d173ceac3881e2e370c19968f30b05e9f1209f4,"RAT-184

* Change type of issue to improvement.



git-svn-id: https://svn.apache.org/repos/asf/creadur/rat/trunk@1636421 13f79535-47bb-0310-9956-ffa450edef68",1,1,0,RAT-184,False
4fa7181d141a79b31775b607041f0d2f4071b158,"RAT-184

* Adding release note.



git-svn-id: https://svn.apache.org/repos/asf/creadur/rat/trunk@1636420 13f79535-47bb-0310-9956-ffa450edef68",1,2,0,RAT-184,False
957582be176b97cc658102561e2a665db673ba8f,"RAT-184

* Applied patch from Karl Heinz Marbaise to add DEPENDENCIES to the list of Note files.



git-svn-id: https://svn.apache.org/repos/asf/creadur/rat/trunk@1636419 13f79535-47bb-0310-9956-ffa450edef68",1,2,1,RAT-184,False
1119e7973438a0d1ba86ab347a2612829909cfbb,"RAT-174

* Augment release notes.


git-svn-id: https://svn.apache.org/repos/asf/creadur/rat/trunk@1629370 13f79535-47bb-0310-9956-ffa450edef68",1,2,0,RAT-174,True
b149e00f00b356625271d791f471b304ccd96af5,"RAT-181 BinaryGuesser should treat *.truststore as binary

git-svn-id: https://svn.apache.org/repos/asf/creadur/rat/trunk@1629333 13f79535-47bb-0310-9956-ffa450edef68",2,2,1,RAT-181,False
0caaa46d3fcf31138f18ff02ba6324ef4bfcd12d,"RAT-174

* Applied patch worked locally with JDK8 and maven 3.2.3 but failed on Jenkins -
  removed @Override.


git-svn-id: https://svn.apache.org/repos/asf/creadur/rat/trunk@1629324 13f79535-47bb-0310-9956-ffa450edef68",1,0,3,RAT-174,True
c2acbb8369848f56c5705177612490bb06590dbc,"RAT-174 CDDL still too slow

* Applied patch from Chris Burroughs to replace Pattern-Matchers with basic String operations. Let's see if CDDL-users complain, but restore performance.



git-svn-id: https://svn.apache.org/repos/asf/creadur/rat/trunk@1629321 13f79535-47bb-0310-9956-ffa450edef68",1,33,19,RAT-174,True
e64900bacd3b1a61f0aeaeb627abd7c942f5635b,"RAT-177 - final arrays should be private

git-svn-id: https://svn.apache.org/repos/asf/creadur/rat/trunk@1625401 13f79535-47bb-0310-9956-ffa450edef68",3,14,9,RAT-177,True
8a5227242c79237ae8abd506f1f0e9cf514c8d40,"RAT-177 Converted arrays to list

* Converted array elements into an unmodifiable collection.
* Using lists instead of arrays to ease copy/addAll().



git-svn-id: https://svn.apache.org/repos/asf/creadur/rat/trunk@1625380 13f79535-47bb-0310-9956-ffa450edef68",5,68,70,RAT-177,True
75f092e2bb634c008cbde0f308b30ab5c0f2520b,"RAT-175 - SourceCodeManagementSystems.hasIgnoreFile() should return boolean

git-svn-id: https://svn.apache.org/repos/asf/creadur/rat/trunk@1625239 13f79535-47bb-0310-9956-ffa450edef68",2,3,2,RAT-175,True
0965d3f23785f54431e63a78699f418ff23ef0b1,"RAT-173 Skip reports as well

* Applying patch from Chris Burroughs - thanks.
* LHF: Adding release notes snippets.



git-svn-id: https://svn.apache.org/repos/asf/creadur/rat/trunk@1624390 13f79535-47bb-0310-9956-ffa450edef68",4,19,9,RAT-173,True
8a230ed351d5d5a7eb0d39f25c29b2fbc0340e7d,"RAT-167 Add links to Jenkins builds

* Since only one build can be referenced, all Jenkins builds are added in comments.


git-svn-id: https://svn.apache.org/repos/asf/creadur/rat/trunk@1623169 13f79535-47bb-0310-9956-ffa450edef68",1,3,0,RAT-167,False
74239a7298031e50eea54c5e4de1cf096350373d,"[RAT-170] RAT should use itself during build and site generation
- Add a Rat report to the generated site. Had to move the configuration for Rat plugin to pluginManagement so that it can be shared under both build and reporting.

git-svn-id: https://svn.apache.org/repos/asf/creadur/rat/trunk@1622920 13f79535-47bb-0310-9956-ffa450edef68",5,69,90,RAT-170,False
efc1cb54588cd87cc80f7c9ac5fc4e7b86970184,"[RAT-170] RAT should use itself during build and site generation
- Move the Rat execution from a profile and into the normal build. This way Rat is always run when we build Rat, so that we can detect problems early.

git-svn-id: https://svn.apache.org/repos/asf/creadur/rat/trunk@1622908 13f79535-47bb-0310-9956-ffa450edef68",5,102,144,RAT-170,False
24386bfe904418295fd910a6da0816ea9d8e810f,"RAT-172: Filter source code management system directories and ignore files

* Extracted information about revision control systems into an enum SourceCodeManagementSystems with tests.
* Use these SCM information when generating RAT plugin's default excludes.
* Refactored Exclusions to be Sets instead of Lists to prevent a slow RAT run on many duplicate exclusions.
* Introduced mockito and unit tests.
* ExclusionHelperTest verifies that behaviour; AbstractRatMojo is cleaner now to only encapsulate mvn related stuff.



git-svn-id: https://svn.apache.org/repos/asf/creadur/rat/trunk@1621645 13f79535-47bb-0310-9956-ffa450edef68",9,435,164,RAT-172,False
d9185ed58370b409bd296bd499d9e321adee593b,"RAT-168:

Reverting patch since there is a NPE during rat:rat on 0.11-RC2.



git-svn-id: https://svn.apache.org/repos/asf/creadur/rat/trunk@1618753 13f79535-47bb-0310-9956-ffa450edef68",1,1,1,RAT-168,True
7aa2c7c94f4b5462c9ba83a245b56081bba39c59,"[RAT-168] Add integration test for apache-rat:rat to catch NPE
Use the correct annotation for this kind of @Parameter. The ""property"" option is used for parameters that can be set from the command line as a system property using -D, but this parameter is read only so we should not use that. Instead we want the parameter to have a default value injected with the current project. The IT (it4_RAT-168) that was added for this issue still passes with this change.

git-svn-id: https://svn.apache.org/repos/asf/creadur/rat/trunk@1618026 13f79535-47bb-0310-9956-ffa450edef68",1,1,1,RAT-168,True
ee4be4461b3e7e8f14c5351055ab3ce78f6cbaaa,"[RAT-169] IT tests it2 and it3 don't appear to be run
These tests are really run during unit testing, but their placement in the directory structure is misleading. Move them to test/resources/unit to make it more obvious that they are resources used during unit testing.

git-svn-id: https://svn.apache.org/repos/asf/creadur/rat/trunk@1618014 13f79535-47bb-0310-9956-ffa450edef68",6,1,1,RAT-169,True
f2776b7a39095066bf83c61dae22af8e6aef7370,"RAT-168 Tests don't check CLI usage
Parallel unit test is not needed/used

git-svn-id: https://svn.apache.org/repos/asf/creadur/rat/trunk@1617307 13f79535-47bb-0310-9956-ffa450edef68",1,0,36,RAT-168,True
8e7c1e1e5173675eb86831466c51ed9b2d59d97e,"RAT-168 Tests don't check CLI usage
Added basic test to check rat goal

git-svn-id: https://svn.apache.org/repos/asf/creadur/rat/trunk@1617255 13f79535-47bb-0310-9956-ffa450edef68",4,120,0,RAT-168,True
26f9b6d962937236935d594cbcfeb09969a90d54,"RAT-168 Check CLI usage
https://issues.apache.org/jira/browse/RAT-168

-Removed old way of integrating the project that was wrong and yielded null values during project run.
-LHF: added javadocs.



git-svn-id: https://svn.apache.org/repos/asf/creadur/rat/trunk@1617215 13f79535-47bb-0310-9956-ffa450edef68",1,2,3,RAT-168,True
dc9a6ef93014a09d276eace7edfd609c63ae251a,"RAT-168 Tests don't check CLI usage

-Ensuring that project itself and its list of remote ArtifactRepos are notNull in integration tests.


git-svn-id: https://svn.apache.org/repos/asf/creadur/rat/trunk@1617205 13f79535-47bb-0310-9956-ffa450edef68",1,3,0,RAT-168,True
0baab1392fbad3232918eb9345984c7d1eead188,"RAT-144: AbstractRatMojo String constant arrays should be private
https://issues.apache.org/jira/browse/RAT-144

-Refactored arrays into unmodifiable lists and reduced visibility of all default excludes.
-Added simple test to ensure size of constant lists.



git-svn-id: https://svn.apache.org/repos/asf/creadur/rat/trunk@1614759 13f79535-47bb-0310-9956-ffa450edef68",1,16,0,RAT-144,True
f6d3a723ba87a18d07134108c340e118aab360df,"RAT-144: AbstractRatMojo String constant arrays should be private
https://issues.apache.org/jira/browse/RAT-144

-Refactored arrays into unmodifiable lists and reduced visibility of all default excludes.



git-svn-id: https://svn.apache.org/repos/asf/creadur/rat/trunk@1614758 13f79535-47bb-0310-9956-ffa450edef68",1,453,463,RAT-144,True
9f120aa48e3d5cbcb83a216060f38b790d3c67e8,"RAT-136: Upgrade commons-lang to latest commons-lang3
https://issues.apache.org/jira/browse/RAT-136

-Upgraded to most current commons-lang3:3.3.2, optimized imports, added release notes and new package structure.



git-svn-id: https://svn.apache.org/repos/asf/creadur/rat/trunk@1614756 13f79535-47bb-0310-9956-ffa450edef68",6,511,526,RAT-136,False
ac950308d5be8ef1c78ff876534553a720c35598,"RAT-165: https://issues.apache.org/jira/browse/RAT-165
Added new system property rat.skip:boolean to be able to skip plugin execution.

Added last days commits to RELEASE_NOTES for 0.11-SNAPSHOT and in webpage templates (no rebuild triggered):
 - changed webpage's year to 2014
 - integrated mvn default goal in Quick start
 - fixed dozens of JavaDoc problems with Java8's javadoc that made maven-site-plugin:3.3 fail.
 - Updated to maven-plugin-tools-javadoc, maven-plugin-plugin 3.3 (from 3.2) in the process of getting a solution for https://jira.codehaus.org/browse/MPLUGIN-237

Minor refactorings
 - to reduce amount of deprecation warnings: use org.junit.Assert instead of junit.framework.Assert
 - add String constants
 - removed [WARNING] Deprecated @component for project field in org.apache.rat.mp.RatReportMojo/RatCheckMojo.: replace with @parameter name=""${project}"" @readonly in abstract super class
 - removed unnecessary public keywords in some interfaces



git-svn-id: https://svn.apache.org/repos/asf/creadur/rat/trunk@1613829 13f79535-47bb-0310-9956-ffa450edef68",29,220,124,RAT-165,False
02607d5a73afd96bc8ee8d5ee0c3878343af90fd,"RAT-148:
Integrated patch from Chris A. Mattmann, added inlining of MetaData extraction.


git-svn-id: https://svn.apache.org/repos/asf/creadur/rat/trunk@1612959 13f79535-47bb-0310-9956-ffa450edef68",1,1,3,RAT-148,True
4663a058affd55bb0eff1042fe3bbcb662492ef9,"RAT-162:
Integrated patch from Andrew Gaul, reorganized imports.


git-svn-id: https://svn.apache.org/repos/asf/creadur/rat/trunk@1612957 13f79535-47bb-0310-9956-ffa450edef68",1,8,25,RAT-162,True
ca271db92a367d60f0f95e18234883458899e01e,"RAT-165:
Added default goal in order to just launch mvn in CLI instead of mvn clean install.


git-svn-id: https://svn.apache.org/repos/asf/creadur/rat/trunk@1612714 13f79535-47bb-0310-9956-ffa450edef68",1,1,0,RAT-165,False
378376d7247b572cad489a4a17bf868489801fee,"[RAT-159] Detect OpenOffice documents as being archives

git-svn-id: https://svn.apache.org/repos/asf/creadur/rat/trunk@1585578 13f79535-47bb-0310-9956-ffa450edef68",2,15,1,RAT-159,True
95c0c4cd7832869b190c9205e22ce57240e7a3b3,"[RAT-155][RAT-156] Fix tests

git-svn-id: https://svn.apache.org/repos/asf/creadur/rat/trunk@1545797 13f79535-47bb-0310-9956-ffa450edef68",1,45,18,RAT-155,True
565bdaf90d51b01ec1f7eca06e52a1c81518b108,"[RAT-156] Add some symmetry when applying license headers to files with file type specific headers.

git-svn-id: https://svn.apache.org/repos/asf/creadur/rat/trunk@1545788 13f79535-47bb-0310-9956-ffa450edef68",1,3,0,RAT-156,True
080dbdc5b0eca4130dfdb991a4301b1c82ee291d,"[RAT-155] Do not add empty first and last lines in the license header for certain families.

git-svn-id: https://svn.apache.org/repos/asf/creadur/rat/trunk@1545785 13f79535-47bb-0310-9956-ffa450edef68",1,0,12,RAT-155,True
6acdb0543361c280910c7e44abc749c19857dbd0,"[RAT-135] addLicenseHeaders is missing a space on license header.

git-svn-id: https://svn.apache.org/repos/asf/creadur/rat/trunk@1545782 13f79535-47bb-0310-9956-ffa450edef68",1,1,1,RAT-135,True
17494dc25d8e620e7013a72ac5027e7d9b540577,"[RAT-154] Indentation of the license header should be decided per family.

git-svn-id: https://svn.apache.org/repos/asf/creadur/rat/trunk@1545780 13f79535-47bb-0310-9956-ffa450edef68",1,5,8,RAT-154,True
2e481bccee7df79a10c3b8cc6ad902e7834cc8aa,"[RAT-153] Do not add extra empty lines when appending headers for the Apache License.

git-svn-id: https://svn.apache.org/repos/asf/creadur/rat/trunk@1545775 13f79535-47bb-0310-9956-ffa450edef68",1,0,4,RAT-153,True
26f8a116bea5b3088b673eebc464c26f793eb337,"[RAT-152] Recognize the format for .bsh, .fml and .jsp file types.

git-svn-id: https://svn.apache.org/repos/asf/creadur/rat/trunk@1545772 13f79535-47bb-0310-9956-ffa450edef68",1,8,1,RAT-152,True
fb2ccb9bd398e4362a67d5a501531dc598b3fcbc,"[RAT-151] Detect more archive file formats

git-svn-id: https://svn.apache.org/repos/asf/creadur/rat/trunk@1545767 13f79535-47bb-0310-9956-ffa450edef68",1,2,0,RAT-151,True
d38253f731c02dc63807b0b66ae554d866c2bb9c,"RAT-145 - Maven plugin should not run in the ""verify"" phase, but in the ""validate"" phase

git-svn-id: https://svn.apache.org/repos/asf/creadur/rat/trunk@1505508 13f79535-47bb-0310-9956-ffa450edef68",2,2,1,RAT-145,True
2be288015c0c4633f9c9652a5642f7918210d8c8,"RAT-129 - Add support for CDDL 1.0

git-svn-id: https://svn.apache.org/repos/asf/creadur/rat/trunk@1505488 13f79535-47bb-0310-9956-ffa450edef68",7,203,1,RAT-129,False
a59a614d1a0f9374dfe95b9250432a482ad6eb7e,"RAT-137 Website shows incorrect Maven goals in some pages

git-svn-id: https://svn.apache.org/repos/asf/creadur/rat/trunk@1484568 13f79535-47bb-0310-9956-ffa450edef68",1,1,1,RAT-137,True
594ad20179039218577fda01dae56b156f137956,"RAT-137 Website shows incorrect Maven goals in some pages

git-svn-id: https://svn.apache.org/repos/asf/creadur/rat/trunk@1484565 13f79535-47bb-0310-9956-ffa450edef68",3,8,8,RAT-137,True
0caedcced6e21dd8be15d15baef503c44d256a2b,"RAT-128 Use the proper name for Apache License

git-svn-id: https://svn.apache.org/repos/asf/creadur/rat/trunk@1484559 13f79535-47bb-0310-9956-ffa450edef68",14,21,21,RAT-128,True
9b6d7b70850b8a8cfacc1eb33c2ad1ea80b46033,"RAT-128 Use the proper name for Apache License

git-svn-id: https://svn.apache.org/repos/asf/creadur/rat/trunk@1484549 13f79535-47bb-0310-9956-ffa450edef68",1,3,3,RAT-128,True
b7004292cfe832f7bb713d400b6f714c4f00f05a,"RAT-128 Use the proper name for Apache License

git-svn-id: https://svn.apache.org/repos/asf/creadur/rat/trunk@1484543 13f79535-47bb-0310-9956-ffa450edef68",2,2,2,RAT-128,True
4120a86251df72b3e619a33cbfbc4e64f397d2d9,"RAT-138 RAT runs very slowly on some input
Fix AppliedApacheSoftwareLicense

git-svn-id: https://svn.apache.org/repos/asf/creadur/rat/trunk@1484335 13f79535-47bb-0310-9956-ffa450edef68",5,5599,12,RAT-138,True
3686d11e3d4c05176ab85dae862686501bba3d86,"RAT-138 RAT runs very slowly on some input
Ensure buffer only grows sufficiently large to allow a match
Speeds up processing considerably

git-svn-id: https://svn.apache.org/repos/asf/creadur/rat/trunk@1484209 13f79535-47bb-0310-9956-ffa450edef68",1,48,6,RAT-138,True
56407299e9f8415a90607e175ad600996c6f8be8,"RAT-140 OASISLicense allows invalid Copyright line

git-svn-id: https://svn.apache.org/repos/asf/creadur/rat/trunk@1484206 13f79535-47bb-0310-9956-ffa450edef68",1,1,1,RAT-140,True
0514714bb66f3ad678f097c47298bf44b5552033,"RAT-138 RAT runs very slowly on some input
Use String matching rather than building patterns
This improves performance somewhat, but is still inefficient

git-svn-id: https://svn.apache.org/repos/asf/creadur/rat/trunk@1484131 13f79535-47bb-0310-9956-ffa450edef68",1,9,7,RAT-138,True
f632983169f5349f0efbbcf7665a5bcb2d77616c,"RAT-139 FullTextMatchingLicense.prune uses inefficient deleteAtChar
Moved prune to BaseLicense class

git-svn-id: https://svn.apache.org/repos/asf/creadur/rat/trunk@1484129 13f79535-47bb-0310-9956-ffa450edef68",3,13,24,RAT-139,False
720c2433b15f1cc88af5d3480dd565683ce45eb1,"RAT-138 RAT runs very slowly on some input
Use String matching by default rather than building patterns

git-svn-id: https://svn.apache.org/repos/asf/creadur/rat/trunk@1484128 13f79535-47bb-0310-9956-ffa450edef68",1,48,30,RAT-138,True
27b458746df628272fdaf24154e5940aa65e87eb,"RAT-126 log information about included resources.

git-svn-id: https://svn.apache.org/repos/asf/creadur/rat/trunk@1450960 13f79535-47bb-0310-9956-ffa450edef68",1,14,0,RAT-126,True
26e46eaa73b7043ffc15ee963679c62bb0438771,"RAT-126 Improve debugging messages. Thanks to Bernd Eckenfels for suggestions in https://issues.apache.org/jira/browse/RAT-126

git-svn-id: https://svn.apache.org/repos/asf/creadur/rat/trunk@1450955 13f79535-47bb-0310-9956-ffa450edef68",1,16,1,RAT-126,True
8188ecc37c01a03b670d51fe0ec92561730d7a24,"RAT-126 added more detailed debugging, improving diagnostics for https://issues.apache.org/jira/browse/RAT-126

git-svn-id: https://svn.apache.org/repos/asf/creadur/rat/trunk@1450431 13f79535-47bb-0310-9956-ffa450edef68",1,99,35,RAT-126,True
f387adb2a02f3d13178ac86b0d4982a160a6cabe,"RAT-127 applied https://issues.apache.org/jira/browse/RAT-127. Many thanks to Bernd Eckenfels for his contribution.

git-svn-id: https://svn.apache.org/repos/asf/creadur/rat/trunk@1450389 13f79535-47bb-0310-9956-ffa450edef68",2,23,5,RAT-127,False
990e0b91c1d13ee4540ba345920674a7fa2081eb,"RAT-125 Applied https://issues.apache.org/jira/browse/RAT-125, adding a new class of license representing the Apache Software License as usually applied outside the ASF. Thanks to Ate Douma for the patch.

git-svn-id: https://svn.apache.org/repos/asf/creadur/rat/trunk@1447920 13f79535-47bb-0310-9956-ffa450edef68",4,365,0,RAT-125,False
65974762390e92592a2707fd1fa0fdd58738a1cf,"RAT-123 improve documentation for core module

git-svn-id: https://svn.apache.org/repos/asf/creadur/rat/trunk@1406802 13f79535-47bb-0310-9956-ffa450edef68",1,25,0,RAT-123,True
d9892886c787827d25f19fed2350819cefaccd4b,"RAT-123 Outlined an approach

git-svn-id: https://svn.apache.org/repos/asf/creadur/rat/trunk@1406282 13f79535-47bb-0310-9956-ffa450edef68",2,38,26,RAT-123,True
fc6927088346d0d178b76da48ccd17392b956a7c,"RAT-123 starting to outline new documentation for core

git-svn-id: https://svn.apache.org/repos/asf/creadur/rat/trunk@1405964 13f79535-47bb-0310-9956-ffa450edef68",1,11,32,RAT-123,True
4a6a536a905b0decc2306f943026f842f9bb0f64,"[RAT-116] Docs don't say what the default excludes are

git-svn-id: https://svn.apache.org/repos/asf/creadur/rat/trunk@1405598 13f79535-47bb-0310-9956-ffa450edef68",1,13,8,RAT-116,True
da67565e281d4a0bf558edef7607e48e24ba2860,"[RAT-124] Rat plugin should exclude the configuration directory used by IDEA

git-svn-id: https://svn.apache.org/repos/asf/creadur/rat/trunk@1405594 13f79535-47bb-0310-9956-ffa450edef68",1,2,2,RAT-124,True
5356c858971d8eddaca15a391a62f7e769ee9cc3,"[RAT-78] Support doxia 1.1.2

- This also required a new minimum Maven version of 2.2.1

git-svn-id: https://svn.apache.org/repos/asf/creadur/rat/trunk@1396207 13f79535-47bb-0310-9956-ffa450edef68",3,5,11,RAT-78,False
e12dd418b37323343b69f915ec89d4ece2407d3d,"RAT-122 Maven Plugin: field to ignore errors and continue the build; RAT-121 use maven java5 annotations for maven plugins; RAT-120 fix some maven warning and upgrade some dependencies. Many thanks to Olivier Lamy

git-svn-id: https://svn.apache.org/repos/asf/creadur/rat/trunk@1391861 13f79535-47bb-0310-9956-ffa450edef68",8,139,94,RAT-122,True
91e55e49689cf581fc466f87bdcf1a82a8be27cd,"[RAT-119] Upgrade Maven prerequisite to 2.0.6

git-svn-id: https://svn.apache.org/repos/asf/creadur/rat/trunk@1389108 13f79535-47bb-0310-9956-ffa450edef68",1,1,1,RAT-119,False
237112053279f57ec1a5b717c603117c45c97004,"RAT-114 Improve compatibility with m2e, the Maven plugin for Eclipse which imports projects based on pom data.

git-svn-id: https://svn.apache.org/repos/asf/creadur/main/trunk@1337951 13f79535-47bb-0310-9956-ffa450edef68",2,61,0,RAT-114,True
cde61f1c02f6cd3bb5a4cd548b8953db6fff3802,"RAT-65 - updated plugin versions to fix site build issues

git-svn-id: https://svn.apache.org/repos/asf/incubator/rat/main/trunk@907372 13f79535-47bb-0310-9956-ffa450edef68",1,14,8,RAT-65,False
283ac5f8b54eee73addea4208a2ecda3c3a460d6,"RAT-64 applied site patch

git-svn-id: https://svn.apache.org/repos/asf/incubator/rat/main/trunk@906756 13f79535-47bb-0310-9956-ffa450edef68",6,70,10,RAT-64,True
7613f28690b4ece127c10229ed91df00ee430881,"RAT-65
1) get rid of using /src/main/java for a resource folder. I found only one file that would be affected (package.html) and moved it to src/main/resources
2) scm info duplicated in module poms...this will be inherited from the parent module
3) use apache parent v6 to pull in latest apache config
4) moved plugin versions to pluginManagement
5) specified proper groups for plugins (assuming org.apache.maven.plugins is deprecated in maven3)

git-svn-id: https://svn.apache.org/repos/asf/incubator/rat/main/trunk@906754 13f79535-47bb-0310-9956-ffa450edef68",6,79,76,RAT-65,False
715d27fa646ff8ff37241c9665534e6e89a67e33,"RAT-30 Added support for rdf Thanks to Ross Gardler. https://issues.apache.org/jira/browse/RAT-30

git-svn-id: https://svn.apache.org/repos/asf/incubator/rat/main/trunk@882291 13f79535-47bb-0310-9956-ffa450edef68",2,3,1,RAT-30,False
e7c7b2c620fe80c4be24489ad3dfe9a650a18c16,"RAT-30 Improvements to (self-) documentation Thanks to Ross Gardler. https://issues.apache.org/jira/browse/RAT-30

git-svn-id: https://svn.apache.org/repos/asf/incubator/rat/main/trunk@882289 13f79535-47bb-0310-9956-ffa450edef68",2,36,2,RAT-30,False
6873a245965f9c5f2e7785dd9113fab91bc40b3d,"RAT-68  Add support for Python, C, & script files (.bat & .sh) Thanks to Niall Pemberton https://issues.apache.org/jira/browse/RAT-68

git-svn-id: https://svn.apache.org/repos/asf/incubator/rat/main/trunk@882281 13f79535-47bb-0310-9956-ffa450edef68",1,70,9,RAT-68,False
15ddafefa99a1ef0090ee9f08805f8d9bc1c04f6,"RAT-56 Support Commons IO file filter wildcards https://issues.apache.org/jira/browse/RAT-56

git-svn-id: https://svn.apache.org/repos/asf/incubator/rat/main/trunk@785376 13f79535-47bb-0310-9956-ffa450edef68",2,109,61,RAT-56,False
b26ca0e84529f9e4c9d510906ceb00d123487705,"RAT-2 Switch to using FilenameFilter to ignore input files https://issues.apache.org/jira/browse/RAT-2

git-svn-id: https://svn.apache.org/repos/asf/incubator/rat/main/trunk@785349 13f79535-47bb-0310-9956-ffa450edef68",2,59,15,RAT-2,False
e63cd3fcb683a474c760765190c4e884b4956baa,"RAT-2 Correct indentation https://issues.apache.org/jira/browse/RAT-2

git-svn-id: https://svn.apache.org/repos/asf/incubator/rat/main/trunk@785348 13f79535-47bb-0310-9956-ffa450edef68",1,126,126,RAT-2,False
9cd8fb7aedc08266975f0e56b308aa71229071f8,"RAT-53 Separate reports from analysis. https://issues.apache.org/jira/browse/RAT-53

git-svn-id: https://svn.apache.org/repos/asf/incubator/rat/main/trunk@777698 13f79535-47bb-0310-9956-ffa450edef68",8,10,15,RAT-53,False
b7164e4fae2f706155f98f66b92028de4041b1ab,"RAT-53 No longer any need to pass reporter through. https://issues.apache.org/jira/browse/RAT-53

git-svn-id: https://svn.apache.org/repos/asf/incubator/rat/main/trunk@777693 13f79535-47bb-0310-9956-ffa450edef68",7,21,32,RAT-53,False
d828fba8df743b332e9abf188ee4aeaa3fc5167e,"RAT-53 HeaderMatchers shouldn't need reporters any more. https://issues.apache.org/jira/browse/RAT-53

git-svn-id: https://svn.apache.org/repos/asf/incubator/rat/main/trunk@777691 13f79535-47bb-0310-9956-ffa450edef68",22,50,65,RAT-53,False
3187d9ef4a243cc316f33ca276186595fb48afc5,"RAT-53 Repackaged and renamed key classes. https://issues.apache.org/jira/browse/RAT-53

git-svn-id: https://svn.apache.org/repos/asf/incubator/rat/main/trunk@777689 13f79535-47bb-0310-9956-ffa450edef68",59,233,225,RAT-53,False
0bdf84ece18a8e55cfb876f31fd418b94349cb2d,"RAT-53 Remove IClaim. https://issues.apache.org/jira/browse/RAT-53

git-svn-id: https://svn.apache.org/repos/asf/incubator/rat/main/trunk@777682 13f79535-47bb-0310-9956-ffa450edef68",8,0,90,RAT-53,False
45df5e235adf86cd747d3d28fe5a367c1a5def8b,"RAT-53 Remove CustomClaim. IClaim is going, and any replacement for this function is likely to be differnt. https://issues.apache.org/jira/browse/RAT-53

git-svn-id: https://svn.apache.org/repos/asf/incubator/rat/main/trunk@777679 13f79535-47bb-0310-9956-ffa450edef68",8,4,274,RAT-53,False
f11d86a7755e843084f2e36ef13d8f31ebdfe495,"RAT-53 Document categorisation (was file type) now stored in meta data. https://issues.apache.org/jira/browse/RAT-53

git-svn-id: https://svn.apache.org/repos/asf/incubator/rat/main/trunk@777673 13f79535-47bb-0310-9956-ffa450edef68",17,133,245,RAT-53,False
f41e05cced5f23f3292f1441163f8398a2149a20,"RAT-53 License approval now stored in meta data. https://issues.apache.org/jira/browse/RAT-53

git-svn-id: https://svn.apache.org/repos/asf/incubator/rat/main/trunk@777642 13f79535-47bb-0310-9956-ffa450edef68",8,81,87,RAT-53,False
3a5ca944213f2084e0bbf1bfc08f1f41dfed6389,"RAT-53 License family name now stored in meta data. https://issues.apache.org/jira/browse/RAT-53

git-svn-id: https://svn.apache.org/repos/asf/incubator/rat/main/trunk@777588 13f79535-47bb-0310-9956-ffa450edef68",27,154,220,RAT-53,False
26da6a76afb362c186d8a85b729fc838c60ecce9,"RAT-53 License family category now stored in meta data. https://issues.apache.org/jira/browse/RAT-53

git-svn-id: https://svn.apache.org/repos/asf/incubator/rat/main/trunk@777537 13f79535-47bb-0310-9956-ffa450edef68",15,38,106,RAT-53,False
0587763b5bb19ebe76c09ab4d2e723659cfbb093,"RAT-53 Removed LicenseHeaderClaim. https://issues.apache.org/jira/browse/RAT-53

git-svn-id: https://svn.apache.org/repos/asf/incubator/rat/main/trunk@777497 13f79535-47bb-0310-9956-ffa450edef68",11,64,55,RAT-53,False
2097af8c72482ec6fc27bca1ec40e497df341cfd,"RAT-53 Switched generation heuristics to use MetaData. https://issues.apache.org/jira/browse/RAT-53

git-svn-id: https://svn.apache.org/repos/asf/incubator/rat/main/trunk@777483 13f79535-47bb-0310-9956-ffa450edef68",4,18,14,RAT-53,False
e2bc776171bb56002247725025e7660a2d4c5219,"RAT-53 Store sample header in MetaData. https://issues.apache.org/jira/browse/RAT-53

git-svn-id: https://svn.apache.org/repos/asf/incubator/rat/main/trunk@777475 13f79535-47bb-0310-9956-ffa450edef68",9,74,39,RAT-53,False
fcb86f2ed30cdfeb351972be0fa4c1f7e2ad4396,"RAT-53 Consolidate license names. https://issues.apache.org/jira/browse/RAT-53

git-svn-id: https://svn.apache.org/repos/asf/incubator/rat/main/trunk@777452 13f79535-47bb-0310-9956-ffa450edef68",17,77,69,RAT-53,False
ca8d262d2d770e58f6a18fc6bf14d0df0c14ac31,"RAT-53 Simplify by eliminated unnecessary class. https://issues.apache.org/jira/browse/RAT-53

git-svn-id: https://svn.apache.org/repos/asf/incubator/rat/main/trunk@777444 13f79535-47bb-0310-9956-ffa450edef68",11,39,61,RAT-53,False
9564a7f8209095fae26b1131559c2f6df4ef03fc,"RAT-53 Revise reporter interface to allow migration away from claims. https://issues.apache.org/jira/browse/RAT-53

git-svn-id: https://svn.apache.org/repos/asf/incubator/rat/main/trunk@777440 13f79535-47bb-0310-9956-ffa450edef68",10,69,23,RAT-53,False
d2d8cccafc8dd3f4df10ca539aa9b3e3519867fd,"RAT-53 Start moving away from IClaim. https://issues.apache.org/jira/browse/RAT-53

git-svn-id: https://svn.apache.org/repos/asf/incubator/rat/main/trunk@777436 13f79535-47bb-0310-9956-ffa450edef68",5,18,59,RAT-53,False
94e7db7abb66f75c16201227a578c70a25c63e3c,"RAT-53 Remove unnecessary interface. https://issues.apache.org/jira/browse/RAT-53

git-svn-id: https://svn.apache.org/repos/asf/incubator/rat/main/trunk@777428 13f79535-47bb-0310-9956-ffa450edef68",9,0,452,RAT-53,False
6046d2bb62898d1ea9aac7329d36cee3201ecec2,"RAT-53 Simplify default analyser. https://issues.apache.org/jira/browse/RAT-53

git-svn-id: https://svn.apache.org/repos/asf/incubator/rat/main/trunk@777410 13f79535-47bb-0310-9956-ffa450edef68",12,207,150,RAT-53,False
d40179d3af67786ce84640c3d4b0587907591037,"RAT-53 Don't display archive readability. Will revise handling of archives later, probably to use commons compress. https://issues.apache.org/jira/browse/RAT-53

git-svn-id: https://svn.apache.org/repos/asf/incubator/rat/main/trunk@777404 13f79535-47bb-0310-9956-ffa450edef68",2,4,5,RAT-53,False
e9ca730710435e4c8238110fa68b01b0e7725df5,"RAT-53 Allow namespace typed meta-data. Will replace claims. https://issues.apache.org/jira/browse/RAT-53

git-svn-id: https://svn.apache.org/repos/asf/incubator/rat/main/trunk@777261 13f79535-47bb-0310-9956-ffa450edef68",1,109,0,RAT-53,False
c3ef0e59add11772d4949a6c8d393b86a81ef06b,"RAT-53 First draft of interface. https://issues.apache.org/jira/browse/RAT-53

git-svn-id: https://svn.apache.org/repos/asf/incubator/rat/main/trunk@777238 13f79535-47bb-0310-9956-ffa450edef68",1,37,0,RAT-53,False
60a442b3cfed6d284337f31ac74b222830124027,"RAT-53 Move ContentType and MetaData into api package. https://issues.apache.org/jira/browse/RAT-53

git-svn-id: https://svn.apache.org/repos/asf/incubator/rat/main/trunk@777235 13f79535-47bb-0310-9956-ffa450edef68",10,30,6,RAT-53,False
15d745788810adfa6f4a202fbc72065099d53eb1,"RAT-53 Switch towards InputStream. Don't have heuristics for encoding so really Reader isn't appropraite. Plus, that's what's needed for mime magic. https://issues.apache.org/jira/browse/RAT-53

git-svn-id: https://svn.apache.org/repos/asf/incubator/rat/main/trunk@777231 13f79535-47bb-0310-9956-ffa450edef68",7,45,2,RAT-53,False
a6f70d49aa3926f01ae4f4600124524db3e44c99,"RAT-53 Add content type to document https://issues.apache.org/jira/browse/RAT-53

git-svn-id: https://svn.apache.org/repos/asf/incubator/rat/main/trunk@776731 13f79535-47bb-0310-9956-ffa450edef68",9,171,2,RAT-53,False
5c6341544408466da63d2bc201b08e5ba25dda80,"RAT-52 Merge https://svn.apache.org/repos/asf/incubator/rat/main/branches/rat-output-semantics/ into trunk https://issues.apache.org/jira/browse/RAT-52

git-svn-id: https://svn.apache.org/repos/asf/incubator/rat/main/trunk@773312 13f79535-47bb-0310-9956-ffa450edef68",77,1205,762,RAT-52,False
5813c9780610939851d3b8fcf49c93a038d1ad78,"RAT-30 Optionally add licence headers to those currently without one, https://issues.apache.org/jira/browse/RAT-30. Contributed by Ross Gardler.

git-svn-id: https://svn.apache.org/repos/asf/incubator/rat/main/trunk/rat@674347 13f79535-47bb-0310-9956-ffa450edef68",1,3,2,RAT-30,False
f3fc26ad04f005b385ed90f880ecc2c44575f1d4,"RAT-30 Optionally add licence headers to those currently without one, https://issues.apache.org/jira/browse/RAT-30. Contributed by Ross Gardler.

git-svn-id: https://svn.apache.org/repos/asf/incubator/rat/main/trunk@674347 13f79535-47bb-0310-9956-ffa450edef68",1,3,2,RAT-30,False
9ef9ebeb5d5f592892359c751b84c82912502f0c,"RAT-30 Optionally add licence headers to those currently without one, https://issues.apache.org/jira/browse/RAT-30. Contributed by Ross Gardler.

git-svn-id: https://svn.apache.org/repos/asf/incubator/rat/main/trunk/rat@674346 13f79535-47bb-0310-9956-ffa450edef68",5,671,19,RAT-30,False
e5209d2c45b5ef1042e9e67fd2803873a174be06,"RAT-30 Optionally add licence headers to those currently without one, https://issues.apache.org/jira/browse/RAT-30. Contributed by Ross Gardler.

git-svn-id: https://svn.apache.org/repos/asf/incubator/rat/main/trunk@674346 13f79535-47bb-0310-9956-ffa450edef68",5,671,19,RAT-30,False
62aa6c597581302a0e539e7247781a741542bf8e,"RAT-12 Incorrect SCM info in maven plugin pom, https://issues.apache.org/jira/browse/RAT-12. Thanks to Ross Gardler for the contribution.

git-svn-id: https://svn.apache.org/repos/asf/incubator/rat/main/trunk@660269 13f79535-47bb-0310-9956-ffa450edef68",1,4,4,RAT-12,True
12e9a56db12e29d89fe4f8f5b6c21a0af24e5a42,"RAT-10 A few Javadoc comments. See https://issues.apache.org/jira/browse/RAT-10. Thanks to Ross Gardler.

git-svn-id: https://svn.apache.org/repos/asf/incubator/rat/main/trunk/rat@657511 13f79535-47bb-0310-9956-ffa450edef68",3,95,4,RAT-10,False
3c91a43b6c16c8c609e68937d174d6cd783e5719,"RAT-10 A few Javadoc comments. See https://issues.apache.org/jira/browse/RAT-10. Thanks to Ross Gardler.

git-svn-id: https://svn.apache.org/repos/asf/incubator/rat/main/trunk@657511 13f79535-47bb-0310-9956-ffa450edef68",3,95,4,RAT-10,False
c8d9bf6d7d78e88d420237c425c84ded65b3c679,"RAT-9 A more informative website. See https://issues.apache.org/jira/browse/RAT-9. Thanks to Ross Gardler.

git-svn-id: https://svn.apache.org/repos/asf/incubator/rat/main/trunk/rat@657506 13f79535-47bb-0310-9956-ffa450edef68",5,187,0,RAT-9,False
5a657174091baea11311304e8c77c024e55ee079,"RAT-9 A more informative website. See https://issues.apache.org/jira/browse/RAT-9. Thanks to Ross Gardler.

git-svn-id: https://svn.apache.org/repos/asf/incubator/rat/main/trunk@657506 13f79535-47bb-0310-9956-ffa450edef68",5,187,0,RAT-9,False
